ticker,date,sentiment_score,uncertainty_score,sentiment_score_qa,uncertainty_score_qa
CTAS,2020-09-23,0.10268,0.003653,0.254599,0.010467
CTAS,2021-03-17,0.098815,0.004764,0.193426,0.012924
CTAS,2021-07-15,0.291419,0.003672,0.235106,0.007227
CTAS,2018-03-22,0.247897,0.00789,0.25296,0.013002
CTAS,2019-12-17,0.295937,0.005896,0.231796,0.009121
CTAS,2020-03-19,0.318681,0.005284,-0.048104,0.010377
CTAS,2020-12-22,0.134942,0.006024,0.144521,0.010939
CTAS,2019-03-21,0.051226,0.004843,0.090037,0.008448
CTAS,2019-07-16,0.23034,0.007317,0.259861,0.00676
CTAS,2020-07-23,-0.002372,0.00558,0.152869,0.009673
CTAS,2018-07-19,0.400085,0.006817,0.212237,0.00766
CTAS,2021-09-29,0.309492,0.006983,0.241191,0.008944
CTAS,2021-12-22,0.371579,0.005686,0.354965,0.00891
WELL,2020-02-13,0.352806,0.006259,0.107176,0.008716
WELL,2021-04-29,0.366327,0.009048,0.05713,0.008365
WELL,2022-05-11,0.2944,0.006583,0.120472,0.007963
WELL,2020-10-29,-0.018081,0.006045,-0.005126,0.007321
WELL,2020-05-07,0.029359,0.011165,-0.009703,0.012962
WELL,2021-02-10,0.110776,0.00605,0.050388,0.007261
WELL,2019-04-30,0.428305,0.010417,0.090528,0.006024
WELL,2021-07-30,0.432774,0.009965,0.061675,0.008445
WELL,2020-08-06,0.000776,0.007045,-0.006581,0.009312
WELL,2019-10-29,0.39916,0.008618,0.140399,0.005625
WELL,2022-02-16,0.367089,0.005278,0.032108,0.007885
WELL,2022-08-10,0.286487,0.007929,0.017215,0.004509
WELL,2021-11-05,0.301,0.005832,0.053669,0.007136
WELL,2019-02-12,0.505533,0.00803,0.155944,0.007151
WELL,2018-10-30,0.530078,0.007603,0.064102,0.008701
VZ,2019-08-01,0.095121,0.003364,0.309706,0.006163
VZ,2021-01-26,0.325414,0.005054,0.28194,0.00712
VZ,2017-01-23,0.276,0.005592,0.227445,0.007104
VZ,2019-04-23,0.282971,0.003754,0.224669,0.005846
VZ,2021-10-20,0.543719,0.004146,0.245551,0.004977
VZ,2018-10-23,0.242245,0.003405,0.280174,0.006956
VZ,2019-01-29,0.339522,0.004295,0.312596,0.005443
VZ,2020-01-30,0.189021,0.003643,0.16762,0.005479
VZ,2020-04-24,0.108296,0.005604,0.14034,0.006816
VZ,2021-04-21,0.483522,0.005577,0.28937,0.004958
VZ,2018-07-24,0.350567,0.002952,0.223454,0.003659
VZ,2019-10-25,0.189261,0.002609,0.240541,0.005689
VZ,2020-10-21,0.339593,0.004587,0.240645,0.004881
VZ,2021-07-21,0.526814,0.007014,0.225224,0.004657
VZ,2020-07-24,0.188459,0.006284,0.20523,0.005005
VZ,2018-04-24,0.275356,0.004318,0.280239,0.004814
CYRX,2020-03-05,0.28005,0.014412,0.104994,0.007132
CYRX,2019-05-02,0.282946,0.012731,0.22064,0.012219
CYRX,2019-03-07,0.053394,0.021956,0.122723,0.010624
CYRX,2019-11-07,0.296722,0.017978,0.223,0.005583
CYRX,2020-05-07,0.263082,0.013664,0.153162,0.008659
CYRX,2019-08-08,0.400693,0.012897,0.189063,0.008
CYRX,2021-11-04,0.34195,0.016827,0.236449,0.008685
CTMX,2022-08-04,0.415894,0.012575,0.217169,0.013171
CTMX,2021-08-06,0.363376,0.00786,0.174437,0.004396
CTMX,2019-11-07,0.288441,0.005967,0.173932,0.010084
CTMX,2019-05-09,0.449889,0.007712,0.123718,0.008244
CTMX,2019-08-07,0.266109,0.009029,0.142698,0.009474
CTMX,2020-11-05,0.378026,0.007222,0.209834,0.009665
CTMX,2020-05-07,0.384219,0.005197,0.112231,0.011301
CTMX,2020-08-06,0.424409,0.006689,0.157681,0.012969
CTMX,2021-02-24,0.374435,0.014469,0.170978,0.009128
CTMX,2022-03-01,0.454676,0.010813,0.164553,0.008922
CTMX,2021-05-07,0.285584,0.012129,0.248714,0.008218
CTMX,2021-11-04,0.399348,0.012941,0.220593,0.006676
CTMX,2022-05-05,0.50615,0.008329,0.15244,0.008215
CTMX,2020-02-27,0.327492,0.008621,0.131956,0.012785
AFCG,2021-08-05,0.295915,0.012166,0.196096,0.011709
AFCG,2021-11-04,0.273056,0.010252,0.137705,0.010082
AMZN,2018-10-25,-0.166626,0.031332,0.255634,0.006595
AMZN,2024-02-01,0.515008,0.006159,0.274643,0.007823
AMZN,2021-04-29,0.392283,0.012744,0.378863,0.006171
AMZN,2019-07-25,-0.041528,0.035135,0.260618,0.007094
AMZN,2018-04-26,-0.178568,0.031662,0.247351,0.006441
AMZN,2022-02-03,0.345926,0.008976,0.247532,0.007165
AMZN,2020-07-30,0.5198,0.014103,0.206235,0.010487
AMZN,2020-10-29,0.43556,0.011772,0.287049,0.008086
AMZN,2023-10-26,0.46426,0.006155,0.246286,0.005651
AMZN,2024-08-01,0.469246,0.007291,0.188058,0.004956
AMZN,2018-07-26,-0.118361,0.03125,0.302648,0.006466
AMZN,2019-04-25,-0.062742,0.032911,0.177185,0.006601
AMZN,2020-04-30,0.180592,0.013616,0.193218,0.009804
AMZN,2021-07-29,0.37432,0.01,0.286302,0.006887
AMZN,2019-10-24,-0.158466,0.033248,0.237209,0.005554
AMZN,2020-01-30,-0.114267,0.032432,0.236529,0.005351
AMZN,2023-02-02,0.25538,0.013052,0.191958,0.008297
AMZN,2022-07-28,0.228676,0.013768,0.154177,0.005325
AMZN,2023-04-27,0.246235,0.012156,0.201115,0.006294
AMZN,2022-10-27,0.42031,0.013022,0.037399,0.005793
AMZN,2023-08-03,0.384804,0.006381,0.209254,0.004556
AMZN,2021-10-28,0.194761,0.009747,0.251988,0.004667
AMZN,2021-02-02,0.4357,0.011721,0.168351,0.006543
AMZN,2018-02-01,-0.126386,0.030738,0.27346,0.006942
AMZN,2018-01-31,-0.138215,0.03125,0.257161,0.006054
AMZN,2022-04-28,0.11939,0.014493,0.200008,0.00749
AMZN,2024-04-30,0.457021,0.00623,0.294061,0.006863
CELH,2019-11-07,0.396253,0.004277,0.309108,0.006315
CELH,2020-05-12,0.547483,0.005882,0.289918,0.00742
CELH,2019-03-14,0.408137,0.005157,0.313479,0.006998
FARM,2019-02-11,0.083503,0.007314,0.10945,0.00479
FARM,2019-11-07,0.111825,0.005051,0.239448,0.004044
FARM,2019-09-10,0.114371,0.005,-0.051202,0.004727
FARM,2020-05-07,0.042092,0.006203,0.083821,0.006565
FARM,2019-05-07,-0.191187,0.007136,0.284121,0.00237
FARM,2018-09-11,0.457754,0.008935,0.113454,0.005768
AEYE,2021-08-11,0.374404,0.006041,0.269584,0.007366
AEYE,2021-05-13,0.514938,0.005181,0.42423,0.006989
AEYE,2021-03-11,0.413798,0.005372,0.266739,0.007547
CMCO,2020-02-04,0.231369,0.008323,0.112133,0.008733
CMCO,2020-07-30,0.02737,0.011472,0.181414,0.009183
CMCO,2019-05-29,0.37807,0.00837,0.315237,0.006423
CMCO,2020-10-29,0.153882,0.010333,0.196405,0.010413
CMCO,2019-11-07,0.284539,0.007047,0.057013,0.005122
CMCO,2019-01-31,0.31048,0.009795,0.182232,0.008299
CMCO,2020-05-27,0.280392,0.006925,0.137403,0.012001
CMCO,2021-07-30,0.572222,0.006767,0.26838,0.005473
CMCO,2019-07-30,0.321567,0.00854,0.176883,0.007077
CMCO,2021-10-28,0.547065,0.009492,0.241026,0.009726
CMCO,2021-01-28,0.16634,0.009147,0.229563,0.009509
CMCO,2021-05-26,0.100496,0.009694,0.204622,0.009278
CNP,2017-11-03,0.288432,0.009524,0.151864,0.008556
CNP,2019-11-07,0.34914,0.015245,0.158005,0.010659
CNP,2019-05-09,0.070755,0.014857,0.11248,0.012221
CNP,2019-08-07,0.455315,0.013872,0.114319,0.011387
CNP,2018-08-03,0.256765,0.009642,0.171548,0.009353
CNP,2020-11-05,0.456065,0.00681,0.18616,0.005851
CNP,2020-05-07,0.228971,0.019458,0.142988,0.009118
CNP,2021-02-25,0.49948,0.008507,0.136268,0.010566
CNP,2020-08-06,0.251648,0.01331,0.202348,0.009217
CNP,2018-11-01,0.244342,0.012899,0.152072,0.013428
CNP,2021-08-05,0.510035,0.007018,0.250537,0.004792
CNP,2021-11-04,0.548089,0.013346,0.153327,0.009983
CNP,2019-02-28,0.204065,0.013966,0.168143,0.014398
CNP,2021-05-06,0.478991,0.008916,0.226405,0.011231
CNP,2020-02-27,0.375632,0.014904,0.173806,0.009543
ECPG,2019-02-27,0.51213,0.005745,0.160701,0.01113
ECPG,2021-05-05,0.476165,0.009206,0.019236,0.010972
ECPG,2019-08-07,0.429681,0.007716,0.183596,0.006844
ECPG,2019-05-08,0.606224,0.007636,0.134772,0.00725
ECPG,2019-11-06,0.590187,0.005287,0.14401,0.011794
ECPG,2020-05-11,0.099544,0.00709,0.044704,0.012093
ECPG,2021-11-03,0.364444,0.005521,0.074742,0.008215
ECPG,2021-02-24,0.351298,0.008535,0.082588,0.010646
ECPG,2020-02-26,0.616534,0.005892,0.077472,0.008567
ECPG,2021-08-04,0.531588,0.006594,0.019482,0.009991
RCL,2018-10-25,0.342,0.008658,0.212327,0.007862
RCL,2023-02-07,0.590445,0.004898,0.300731,0.007721
RCL,2024-04-25,0.696695,0.00386,0.332824,0.008699
RCL,2020-05-20,0.160797,0.006759,0.155797,0.009399
RCL,2020-02-04,0.407402,0.00559,0.120273,0.010243
RCL,2024-02-01,0.721561,0.003746,0.289961,0.007073
RCL,2021-04-29,0.371904,0.006836,0.200574,0.007306
RCL,2019-07-25,0.527273,0.006227,0.264435,0.006607
RCL,2020-10-29,0.242522,0.006969,0.149672,0.009457
RCL,2023-10-26,0.680862,0.004129,0.319139,0.007378
RCL,2022-02-04,0.617285,0.007566,0.21276,0.008083
RCL,2024-07-25,0.661664,0.0057,0.292292,0.007738
RCL,2019-10-30,0.386457,0.007332,0.212993,0.009381
RCL,2023-05-04,0.633121,0.003859,0.306239,0.006502
RCL,2022-11-03,0.578315,0.004449,0.231526,0.008198
RCL,2019-01-30,0.631286,0.007444,0.279974,0.009544
RCL,2020-08-10,0.049273,0.004429,0.178914,0.010024
RCL,2022-07-28,0.552139,0.003936,0.301869,0.005007
RCL,2019-05-01,0.428565,0.00845,0.226013,0.009112
RCL,2021-10-29,0.39781,0.007483,0.256267,0.007308
RCL,2023-07-27,0.708905,0.00444,0.346327,0.008966
RCL,2021-08-04,0.339073,0.006352,0.191956,0.006012
RCL,2021-02-22,0.274603,0.006699,0.215503,0.008291
RCL,2022-05-05,0.578536,0.003023,0.283845,0.007193
AUDC,2021-10-26,0.350945,0.006708,0.218223,0.010642
AUDC,2021-01-26,0.374687,0.006383,0.181763,0.01019
AUDC,2020-01-28,0.354977,0.004555,0.262208,0.008018
AUDC,2020-04-27,0.362846,0.005492,0.15294,0.010536
AUDC,2018-10-23,0.283102,0.01118,0.351039,0.008046
AUDC,2019-04-30,0.452555,0.004849,0.162377,0.006501
AUDC,2020-10-27,0.222331,0.005661,0.100102,0.010662
AUDC,2021-07-27,0.301186,0.005319,0.15877,0.006272
AUDC,2019-01-28,0.412332,0.004364,0.243076,0.009524
AUDC,2019-10-29,0.459889,0.004135,0.17827,0.007921
AUDC,2020-07-28,0.238945,0.005518,0.14549,0.011189
AUDC,2021-04-27,0.38275,0.004114,0.183112,0.008957
CAT,2020-07-31,-0.321421,0.006638,0.087235,0.009278
CAT,2018-10-23,0.466739,0.006075,0.195535,0.005057
CAT,2020-10-27,-0.083305,0.004332,0.132068,0.010549
CAT,2020-04-28,-0.08934,0.006606,0.016398,0.013149
TFC,2019-04-18,0.155094,0.004491,0.190489,0.007343
TFC,2019-01-17,0.349919,0.004767,0.193291,0.010856
TFC,2021-07-15,0.326847,0.007242,0.230723,0.010395
TFC,2019-10-17,0.126642,0.005815,0.149318,0.009954
TFC,2020-04-20,0.233481,0.010929,0.086884,0.01115
TFC,2019-07-18,0.387919,0.004278,0.077422,0.011171
TFC,2018-10-18,0.310008,0.002391,0.163832,0.011168
TFC,2021-04-15,0.145478,0.007534,0.196156,0.011592
TFC,2020-01-30,0.204305,0.005442,0.117106,0.00774
TFC,2021-10-15,0.337783,0.008252,0.155055,0.010493
AAPL,2021-01-27,0.5114,0.006726,0.20684,0.009154
AAPL,2021-04-28,0.511871,0.007467,0.228902,0.006829
AAPL,2018-02-02,0.590235,0.004856,0.064425,0.010072
AAPL,2020-07-30,0.513026,0.005272,0.184341,0.009782
AAPL,2020-10-29,0.520298,0.004044,0.219793,0.005741
AAPL,2020-01-28,0.507446,0.002482,0.157906,0.006371
AAPL,2019-10-30,0.514935,0.005313,0.191202,0.011117
AAPL,2018-07-31,0.587714,0.004388,0.217281,0.010807
AAPL,2020-04-30,0.290381,0.005339,0.081616,0.008677
AAPL,2018-05-01,0.521606,0.007092,0.133582,0.011081
AAPL,2019-01-29,0.223343,0.005447,0.113249,0.00937
AAPL,2019-04-30,0.375327,0.003009,0.187204,0.008367
AAPL,2021-07-27,0.505717,0.005803,0.218333,0.009005
AAPL,2023-02-02,0.190771,0.004814,0.198299,0.005079
AAPL,2022-07-28,0.388648,0.00783,0.014161,0.010769
AAPL,2018-11-01,0.531688,0.004551,0.087953,0.007832
AAPL,2019-07-30,0.508888,0.002693,0.16126,0.004358
AAPL,2022-10-27,0.443123,0.005174,0.109196,0.010334
AAPL,2021-10-28,0.51096,0.005098,0.106037,0.007647
AAPL,2022-01-27,0.357714,0.005639,0.244983,0.009624
AAPL,2022-04-28,0.405283,0.007304,0.119072,0.008443
PANW,2020-02-24,0.350827,0.007407,0.193594,0.006294
PANW,2018-11-29,0.36896,0.005862,0.241341,0.00782
PANW,2020-05-21,0.472972,0.006977,0.191831,0.008294
PANW,2019-05-29,0.363888,0.006803,0.217118,0.005314
PANW,2018-07-27,0.42254,0.011104,0.274797,0.007815
PANW,2019-09-04,0.216367,0.006899,0.08795,0.007987
PANW,2018-02-26,0.368438,0.009386,0.221404,0.006543
PANW,2019-11-25,0.349512,0.007966,0.202591,0.008945
PANW,2017-11-20,0.465321,0.005013,0.253343,0.007827
PANW,2018-09-06,0.242853,0.007231,0.255879,0.005072
PANW,2018-10-26,0.424647,0.004158,0.145718,0.011091
CVGI,2019-11-07,0.246757,0.0119,0.164886,0.0123
CVGI,2021-03-10,0.595961,0.008299,0.110622,0.005682
CVGI,2020-11-09,0.001682,0.007826,0.155152,0.002928
CVGI,2020-03-17,-0.224105,0.012722,0.212809,0.00533
CVGI,2019-05-07,0.335308,0.009346,0.226381,0.014042
CVGI,2019-08-09,0.276227,0.01116,0.08975,0.012609
CVGI,2021-11-03,0.306313,0.008515,-0.039702,0.005997
CVGI,2020-08-10,-0.004608,0.004918,0.139549,0.005032
CVGI,2021-05-06,0.500205,0.007727,0.147549,0.007539
CVGI,2020-05-19,-0.089372,0.007238,0.124647,0.009169
CVGI,2021-08-04,0.515483,0.006298,0.197342,0.005996
ARRY,2021-08-11,0.232374,0.00612,0.149315,0.008954
ARRY,2021-11-11,0.13372,0.010346,0.175179,0.012754
ARRY,2021-03-09,0.312783,0.009713,0.138809,0.008413
ARRY,2021-05-11,0.122655,0.009818,0.114115,0.009661
PM,2019-04-18,0.360425,0.018141,0.243721,0.0087
PM,2020-04-21,0.118475,0.010695,0.056258,0.011218
PM,2019-02-07,0.290563,0.014199,0.209958,0.007119
PM,2019-10-17,0.200524,0.017506,0.143491,0.007699
PM,2020-07-21,0.311068,0.008531,0.167134,0.011228
PM,2019-07-18,0.400436,0.018625,0.206849,0.00691
PM,2018-10-18,0.265464,0.012537,0.163705,0.00873
PM,2021-04-20,0.554433,0.006495,0.236763,0.00921
PM,2021-10-19,0.608516,0.006365,0.142154,0.015128
PM,2021-02-04,0.548881,0.007313,0.153961,0.01185
PM,2018-07-19,0.24721,0.01528,0.265767,0.007507
PM,2021-07-20,0.631351,0.006558,0.259986,0.010187
PM,2020-02-06,0.40056,0.010222,0.23127,0.006931
PM,2020-10-20,0.528996,0.00699,0.149638,0.010735
KHC,2020-02-13,0.239374,0.006943,0.101105,0.004655
KHC,2021-04-29,0.329097,0.011547,0.229542,0.007246
KHC,2021-10-27,0.310567,0.006961,0.333169,0.005189
KHC,2021-02-11,0.036362,0.023474,0.265145,0.007104
KHC,2019-02-21,0.367067,0.005585,0.138759,0.00822
KHC,2018-08-03,0.508379,0.008496,0.211402,0.00617
KHC,2019-10-31,0.256928,0.006171,0.117711,0.007166
KHC,2019-08-08,0.167253,0.009116,0.151499,0.010582
KHC,2018-11-01,0.2845,0.006028,0.190244,0.009878
KHC,2018-02-16,0.351865,0.006603,0.234578,0.007411
KHC,2021-08-04,0.486141,0.005792,0.260793,0.009846
TEL,2021-01-27,0.507131,0.006787,0.128849,0.009609
TEL,2019-07-24,-0.16256,0.002983,0.070828,0.005753
TEL,2021-10-27,0.480812,0.006697,0.149258,0.006751
TEL,2021-07-28,0.613878,0.006858,0.105352,0.009103
TEL,2019-04-24,0.243359,0.002724,0.21176,0.006866
TEL,2019-10-30,-0.207963,0.003783,0.050365,0.007771
TEL,2020-01-29,-0.108291,0.003115,0.074661,0.006237
TEL,2020-10-28,-0.028178,0.009041,0.058581,0.009156
TEL,2021-04-21,0.435726,0.005097,0.10734,0.008501
TEL,2020-04-28,-0.203703,0.008899,0.104503,0.006636
TEL,2018-10-31,0.38474,0.002706,0.098997,0.007886
TEL,2019-01-23,-0.159851,0.005972,0.043093,0.010759
TEL,2020-07-29,0.21892,0.008777,0.156584,0.006445
DENN,2021-05-04,0.106025,0.013134,0.176486,0.009426
DENN,2021-02-16,0.128999,0.01374,0.09204,0.00979
DENN,2019-04-30,0.322548,0.012863,-0.014445,0.009091
DENN,2021-08-03,0.311926,0.01663,0.180572,0.010217
DENN,2020-10-27,0.034654,0.013581,0.102648,0.009831
DENN,2021-11-02,0.417483,0.014687,0.152992,0.008501
DENN,2019-10-29,0.310382,0.011198,0.102266,0.007095
DENN,2019-07-30,0.436949,0.011894,0.106683,0.008465
DENN,2020-05-14,-0.058097,0.009073,0.109534,0.011063
DENN,2020-07-28,-0.037624,0.011074,-0.015842,0.010086
DENN,2020-02-11,0.29789,0.013556,0.148375,0.006249
DENN,2019-02-12,0.380881,0.011277,0.161775,0.009469
CGC,2022-11-09,0.424694,0.004688,0.23314,0.005952
CGC,2022-05-27,0.452886,0.004662,0.206742,0.00672
CGC,2021-08-06,0.333873,0.003655,0.307936,0.004601
CGC,2020-02-14,0.366161,0.007391,0.148264,0.007302
CGC,2018-11-14,0.174617,0.005825,0.084366,0.010008
CGC,2018-08-15,0.311095,0.006871,0.131989,0.008971
CGC,2020-11-09,0.480895,0.002646,0.292628,0.006818
CGC,2022-02-09,0.224772,0.004542,0.177831,0.005967
CGC,2023-06-22,0.271066,0.005225,0.182088,0.006687
CGC,2023-11-09,0.188372,0.005903,0.273291,0.005639
CGC,2023-08-09,0.301482,0.004462,0.255946,0.009276
CGC,2021-02-09,0.57327,0.006389,0.311862,0.010442
CGC,2020-08-10,0.294768,0.005071,0.272626,0.008919
CGC,2024-02-09,0.487081,0.003822,0.272938,0.006455
CGC,2020-05-29,0.273854,0.005884,0.241853,0.006029
CGC,2019-08-15,0.353179,0.003905,0.215715,0.006087
CGC,2024-05-30,0.484873,0.006394,0.292039,0.005337
CGC,2023-02-09,0.068995,0.005854,0.203078,0.008225
CGC,2021-11-05,0.282483,0.003494,0.274862,0.006291
CGC,2021-06-01,0.483297,0.003868,0.218964,0.007373
CGC,2019-11-14,0.155131,0.005518,0.120638,0.007104
CGC,2024-08-09,0.312116,0.002583,0.201257,0.00745
CMCSA,2018-01-24,0.63295,0.004463,0.239483,0.006632
CMCSA,2021-04-29,0.460003,0.004278,0.325633,0.005639
CMCSA,2019-07-25,0.597364,0.004173,0.261644,0.006158
CMCSA,2020-01-23,0.483931,0.003834,0.238689,0.005564
CMCSA,2020-07-30,0.216391,0.00334,0.194722,0.005344
CMCSA,2020-10-29,0.220048,0.006322,0.203997,0.006337
CMCSA,2020-04-30,-0.035022,0.007716,0.121187,0.005256
CMCSA,2021-07-29,0.51549,0.004032,0.253461,0.005386
CMCSA,2019-10-24,0.287393,0.00305,0.23207,0.004583
CMCSA,2018-04-25,0.526882,0.004447,0.221976,0.006795
CMCSA,2019-01-23,0.723655,0.003831,0.266975,0.006138
CMCSA,2021-10-28,0.500673,0.001874,0.216468,0.004854
CMCSA,2021-01-28,0.220685,0.003766,0.252418,0.007457
CSWI,2020-05-20,0.310586,0.003988,0.078654,0.006549
CSWI,2020-02-04,0.561174,0.006466,0.228917,0.003824
CSWI,2019-05-22,0.578552,0.0051,0.207079,0.006263
CSWI,2020-08-03,0.191868,0.00833,0.13896,0.007266
CSWI,2019-11-05,0.434269,0.006719,0.058186,0.008915
CSWI,2021-02-05,0.372704,0.005488,0.242424,0.009456
CSWI,2021-11-03,0.383815,0.007852,0.017886,0.008264
CSWI,2020-10-30,0.314506,0.008394,0.125492,0.00945
CSWI,2021-05-20,0.411797,0.007931,0.371311,0.006603
CSWI,2019-08-08,0.590003,0.00669,0.246348,0.00647
CSWI,2021-08-04,0.286686,0.004587,0.302396,0.006971
CLPT,2022-05-11,0.442056,0.01354,0.067151,0.010209
CLPT,2022-08-09,0.362464,0.007277,0.170096,0.009626
CLPT,2021-08-10,0.412465,0.009423,0.240985,0.007479
CLPT,2022-03-01,0.429861,0.010625,0.185141,0.008119
CLPT,2021-11-09,0.419709,0.009346,0.238533,0.013132
CLPT,2021-05-11,0.501498,0.009291,0.128077,0.009582
DOMO,2023-03-06,0.176227,0.006437,0.194427,0.006866
DOMO,2020-09-03,0.461413,0.006148,0.268351,0.007153
DOMO,2022-05-26,0.391366,0.006577,0.204197,0.005791
DOMO,2021-08-26,0.476465,0.009709,0.281476,0.007263
DOMO,2022-08-25,0.366186,0.008875,0.162288,0.006163
DOMO,2023-05-25,0.383783,0.007501,0.206896,0.004024
DOMO,2024-03-07,0.44466,0.006993,0.156443,0.007796
DOMO,2022-12-08,0.296532,0.00583,0.155334,0.008313
DOMO,2024-05-23,0.203368,0.007153,0.145479,0.00589
DOMO,2021-03-11,0.547483,0.004312,0.252076,0.004697
DOMO,2020-12-03,0.38418,0.005689,0.306235,0.006389
DOMO,2023-11-30,0.390058,0.003825,0.193034,0.009609
DOMO,2023-08-24,0.291414,0.00918,0.181884,0.003753
DOMO,2019-09-05,0.343876,0.007771,0.126489,0.006182
DOMO,2021-05-27,0.511345,0.005212,0.235209,0.006002
DOMO,2022-03-01,0.384065,0.005603,0.279246,0.004684
DOMO,2019-12-05,0.441056,0.009408,0.328713,0.007251
DOMO,2019-03-13,0.479322,0.009298,0.252157,0.005654
DOMO,2021-12-02,0.474716,0.005153,0.176904,0.006875
DOMO,2020-03-10,0.389379,0.008138,0.162274,0.007014
DOMO,2019-06-06,0.332571,0.005289,0.226094,0.00646
DOMO,2024-08-29,0.369922,0.009177,0.187182,0.003493
AXTI,2021-04-28,0.404939,0.011023,0.156302,0.008323
AXTI,2021-10-27,0.300365,0.010092,0.174624,0.007052
AXTI,2021-07-27,0.428052,0.011783,0.267946,0.005559
AXTI,2022-07-28,0.340699,0.00712,0.153131,0.012021
AXTI,2018-10-31,0.224634,0.011284,-0.047645,0.007989
AXTI,2022-02-16,0.461832,0.010392,0.252518,0.010896
AXTI,2021-02-18,0.451941,0.011349,0.245887,0.008059
AXTI,2022-04-28,0.295694,0.010259,0.224092,0.008708
DADA,2021-09-07,0.527817,0.004004,0.330026,0.005811
DADA,2022-08-22,0.652304,0.002095,0.325704,0.004686
DADA,2022-05-16,0.592831,0.002266,0.32143,0.010712
DADA,2022-03-08,0.554486,0.004183,0.37443,0.006396
DADA,2021-06-07,0.593914,0.004135,0.360699,0.007304
DADA,2021-11-23,0.576462,0.003714,0.378017,0.005503
DADA,2021-03-08,0.492359,0.004079,0.341786,0.005666
ANET,2019-08-01,0.28285,0.010384,0.139948,0.007924
ANET,2022-02-14,0.420659,0.012621,0.211915,0.009109
ANET,2020-11-02,0.303412,0.00978,0.166251,0.008022
ANET,2019-05-02,0.007224,0.012714,0.135273,0.007638
ANET,2021-05-04,0.271591,0.011041,0.208397,0.00769
ANET,2020-02-13,0.083234,0.011672,0.070546,0.009637
ANET,2021-11-01,0.304736,0.011686,0.206064,0.008748
ANET,2023-10-30,0.191856,0.010848,0.196693,0.006879
ANET,2020-08-04,-0.052496,0.015136,0.177366,0.007129
ANET,2018-08-02,0.236255,0.008564,0.142889,0.008254
ANET,2019-10-31,0.074648,0.016243,0.051479,0.010955
ANET,2024-02-12,0.413084,0.011966,0.188066,0.005987
ANET,2022-05-02,0.316772,0.016441,0.132889,0.011939
ANET,2021-08-02,0.337217,0.011933,0.151682,0.008195
ANET,2024-07-30,0.330175,0.008342,0.189578,0.00944
ANET,2020-05-05,-0.088032,0.016725,0.153864,0.00993
ANET,2018-11-01,0.377031,0.010382,0.204514,0.008452
ANET,2022-08-01,0.28165,0.011514,0.134017,0.010717
ANET,2019-02-14,0.380824,0.011226,0.2143,0.010827
ANET,2018-05-03,0.122603,0.011364,0.128394,0.006778
ANET,2023-05-01,0.200486,0.009872,0.154641,0.008324
ANET,2023-02-13,0.40113,0.008982,0.137586,0.007479
ANET,2022-10-31,0.227577,0.010922,0.131403,0.012142
ANET,2024-05-07,0.170557,0.009143,0.161104,0.00871
ANET,2023-07-31,0.201131,0.01015,0.200476,0.009656
ANET,2021-02-18,0.302799,0.013209,0.201714,0.010444
BRO,2021-10-26,0.545819,0.013948,0.141331,0.012494
BRO,2021-01-26,0.405311,0.012336,0.137159,0.011895
BRO,2019-04-23,0.208117,0.013703,0.050644,0.013868
BRO,2020-01-28,0.183543,0.012497,0.060532,0.012432
BRO,2018-10-23,0.193927,0.011621,0.069326,0.01022
BRO,2019-07-23,0.280497,0.010309,0.074198,0.012178
BRO,2019-01-29,-0.154385,0.012903,0.101722,0.010682
BRO,2020-10-27,0.359404,0.011335,0.052682,0.016207
BRO,2021-07-27,0.539625,0.012865,0.14323,0.010319
BRO,2020-04-28,0.236323,0.017715,0.050476,0.015851
BRO,2019-10-29,0.198402,0.012843,0.124182,0.013861
BRO,2020-07-28,0.100247,0.015506,0.025474,0.017024
BRO,2021-04-27,0.482975,0.014194,0.181321,0.015015
CAH,2018-11-08,0.478244,0.006607,0.134314,0.008771
CAH,2019-02-07,0.470942,0.007598,0.136151,0.012964
CAH,2019-11-07,0.442995,0.006823,0.055714,0.011675
CAH,2019-05-09,0.438896,0.003824,0.086431,0.008622
CAH,2020-11-05,0.42488,0.008457,0.186881,0.009339
CAH,2020-05-11,0.298026,0.007664,0.118833,0.008742
CAH,2021-02-05,0.328967,0.005331,0.129474,0.007
CAH,2020-08-06,0.270518,0.012152,0.078049,0.012101
CAH,2019-08-08,0.367736,0.006701,0.122209,0.008551
CAH,2018-08-06,0.403375,0.006452,0.117456,0.012042
CAH,2021-08-05,0.25868,0.01069,0.119929,0.009294
CAH,2021-11-09,0.376036,0.006863,0.149826,0.008671
CAH,2020-02-06,0.271325,0.006085,0.198654,0.010346
CAH,2021-05-06,0.267346,0.006257,0.119492,0.007632
AHCO,2022-05-10,0.570736,0.005911,0.255326,0.006639
AHCO,2022-08-09,0.415448,0.006474,0.210254,0.00914
AHCO,2022-02-24,0.238573,0.011194,0.068231,0.008092
AHCO,2020-11-04,0.458092,0.008052,0.220911,0.010851
AHCO,2020-08-04,0.443059,0.007222,0.173023,0.009102
AHCO,2021-03-04,0.551832,0.004216,0.22869,0.008225
AHCO,2020-05-05,0.284632,0.008106,0.208404,0.005993
AHCO,2021-08-05,0.483678,0.007179,0.138483,0.00735
AHCO,2021-11-04,0.385777,0.009859,0.241684,0.009735
AHCO,2021-05-06,0.552519,0.003203,0.206372,0.004964
EWBC,2021-07-22,0.163867,0.004809,0.188586,0.013014
EWBC,2019-04-18,0.023429,0.006317,0.074212,0.011852
EWBC,2019-10-17,-0.004791,0.006685,0.073809,0.008228
EWBC,2020-01-23,0.224054,0.005995,0.203354,0.008947
EWBC,2020-10-22,-0.071833,0.005479,0.184929,0.008471
EWBC,2019-07-18,0.169795,0.005005,0.195751,0.010287
EWBC,2021-04-22,0.086618,0.005049,0.182296,0.00858
EWBC,2018-10-18,0.389821,0.00524,0.199704,0.01034
EWBC,2021-10-21,0.178338,0.005729,0.212751,0.010088
EWBC,2020-07-23,0.13178,0.004533,0.06866,0.009173
EWBC,2019-01-24,0.329885,0.005206,0.140862,0.011148
EWBC,2020-04-23,0.072938,0.006462,0.098973,0.007696
EWBC,2021-01-28,0.273012,0.005322,0.188577,0.008742
CRMT,2021-05-25,0.291123,0.008048,0.300277,0.007703
CRMT,2021-02-17,0.342621,0.006846,0.181491,0.007769
CRMT,2020-08-18,0.336553,0.007212,0.233757,0.01037
CRMT,2019-08-16,0.320228,0.00945,0.252564,0.006905
CRMT,2019-05-22,0.35406,0.007958,0.212919,0.011686
CRMT,2019-02-20,0.345911,0.010124,0.201567,0.007199
CRMT,2018-11-16,0.314008,0.010241,0.281715,0.007839
CRMT,2021-11-18,0.547436,0.009228,0.309642,0.008657
CRMT,2018-08-17,0.31079,0.009906,0.259869,0.012154
CRMT,2021-08-18,0.292222,0.00761,0.268056,0.00484
CRMT,2020-05-22,0.382254,0.008422,0.071475,0.017813
CRMT,2019-11-19,0.469076,0.007883,0.271444,0.008012
CRMT,2020-11-17,0.279689,0.009718,0.222093,0.009797
AGYS,2021-10-26,0.264161,0.00601,0.309876,0.003146
AGYS,2018-10-25,0.441195,0.006363,0.272018,0.008181
AGYS,2021-01-26,0.357114,0.006185,0.089104,0.005084
AGYS,2020-05-21,0.101153,0.008317,0.099702,0.008627
AGYS,2019-07-25,0.412882,0.007455,0.363249,0.008258
AGYS,2020-01-28,0.44878,0.005188,0.214821,0.006389
AGYS,2021-05-18,0.332828,0.004635,0.263249,0.004313
AGYS,2019-10-24,0.557458,0.00645,0.272438,0.001106
AGYS,2020-10-27,0.419197,0.006686,0.195532,0.008593
AGYS,2021-07-27,0.418717,0.004651,0.167437,0.006594
AGYS,2019-01-24,0.45746,0.007248,0.302713,0.011165
AGYS,2020-07-28,0.319167,0.006603,0.180541,0.005072
AGYS,2019-05-16,0.497555,0.006851,0.303975,0.009664
FSLR,2018-10-25,0.283542,0.008686,0.18488,0.006045
FSLR,2019-08-01,0.221228,0.01306,0.191021,0.006607
FSLR,2019-05-02,-0.004442,0.014137,0.172066,0.008385
FSLR,2021-04-29,0.269215,0.013099,0.11185,0.006614
FSLR,2024-02-27,0.285043,0.009786,0.154827,0.014023
FSLR,2023-10-31,0.175126,0.008568,0.124325,0.007745
FSLR,2020-05-07,0.034542,0.011318,0.021208,0.011991
FSLR,2021-07-29,0.207236,0.01364,0.151062,0.011951
FSLR,2020-02-20,0.201579,0.010412,0.050744,0.011844
FSLR,2019-10-24,0.251586,0.011723,0.13534,0.008781
FSLR,2020-10-27,0.259337,0.011405,0.152556,0.009818
FSLR,2020-08-06,0.219061,0.01274,0.077455,0.010793
FSLR,2024-07-30,0.265567,0.012898,0.140691,0.011095
FSLR,2022-07-28,0.251071,0.011751,0.218168,0.012067
FSLR,2024-05-01,0.12229,0.013926,0.185767,0.01089
FSLR,2023-04-27,0.414727,0.009422,0.159808,0.00914
FSLR,2022-03-01,0.21614,0.014724,0.087,0.016834
FSLR,2022-10-27,0.267088,0.010077,0.265286,0.011164
FSLR,2021-11-04,0.171965,0.008393,0.147261,0.010175
FSLR,2023-07-27,0.372205,0.009631,0.207411,0.010471
FSLR,2023-02-28,0.30697,0.008021,0.171419,0.008583
FSLR,2018-02-21,0.161122,0.009786,0.117935,0.009419
FSLR,2022-04-28,0.203897,0.013675,0.136215,0.010172
CRBP,2020-03-12,0.426718,0.007338,0.185578,0.010638
CRBP,2019-05-09,0.403741,0.008069,0.117175,0.01273
CRBP,2020-05-11,0.237446,0.008599,0.140726,0.009466
CRBP,2020-11-10,0.256818,0.013297,0.148512,0.009014
CRBP,2020-08-06,0.245909,0.008873,0.100475,0.011054
CRBP,2019-08-08,0.315222,0.006385,0.158402,0.008815
CRBP,2019-03-12,0.398845,0.008715,0.146266,0.013276
CRBP,2021-03-15,0.388114,0.011282,0.152534,0.010329
CACC,2021-02-01,0.099245,0.026316,-0.004326,0.011583
CACC,2021-04-29,0.095652,0.015968,0.056798,0.0053
CACC,2020-07-30,-0.213907,0.021661,-0.029877,0.011768
CACC,2021-11-01,0.007,0.023952,0.073202,0.008724
CACC,2020-10-29,0.068819,0.026087,0.041405,0.007146
CACC,2020-05-27,-0.002518,0.028302,-0.008293,0.01043
CACC,2019-01-30,0.013164,0.025974,0.093355,0.009665
CACC,2019-04-29,0.01479,0.025974,0.065611,0.011547
CACC,2021-07-29,0.283056,0.023121,-0.064437,0.009511
CACC,2020-01-30,0.022715,0.026316,-0.061698,0.00951
CACC,2022-05-02,0.060385,0.023739,0.071925,0.003882
CACC,2022-08-01,-0.461289,0.020833,0.018637,0.00846
CACC,2019-11-04,-0.004837,0.026087,0.00745,0.006057
CACC,2019-07-30,0.029662,0.028302,0.048963,0.013367
CACC,2022-01-31,0.013602,0.021148,-0.131651,0.012361
BMRN,2021-07-28,0.425281,0.006044,0.132712,0.01186
BNGO,2024-05-08,0.304107,0.008658,0.123806,0.005519
BNGO,2021-05-13,0.430203,0.00765,0.217983,0.007817
BNGO,2022-08-04,0.382934,0.011338,0.179176,0.012537
BNGO,2024-08-07,0.173868,0.006918,0.163675,0.007739
BNGO,2023-05-09,0.390225,0.012831,0.137357,0.006491
BNGO,2022-11-03,0.316752,0.011955,0.138412,0.005518
BNGO,2024-03-05,0.267561,0.010979,0.184421,0.01136
BNGO,2023-08-09,0.388323,0.010945,0.242833,0.010325
BNGO,2023-11-08,0.367137,0.006138,0.184014,0.006995
BNGO,2022-03-01,0.279174,0.006944,0.110881,0.012304
BNGO,2023-03-09,0.321812,0.00838,0.214578,0.0084
BNGO,2021-11-04,0.3896,0.007548,0.189688,0.009412
BNGO,2021-03-23,0.434351,0.008744,0.182112,0.012211
BNGO,2021-08-04,0.3357,0.006865,0.214642,0.007848
BNGO,2022-05-05,0.392284,0.010514,-0.022283,0.013655
PFE,2024-01-30,0.35594,0.007705,0.20015,0.005105
PFE,2023-08-01,0.358596,0.010657,0.150213,0.008916
PFE,2021-05-04,0.478066,0.012135,0.076276,0.011847
PFE,2023-05-02,0.358217,0.011067,0.207392,0.010023
PFE,2023-01-31,0.393661,0.009321,0.123887,0.012075
PFE,2021-07-28,0.451072,0.010476,0.133834,0.011553
PFE,2022-02-08,0.376151,0.011891,0.157386,0.009391
PFE,2020-01-28,0.345776,0.00923,0.220374,0.008608
PFE,2023-10-31,0.385586,0.006114,0.180399,0.007366
PFE,2019-01-29,0.351225,0.007899,0.229758,0.008134
PFE,2019-04-30,0.415984,0.005348,0.213027,0.008698
PFE,2020-10-27,0.333306,0.006956,0.154518,0.007557
PFE,2017-10-31,0.354888,0.010353,0.172062,0.009423
PFE,2024-07-30,0.519265,0.007154,0.268217,0.007097
PFE,2022-07-28,0.526606,0.011717,0.196948,0.008293
PFE,2022-11-01,0.470845,0.011146,0.172275,0.010567
PFE,2020-04-28,0.244414,0.008568,0.160397,0.00908
PFE,2021-11-02,0.410254,0.010314,0.149818,0.009791
PFE,2019-10-29,0.365934,0.00738,0.220611,0.007908
PFE,2024-05-01,0.530262,0.006648,0.250751,0.007614
PFE,2019-07-30,0.26249,0.008854,0.151056,0.008131
PFE,2021-02-02,0.483051,0.008955,0.184282,0.012594
PFE,2020-07-28,0.301055,0.006495,0.214368,0.010778
TFX,2019-05-02,0.266077,0.008024,0.23148,0.00841
TFX,2020-07-30,-0.205955,0.013724,0.161358,0.008826
TFX,2020-10-29,0.131495,0.010941,0.201439,0.008555
TFX,2021-05-03,0.32447,0.007512,0.270486,0.007794
TFX,2019-02-21,0.619135,0.012655,0.251716,0.00952
TFX,2019-10-31,0.38894,0.010669,0.242709,0.012206
TFX,2020-04-30,0.202427,0.009574,0.067061,0.009713
TFX,2021-07-29,0.444568,0.006392,0.271046,0.009988
TFX,2020-02-20,0.394519,0.013959,0.19228,0.009218
TFX,2021-02-25,0.348186,0.012491,0.191001,0.011291
TFX,2018-11-01,0.528726,0.011504,0.18353,0.008517
TFX,2021-10-28,0.403329,0.007621,0.111658,0.009129
APTV,2021-08-05,0.552033,0.003841,0.068291,0.005075
APTV,2021-02-03,0.606832,0.005417,0.211174,0.007505
APTV,2021-11-04,0.328921,0.003586,0.138909,0.008015
APTV,2021-05-06,0.428263,0.00691,0.262352,0.008058
AMSF,2018-10-25,-0.059992,0.008785,0.085646,0.011844
AMSF,2019-08-01,-0.069856,0.01279,0.058393,0.006805
AMSF,2019-11-01,-0.112538,0.00742,0.0814,0.011898
AMSF,2019-05-02,0.028971,0.011314,0.08675,0.010599
AMSF,2020-10-29,-0.336473,0.007678,-0.012693,0.010408
AMSF,2020-04-30,-0.187959,0.008691,-0.032279,0.01408
AMSF,2021-07-29,-0.092,0.006231,0.111618,0.010588
AMSF,2020-02-20,-0.037074,0.012102,0.065141,0.008006
AMSF,2021-02-25,-0.339982,0.007075,0.091184,0.01139
AMSF,2021-04-30,-0.200211,0.008558,0.019748,0.012766
AMSF,2021-10-28,-0.020031,0.007358,0.009236,0.008755
AMSF,2019-02-28,-0.089241,0.010158,-0.019402,0.00763
AAL,2018-10-25,0.483283,0.006817,0.175419,0.004799
AAL,2022-07-21,0.410028,0.003967,0.171286,0.008605
AAL,2019-07-25,0.532317,0.007702,0.148623,0.007223
AAL,2020-01-23,0.373318,0.007194,0.103055,0.008256
AAL,2020-10-22,0.237442,0.007916,0.171552,0.007125
AAL,2018-01-25,0.536485,0.007596,0.163724,0.006647
AAL,2022-04-21,0.450185,0.006022,0.19785,0.009696
AAL,2021-04-22,0.426039,0.008217,0.116936,0.008776
AAL,2020-04-30,0.104284,0.010526,0.130471,0.007434
AAL,2021-10-21,0.398456,0.010156,0.143181,0.006034
AAL,2022-01-20,0.415725,0.007952,0.146113,0.007324
AAL,2019-10-24,0.379424,0.008709,0.18039,0.009135
AAL,2019-04-26,0.400958,0.01318,0.165653,0.010052
AAL,2020-07-23,0.174133,0.009366,0.136082,0.008836
AAL,2019-01-24,0.518626,0.007706,0.164986,0.008313
AAL,2022-10-20,0.543605,0.007719,0.174927,0.009365
AAL,2021-01-28,0.36492,0.007473,0.155602,0.008885
CDW,2019-02-07,0.421685,0.009586,0.174427,0.011973
CDW,2020-05-06,0.395668,0.008817,0.140904,0.01062
CDW,2019-10-31,0.508929,0.009967,0.275849,0.005244
CDW,2020-08-05,0.048564,0.009438,0.108247,0.006431
CDW,2021-02-10,0.464028,0.007998,0.244749,0.007447
CDW,2021-11-03,0.382539,0.006186,0.175093,0.007016
CDW,2019-05-01,0.486706,0.009041,0.154532,0.006583
CDW,2020-02-06,0.421347,0.007327,0.129102,0.008385
CDW,2021-05-06,0.381151,0.007075,0.218812,0.005878
CDW,2021-08-04,0.423617,0.005651,0.234366,0.00568
CDW,2019-07-31,0.450572,0.009193,0.237611,0.006866
ADEA,2021-11-08,0.186105,0.004493,0.231384,0.010201
MAR,2019-08-06,0.237902,0.012487,0.154742,0.010926
MAR,2019-03-01,0.280709,0.010635,0.158842,0.00842
MAR,2020-05-11,0.166051,0.010285,0.102291,0.012756
MAR,2019-11-05,0.371487,0.010866,0.177775,0.009398
MAR,2020-11-06,0.136819,0.009151,0.099074,0.009817
MAR,2021-11-03,0.151645,0.011061,0.181428,0.010167
MAR,2021-08-03,0.335631,0.009818,0.198668,0.009589
MAR,2020-08-10,0.223935,0.012866,0.129375,0.011247
MAR,2019-05-10,0.412089,0.015341,0.180857,0.009795
MAR,2018-11-06,0.375299,0.009967,0.162928,0.013474
MAR,2021-05-10,0.277703,0.012388,0.155548,0.009372
MAR,2021-02-18,0.111057,0.009526,0.270326,0.00782
MAR,2020-02-27,0.433437,0.016424,0.089718,0.0112
FITB,2021-07-22,0.446004,0.009016,0.116568,0.006997
FITB,2020-04-21,0.234539,0.011018,0.135789,0.01044
FITB,2020-01-22,0.337258,0.008958,0.199669,0.007545
FITB,2022-07-21,0.442718,0.008598,0.184972,0.007048
FITB,2019-04-23,0.493469,0.007099,0.182034,0.008153
FITB,2020-10-22,0.256368,0.0119,0.131672,0.010146
FITB,2018-10-23,0.382347,0.010417,0.146744,0.010341
FITB,2021-01-21,0.248642,0.008275,0.160959,0.008501
FITB,2019-07-23,0.508739,0.010397,0.149507,0.007972
FITB,2022-01-20,0.438298,0.006166,0.220847,0.005438
FITB,2021-04-20,0.227038,0.008388,0.234418,0.00541
FITB,2020-07-23,0.20292,0.014533,0.072521,0.009842
FITB,2021-10-19,0.431985,0.008671,0.214961,0.00776
FITB,2019-10-22,0.25663,0.007517,0.114221,0.0074
FITB,2019-01-22,0.352073,0.007752,0.222904,0.011262
UBER,2024-05-08,0.257832,0.015419,0.29323,0.003991
UBER,2024-08-06,0.376042,0.015,0.327357,0.00611
UBER,2021-05-05,0.573384,0.011067,0.275516,0.004019
UBER,2023-08-01,0.100223,0.011345,0.29596,0.00458
UBER,2023-05-02,0.287854,0.015534,0.328143,0.002234
UBER,2022-08-02,0.143574,0.01636,0.314719,0.004713
UBER,2023-11-07,0.295055,0.013752,0.216762,0.004959
UBER,2024-02-07,0.181863,0.013699,0.331914,0.005296
UBER,2022-02-09,0.428801,0.005837,0.290212,0.005944
UBER,2020-11-05,0.14978,0.010456,0.270768,0.005754
UBER,2020-05-07,0.25562,0.00853,0.245461,0.004073
UBER,2021-02-10,0.343265,0.006742,0.254487,0.006173
UBER,2020-08-06,0.285787,0.007381,0.293191,0.005864
UBER,2022-11-01,0.248465,0.015504,0.353883,0.00663
UBER,2019-08-08,0.3592,0.005564,0.197137,0.004935
UBER,2019-11-04,0.408361,0.005682,0.214616,0.005914
UBER,2022-05-04,0.307942,0.018456,0.318407,0.004516
UBER,2020-02-06,0.416405,0.006188,0.256855,0.006731
UBER,2021-11-04,0.539776,0.006831,0.260096,0.004349
UBER,2023-02-08,0.274664,0.013258,0.249102,0.0055
UBER,2021-08-04,0.598454,0.01006,0.30323,0.005826
CCEP,2020-02-13,0.567279,0.005964,0.33068,0.008238
CCEP,2021-02-11,0.395287,0.00681,0.328103,0.006847
CCEP,2019-10-24,0.331338,0.00919,0.270283,0.007541
CCEP,2021-09-02,0.504229,0.005482,0.278637,0.008238
CCEP,2020-08-06,0.26667,0.008921,0.321224,0.008319
CCEP,2020-04-28,0.199779,0.009564,0.185585,0.007615
CCEP,2019-08-08,0.550882,0.00646,0.322781,0.006338
CCEP,2021-05-11,0.534724,0.003471,0.213401,0.006254
SPGI,2021-10-26,0.413674,0.00538,0.259158,0.006881
SPGI,2018-10-25,0.243258,0.005967,0.174135,0.011016
SPGI,2019-08-01,0.085198,0.004833,0.22089,0.00647
SPGI,2024-04-25,0.572239,0.007266,0.288111,0.006364
SPGI,2019-02-07,0.209127,0.006119,0.132638,0.008306
SPGI,2019-05-02,-0.01674,0.005017,0.12948,0.009608
SPGI,2021-04-29,0.287329,0.008504,0.256292,0.007679
SPGI,2022-02-08,0.41367,0.007253,0.322015,0.008847
SPGI,2022-08-02,0.186718,0.00875,0.249325,0.010147
SPGI,2021-07-29,0.289363,0.007452,0.272988,0.007557
SPGI,2024-02-08,0.642666,0.008106,0.242496,0.008803
SPGI,2020-10-27,0.285486,0.007353,0.195019,0.011887
SPGI,2021-02-09,0.333646,0.004843,0.281419,0.008433
SPGI,2022-05-03,0.185756,0.006519,0.183709,0.008718
SPGI,2024-07-30,0.499021,0.006665,0.264564,0.007869
SPGI,2020-04-28,0.175259,0.007576,0.08901,0.013872
SPGI,2019-10-29,0.370701,0.005768,0.291586,0.007269
SPGI,2022-10-27,0.055398,0.010843,0.180739,0.008129
SPGI,2023-02-09,0.292361,0.006261,0.256241,0.009024
SPGI,2020-07-28,0.342636,0.009824,0.172108,0.010319
SPGI,2023-07-27,0.415984,0.008768,0.188646,0.006811
SPGI,2023-11-02,0.606091,0.008652,0.31781,0.004989
ATRO,2022-05-06,0.050183,0.008424,0.151233,0.010421
ATRO,2021-08-06,0.164136,0.012591,0.06128,0.010644
ATRO,2022-03-02,-0.010846,0.010484,0.09106,0.008353
ATRO,2019-02-21,0.189847,0.008111,0.179524,0.010257
ATRO,2019-11-05,-0.038951,0.012054,0.104743,0.011446
ATRO,2019-08-05,-0.11213,0.008571,0.032305,0.008311
ATRO,2020-02-26,-0.202701,0.007431,0.058728,0.012339
ATRO,2021-02-23,0.004138,0.005653,0.148845,0.009166
ATRO,2022-08-10,0.047574,0.007629,0.026873,0.010389
ATRO,2021-05-06,0.022038,0.008006,0.124187,0.012635
ATRO,2021-11-08,0.106457,0.008811,0.151207,0.013337
ALLE,2021-07-22,0.349514,0.005096,0.146709,0.010791
ALLE,2018-10-25,0.356165,0.007008,0.260225,0.009718
ALLE,2021-02-16,0.249367,0.005886,0.200782,0.007414
ALLE,2019-07-25,0.333697,0.006281,0.331439,0.010005
ALLE,2020-10-22,0.119048,0.006584,0.264653,0.010022
ALLE,2020-02-18,0.309777,0.007284,0.231867,0.008447
ALLE,2021-04-22,0.382162,0.006353,0.273374,0.009892
ALLE,2019-04-25,0.316077,0.00726,0.290788,0.009891
ALLE,2021-10-21,0.224676,0.005369,0.150741,0.011308
ALLE,2019-02-19,0.466863,0.008207,0.256912,0.010382
ALLE,2019-10-24,0.411506,0.00691,0.198959,0.006884
ALLE,2020-07-23,-0.063808,0.005794,0.225297,0.011351
ALLE,2020-04-23,0.206119,0.00583,0.190017,0.011716
SYK,2018-10-25,0.491344,0.010813,0.19559,0.008627
SYK,2021-01-27,0.096098,0.008497,0.207878,0.009733
SYK,2019-07-25,0.422048,0.009481,0.262164,0.010151
SYK,2019-04-23,0.343634,0.010852,0.29134,0.009411
SYK,2020-01-28,0.610299,0.011094,0.290502,0.011994
SYK,2020-04-30,-0.094116,0.008818,0.051309,0.013486
SYK,2019-01-29,0.536025,0.009766,0.301408,0.00823
SYK,2021-07-27,0.467797,0.008039,0.226648,0.007813
SYK,2019-10-29,0.452564,0.010401,0.27777,0.00847
SYK,2021-10-28,0.177249,0.008692,0.216684,0.009306
SYK,2021-04-27,0.27405,0.007089,0.247878,0.009976
MMC,2021-07-22,0.68632,0.010707,0.263025,0.00771
MMC,2018-10-25,0.299468,0.00769,0.152428,0.006925
MMC,2022-07-21,0.442079,0.010045,0.226191,0.007309
MMC,2024-07-18,0.463096,0.011713,0.211466,0.012026
MMC,2022-04-21,0.479055,0.008646,0.169187,0.009208
MMC,2019-04-25,0.471847,0.006159,0.136914,0.009371
MMC,2024-04-18,0.555657,0.00954,0.243276,0.010881
MMC,2020-04-30,0.255513,0.010054,0.032751,0.011208
MMC,2021-10-21,0.535698,0.008521,0.150748,0.007973
MMC,2023-01-26,0.380307,0.01034,0.199037,0.008443
MMC,2023-07-20,0.625794,0.011123,0.281488,0.010887
MMC,2020-01-30,0.524709,0.010668,0.153606,0.007568
MMC,2019-10-29,0.53467,0.006803,0.127518,0.009833
MMC,2022-10-20,0.461428,0.006356,0.211203,0.009378
MMC,2019-07-30,0.537941,0.00857,0.139738,0.007984
MMC,2023-10-19,0.554933,0.010303,0.233831,0.011244
MMC,2022-01-27,0.586449,0.010129,0.191524,0.007691
MMC,2021-01-28,0.193008,0.010762,0.210041,0.009717
MMC,2024-01-25,0.620386,0.012811,0.257275,0.007903
MMC,2021-04-27,0.585598,0.010129,0.164002,0.009237
BLDP,2019-08-01,0.256556,0.003682,0.252317,0.006645
BLDP,2020-03-05,0.33859,0.0057,0.248766,0.008195
BLDP,2019-05-02,0.230572,0.004743,0.204001,0.00825
BLDP,2019-03-07,0.365663,0.004149,0.245023,0.010636
BLDP,2021-05-04,0.5245,0.002687,0.213417,0.007453
BLDP,2021-08-06,0.585566,0.003397,0.258014,0.005743
BLDP,2022-03-14,0.520021,0.004863,0.235543,0.005837
BLDP,2020-05-06,0.328728,0.009159,0.237232,0.008462
BLDP,2019-10-31,0.334811,0.003022,0.198615,0.009639
BLDP,2021-03-11,0.324482,0.004308,0.213725,0.007921
BLDP,2020-11-06,0.099341,0.0013,0.190808,0.007795
BLDP,2020-08-06,0.216118,0.005291,0.261633,0.007668
BLDP,2021-11-09,0.577611,0.004697,0.216706,0.004717
BLDP,2022-08-10,0.453455,0.005398,0.233614,0.006109
BLDP,2022-05-09,0.561166,0.002865,0.226844,0.005268
DXCM,2024-04-25,0.562047,0.006589,0.230047,0.005098
DXCM,2020-02-13,0.559428,0.006632,0.246265,0.007357
DXCM,2021-04-29,0.518338,0.007301,0.219301,0.005906
DXCM,2021-02-11,0.569431,0.008489,0.155684,0.005796
DXCM,2023-10-26,0.618733,0.006877,0.243196,0.005228
DXCM,2019-02-21,0.508745,0.008891,0.167646,0.007095
DXCM,2024-07-25,0.163892,0.009189,0.051619,0.007051
DXCM,2019-11-06,0.482329,0.008789,0.308585,0.006089
DXCM,2021-07-29,0.555445,0.007718,0.305463,0.00643
DXCM,2024-02-08,0.503052,0.00825,0.23361,0.00779
DXCM,2022-02-10,0.536052,0.01084,0.192784,0.006622
DXCM,2020-10-27,0.518508,0.00995,0.206004,0.006653
DXCM,2022-07-28,0.434148,0.007533,0.209363,0.006452
DXCM,2020-04-28,0.434479,0.009128,0.164086,0.009698
DXCM,2023-04-27,0.539126,0.007463,0.241019,0.006843
DXCM,2022-10-27,0.416688,0.008294,0.230318,0.00583
DXCM,2023-02-09,0.410072,0.008696,0.200481,0.006355
DXCM,2019-05-01,0.519626,0.010097,0.195594,0.008503
DXCM,2021-10-28,0.401759,0.009908,0.136927,0.007578
DXCM,2020-07-28,0.550954,0.005907,0.216809,0.009954
DXCM,2023-07-27,0.604211,0.005755,0.28557,0.005185
DXCM,2019-07-31,0.531268,0.008211,0.233726,0.007837
DXCM,2022-04-28,0.428785,0.007924,0.210036,0.004607
EBC,2022-01-28,0.434893,0.00766,0.123677,0.010692
EBC,2024-01-26,0.464824,0.006187,0.102969,0.008004
EBC,2023-07-28,0.303576,0.007318,0.082381,0.005054
EBC,2022-10-28,0.272436,0.004778,0.080985,0.00539
EBC,2023-01-27,-0.018616,0.00724,0.072617,0.005959
EBC,2023-04-28,0.203919,0.005986,0.02614,0.009117
EBC,2023-10-27,0.171067,0.007155,0.096047,0.010204
EBC,2022-07-29,0.182409,0.009071,0.124706,0.006726
EBC,2021-07-30,0.316396,0.007202,0.182924,0.009101
EBC,2024-07-26,0.171225,0.004733,0.117663,0.007499
EBC,2022-04-29,0.151181,0.009341,0.165107,0.004571
EBC,2021-04-30,0.069504,0.012633,0.1879,0.004926
EBC,2021-01-29,0.28995,0.008618,0.135922,0.010638
EBC,2021-10-29,0.304159,0.005842,0.075635,0.01083
EBC,2024-04-26,0.155471,0.005675,0.15847,0.007116
CHUY,2021-11-06,0.240477,0.013759,0.141023,0.012466
CHUY,2021-08-05,0.445213,0.010665,0.125026,0.012689
PEP,2020-02-13,0.589635,0.007603,0.329023,0.007431
PEP,2018-04-26,0.63106,0.008954,0.133223,0.007888
PEP,2021-02-11,0.018353,0.030043,0.168467,0.006319
PEP,2021-04-15,0.007833,0.029661,0.215909,0.00635
PEP,2021-07-13,0.016257,0.024793,0.356089,0.005516
PEP,2018-02-13,0.710295,0.008475,0.192582,0.005595
PEP,2018-10-02,0.437427,0.007011,0.245619,0.009032
PEP,2018-07-10,0.52529,0.00727,0.255819,0.00614
PEP,2019-02-15,0.551943,0.007983,0.27392,0.007718
PEP,2020-04-28,0.110535,0.027778,0.17257,0.010267
PEP,2020-07-13,0.396292,0.010151,0.230454,0.00782
PEP,2020-10-01,0.504104,0.009776,0.243579,0.008975
PEP,2019-04-17,0.28538,0.009828,0.29502,0.005225
PEP,2021-10-05,0.044654,0.024793,0.269557,0.007717
SNPS,2020-05-20,0.631314,0.005899,0.249469,0.008686
SNPS,2021-02-17,0.653716,0.003426,0.212259,0.009687
SNPS,2019-08-21,0.477634,0.006385,0.176857,0.010152
SNPS,2021-12-01,0.48625,0.006349,0.190522,0.010033
SNPS,2020-08-19,0.518006,0.007076,0.230825,0.007463
SNPS,2019-05-22,0.424123,0.006011,0.159633,0.007078
SNPS,2020-12-02,0.603773,0.006098,0.248996,0.008332
SNPS,2018-08-22,0.57997,0.00539,0.185927,0.008163
SNPS,2021-05-19,0.609026,0.002781,0.245119,0.008847
SNPS,2020-02-19,0.484309,0.005906,0.187586,0.008909
SNPS,2019-02-20,0.417083,0.008559,0.230741,0.012486
SNPS,2018-12-05,0.504904,0.007446,0.209589,0.011544
SNPS,2017-11-29,0.505545,0.007775,0.238538,0.005263
SNPS,2018-05-23,0.559281,0.004159,0.197361,0.011041
SNPS,2021-08-18,0.51086,0.007487,0.256985,0.008037
SNPS,2019-12-04,0.565904,0.00899,0.115617,0.009641
PLD,2020-04-21,-0.085317,0.009588,-0.023112,0.008875
PLD,2020-01-22,0.367602,0.004781,0.06313,0.00931
PLD,2021-01-26,0.37555,0.005391,0.030651,0.008461
PLD,2021-07-19,0.542743,0.00574,0.086605,0.009715
PLD,2023-10-17,0.331847,0.010112,-0.039702,0.007716
PLD,2023-07-18,0.381789,0.008264,-0.000646,0.008951
PLD,2022-10-19,0.402964,0.009086,0.038845,0.008093
PLD,2020-07-21,0.251431,0.006693,0.024285,0.008589
PLD,2021-04-19,0.424975,0.005028,0.180208,0.008765
PLD,2024-01-17,0.177171,0.010615,0.125737,0.008478
PLD,2022-01-19,0.527156,0.004651,0.077287,0.006753
PLD,2024-04-17,-0.077316,0.009184,-0.087665,0.010412
PLD,2019-07-16,0.344658,0.010485,0.042873,0.00721
PLD,2022-04-19,0.272822,0.003989,0.093424,0.007984
PLD,2018-10-16,0.369453,0.011192,0.095462,0.009009
PLD,2021-10-15,0.33724,0.005503,0.091801,0.009085
PLD,2019-04-16,0.450386,0.007087,0.151003,0.010927
PLD,2024-07-17,0.286468,0.005631,0.088801,0.007776
PLD,2019-10-15,0.399566,0.011981,-0.006254,0.009225
PLD,2022-07-18,0.523191,0.00703,-0.003217,0.008538
PLD,2023-01-18,0.31624,0.011029,0.066346,0.008543
PLD,2019-01-22,0.166872,0.010515,-0.00169,0.01149
PLD,2020-10-20,0.443853,0.006949,0.022331,0.010711
GOOG,2018-10-25,0.366996,0.003554,0.240692,0.006647
GOOG,2019-07-25,0.35853,0.004047,0.234691,0.005127
GOOG,2020-07-30,0.209126,0.005427,0.249224,0.005832
GOOG,2020-02-03,0.508844,0.004145,0.237236,0.006525
GOOG,2019-10-28,0.387218,0.005039,0.229543,0.008778
GOOG,2020-04-28,0.147447,0.006804,0.196578,0.007977
GOOG,2018-02-01,0.462287,0.002792,0.203497,0.006649
MMM,2021-10-26,0.244992,0.004125,0.157296,0.008295
MMM,2022-10-25,0.147621,0.009857,0.112395,0.007915
MMM,2022-04-26,0.303869,0.006652,0.083279,0.010112
MMM,2023-07-25,0.101081,0.007054,0.135046,0.007156
MMM,2022-01-25,0.109294,0.004686,0.184531,0.008822
MMM,2021-01-26,0.514198,0.004554,0.198522,0.009191
MMM,2019-07-25,-0.102001,0.007599,0.118377,0.007429
MMM,2020-01-28,0.15831,0.00343,0.14274,0.009231
MMM,2018-10-23,0.19405,0.005174,0.164544,0.005055
MMM,2019-04-25,-0.236478,0.005846,0.097872,0.00685
MMM,2022-07-26,0.223258,0.009104,0.122803,0.010233
MMM,2023-10-24,0.158948,0.008059,0.167362,0.009571
MMM,2019-01-29,0.27846,0.005036,0.189575,0.006487
MMM,2019-10-24,0.076736,0.004022,0.147928,0.008392
MMM,2020-10-27,0.227086,0.007535,0.085631,0.011429
MMM,2021-07-27,0.385093,0.008824,0.103642,0.010513
MMM,2024-01-23,0.126394,0.008489,0.158352,0.009319
MMM,2024-07-26,0.206089,0.007594,0.169395,0.007548
MMM,2020-04-28,0.088767,0.007267,0.244844,0.007544
MMM,2023-01-24,-0.107671,0.006491,0.076591,0.006907
MMM,2020-07-28,0.135041,0.006653,0.168748,0.010461
MMM,2021-04-27,0.391904,0.00559,0.211918,0.009433
MMM,2024-04-30,0.310992,0.008487,0.171197,0.006852
MMM,2018-04-24,0.397377,0.003764,0.148251,0.008872
ANIP,2019-02-27,0.507495,0.00803,0.218503,0.009989
ANIP,2021-08-06,0.249559,0.005342,0.276472,0.010593
ANIP,2021-11-01,0.250556,0.006422,0.262619,0.008174
ANIP,2019-05-09,0.365788,0.006734,0.261919,0.010679
ANIP,2019-08-07,0.396475,0.004983,0.240139,0.008123
ANIP,2020-11-05,0.263949,0.006857,0.219852,0.005285
ANIP,2020-08-06,0.010243,0.008441,0.09529,0.006742
ANIP,2021-03-09,0.359241,0.010955,0.244021,0.008022
ANIP,2018-11-06,0.391648,0.008005,0.159693,0.010353
ANIP,2021-05-07,0.075168,0.006143,0.155486,0.009792
ANIP,2020-02-27,0.148522,0.007267,0.121081,0.00984
ADN,2021-11-15,0.394357,0.008286,0.090779,0.011797
ADN,2021-08-12,0.417001,0.007137,0.154104,0.007194
EMN,2020-05-01,0.180405,0.007576,0.094248,0.005374
EMN,2019-02-01,0.250712,0.00585,0.143604,0.009403
EMN,2020-08-04,0.265133,0.00644,0.150691,0.007091
EMN,2019-04-26,0.117503,0.006432,0.162799,0.008383
EMN,2021-08-03,0.076158,0.010309,0.295081,0.006107
EMN,2020-10-30,0.249568,0.00885,0.201388,0.007159
EMN,2020-01-31,0.29532,0.00834,0.231737,0.007862
EMN,2019-10-25,0.122289,0.006636,0.127106,0.0092
EMN,2019-07-26,0.205178,0.006841,0.025486,0.010227
EMN,2021-04-30,0.482858,0.002234,0.275619,0.006551
EMN,2021-01-29,0.325269,0.006855,0.208438,0.005929
EMN,2021-10-29,0.013713,0.01049,0.225946,0.008043
EMN,2018-10-26,0.539681,0.006061,0.239608,0.008937
ATRA,2021-03-01,0.403139,0.007246,0.155415,0.009618
ATRA,2021-05-04,0.513423,0.008428,0.166917,0.008929
ATRA,2020-05-06,0.340852,0.005667,0.099007,0.006217
ATRA,2020-11-09,0.416488,0.004985,0.177166,0.009021
ATRA,2020-08-05,0.501095,0.007555,0.178424,0.009683
ATRA,2019-11-08,0.411091,0.0059,0.253525,0.009103
ATRA,2019-08-08,0.248613,0.007507,0.161413,0.005121
ATRA,2021-08-09,0.424219,0.007767,0.11587,0.010579
ATRA,2021-11-04,0.477914,0.009105,0.086258,0.011149
ATRA,2020-02-27,0.396119,0.004412,0.186836,0.011288
NXPI,2024-07-23,0.014443,0.009164,0.102192,0.008742
NXPI,2020-02-04,0.052019,0.006061,0.197716,0.008767
NXPI,2019-02-07,-0.250591,0.010531,0.093495,0.010482
NXPI,2023-07-25,0.131725,0.009306,0.111735,0.007367
NXPI,2023-05-02,0.048144,0.013177,0.174408,0.00765
NXPI,2023-01-31,0.399861,0.009819,0.118472,0.009823
NXPI,2022-07-27,0.491794,0.007686,0.149386,0.010337
NXPI,2024-02-06,-0.128961,0.008665,0.066481,0.008988
NXPI,2023-11-07,0.035662,0.013655,0.132117,0.01009
NXPI,2019-04-30,0.16997,0.011884,0.192622,0.009546
NXPI,2021-08-03,0.45978,0.008088,0.203963,0.006944
NXPI,2020-10-27,0.375447,0.007595,0.132004,0.011632
NXPI,2022-05-03,0.35003,0.006742,0.100534,0.008494
NXPI,2022-11-01,0.098722,0.009074,0.074069,0.009504
NXPI,2020-04-28,0.089357,0.008386,0.193687,0.007962
NXPI,2021-11-02,0.242537,0.005248,0.144438,0.007375
NXPI,2019-10-29,0.226007,0.009481,0.173319,0.009365
NXPI,2019-07-30,0.239414,0.011934,0.178592,0.01057
NXPI,2021-02-02,0.185649,0.007919,0.121185,0.011705
NXPI,2020-07-28,-0.002296,0.006544,0.137078,0.009491
NXPI,2021-04-27,0.398456,0.00882,0.160731,0.00855
NXPI,2022-02-01,0.523568,0.007859,0.158802,0.00773
NXPI,2024-04-30,-0.0675,0.009987,0.114604,0.009529
PCG,2021-04-29,0.370476,0.006574,0.126561,0.008965
PCG,2021-11-01,0.309057,0.008356,0.246226,0.009726
PCG,2021-07-29,0.31562,0.006194,0.163594,0.008936
PCG,2021-02-25,0.256614,0.009434,0.229906,0.008275
BF.B,2020-12-08,0.242612,0.014578,0.114506,0.008546
BF.B,2019-06-05,0.447112,0.010655,0.212619,0.005396
BF.B,2020-03-04,0.324878,0.010958,0.173755,0.008908
BF.B,2021-06-09,0.400741,0.00994,0.186352,0.005781
BF.B,2021-09-01,0.417803,0.008157,0.159163,0.012199
BF.B,2021-12-08,0.376587,0.006682,0.100977,0.008395
BF.B,2019-08-28,0.29625,0.011806,0.207002,0.008308
BF.B,2019-12-05,0.393516,0.007136,0.154488,0.009753
BF.B,2021-03-03,0.210016,0.01004,0.167196,0.008479
BF.B,2020-06-09,0.297643,0.010532,0.074912,0.009109
DIBS,2021-08-11,0.48386,0.006583,0.184413,0.008309
DIBS,2021-11-10,0.445117,0.008969,0.309132,0.010265
DIBS,2022-05-11,0.300533,0.005459,0.225985,0.00375
DIBS,2022-03-01,0.324016,0.006206,0.178139,0.009459
DIBS,2022-08-10,0.203542,0.007502,0.262761,0.008
AMT,2019-02-27,0.618551,0.010662,0.228215,0.010778
AMT,2019-05-03,0.562853,0.009951,0.17502,0.011964
AMT,2022-04-27,0.607443,0.01328,0.295275,0.005218
AMT,2021-04-29,0.645797,0.011265,0.306677,0.008671
AMT,2020-02-25,0.474085,0.011834,0.233957,0.013367
AMT,2020-07-30,0.447302,0.014801,0.226155,0.011053
AMT,2022-02-24,0.653157,0.015917,0.261975,0.006537
AMT,2020-10-29,0.655274,0.011815,0.222666,0.00824
AMT,2023-10-26,0.480901,0.017002,0.217833,0.014146
AMT,2018-07-31,0.532352,0.012954,0.215907,0.007194
AMT,2019-10-31,0.542939,0.015186,0.213838,0.007188
AMT,2024-02-27,0.461329,0.020251,0.183745,0.01044
AMT,2018-05-01,0.538321,0.010542,0.174614,0.010236
AMT,2021-07-29,0.692841,0.01008,0.23376,0.006834
AMT,2020-04-29,0.497694,0.010802,0.234009,0.009239
AMT,2023-02-23,0.550156,0.014398,0.226721,0.010086
AMT,2021-02-25,0.565967,0.014682,0.213888,0.005971
AMT,2018-02-27,0.606829,0.011947,0.172289,0.008582
AMT,2024-07-30,0.58273,0.017014,0.256114,0.010997
AMT,2022-07-28,0.504676,0.016518,0.239815,0.00811
AMT,2022-10-27,0.556292,0.01393,0.278268,0.007858
AMT,2021-10-28,0.63872,0.011357,0.212553,0.007829
AMT,2023-07-27,0.70541,0.018336,0.192213,0.010318
AMT,2019-07-31,0.593375,0.012914,0.187271,0.009091
AMT,2024-04-30,0.579485,0.017271,0.215036,0.008423
AMT,2018-10-30,0.638425,0.01274,0.18272,0.008229
BLNK,2021-08-11,0.501835,0.01375,0.299859,0.007055
BLNK,2022-08-08,0.605577,0.007498,0.173521,0.006186
BLNK,2021-05-13,0.530905,0.00757,0.24826,0.009735
BLNK,2021-11-11,0.615523,0.006231,0.122245,0.010255
BLNK,2022-11-08,0.499487,0.006273,0.223839,0.00829
BLNK,2024-08-07,0.358285,0.006077,0.148491,0.005384
BLNK,2024-05-09,0.315804,0.007216,0.211122,0.009911
BLNK,2023-05-09,0.331673,0.004505,0.250547,0.005818
BLNK,2023-11-09,0.538821,0.006013,0.1866,0.007332
BLNK,2022-03-10,0.64472,0.008049,0.162216,0.009039
BLNK,2021-03-25,0.547663,0.006491,0.288489,0.011949
BLNK,2023-08-08,0.461465,0.007585,0.223621,0.004233
BLNK,2024-03-14,0.475697,0.007399,0.149914,0.006455
BLNK,2022-05-09,0.619749,0.009631,0.163995,0.004361
BLNK,2023-02-28,0.501314,0.00773,0.176551,0.00687
ADI,2019-02-20,0.225594,0.006599,0.114347,0.007277
CAR,2021-02-17,0.207868,0.009587,0.155501,0.011099
CAR,2019-11-01,0.576428,0.008467,0.190144,0.007019
CAR,2019-05-02,0.354012,0.00556,0.189443,0.011899
CAR,2021-05-04,0.153402,0.00994,0.199485,0.008636
CAR,2019-02-21,0.432145,0.004271,0.204902,0.006391
CAR,2019-08-06,0.586566,0.008215,0.284853,0.006375
CAR,2020-02-20,0.657617,0.006175,0.28628,0.009656
CAR,2021-11-02,0.289126,0.006899,0.202543,0.009338
CAR,2020-05-05,0.297996,0.00968,0.208423,0.010885
CAR,2018-11-06,0.535843,0.006967,0.243107,0.008231
CAR,2021-08-04,0.422927,0.010391,0.166504,0.010423
MAA,2019-08-01,0.590176,0.004161,0.095173,0.009498
MAA,2019-05-02,0.405808,0.004381,0.161017,0.007795
MAA,2021-04-29,0.383878,0.003597,0.103832,0.00568
MAA,2020-07-30,0.157346,0.006825,0.044255,0.009804
MAA,2020-10-29,0.098312,0.009704,0.07337,0.007576
MAA,2019-01-31,0.346232,0.007287,0.155375,0.012435
MAA,2019-10-31,0.401984,0.004006,0.19475,0.006459
MAA,2021-07-29,0.367785,0.00557,0.135493,0.006972
MAA,2020-01-30,0.486511,0.004649,0.154276,0.009898
MAA,2020-05-08,-0.027182,0.009263,0.087541,0.0073
MAA,2021-02-04,0.44305,0.004717,0.154819,0.008717
MAA,2018-11-01,0.353271,0.00553,0.134047,0.011896
MAA,2021-10-28,0.495487,0.007771,0.08212,0.01187
AOUT,2020-09-04,0.432637,0.013727,0.328131,0.009648
AOUT,2020-12-15,0.416435,0.018769,0.197897,0.008143
CNSL,2022-03-03,0.352305,0.006542,0.234482,0.012117
CNSL,2019-08-01,0.317796,0.00519,0.280387,0.006937
CNSL,2022-08-04,0.270121,0.008176,0.183992,0.00638
CNSL,2021-04-29,0.240097,0.004831,0.159908,0.009403
CNSL,2020-07-30,0.308496,0.005761,0.214643,0.014445
CNSL,2020-10-29,0.306187,0.006108,0.255783,0.015345
CNSL,2019-02-21,0.325986,0.003744,0.288111,0.005368
CNSL,2019-10-31,0.193516,0.005213,0.18785,0.010446
CNSL,2019-04-25,0.268275,0.003738,0.124731,0.009742
CNSL,2020-04-30,0.269266,0.004522,0.254208,0.010773
CNSL,2021-07-29,0.374493,0.0076,0.228173,0.00903
CNSL,2020-02-20,0.409911,0.006221,0.208976,0.006809
CNSL,2021-02-25,0.354677,0.004772,0.281084,0.0
CNSL,2021-10-28,0.301474,0.007412,0.147449,0.010187
CNSL,2022-05-05,0.363801,0.006579,0.261834,0.007171
ARWR,2022-02-02,0.3204,0.010149,0.166611,0.010298
ARWR,2022-05-10,0.279521,0.011288,0.192153,0.012432
ARWR,2022-08-04,0.169069,0.007433,0.185986,0.006967
ARWR,2021-05-04,0.257206,0.008914,0.142115,0.009975
ARWR,2020-02-05,0.321782,0.012144,0.099377,0.012245
ARWR,2020-11-23,0.341097,0.008359,0.147835,0.012355
ARWR,2019-05-08,0.270799,0.012435,0.096389,0.010204
ARWR,2020-08-05,0.222302,0.008779,0.123155,0.009451
ARWR,2021-02-05,0.206921,0.014059,0.128909,0.011075
ARWR,2019-08-05,0.314302,0.00812,0.07505,0.013084
ARWR,2020-05-08,0.275836,0.012743,0.137386,0.010524
ARWR,2019-11-25,0.236279,0.010217,0.155524,0.011782
ARWR,2021-11-22,0.321293,0.009736,0.213321,0.011247
ARWR,2018-12-11,0.301539,0.010197,0.104391,0.01394
ARWR,2021-08-05,0.321256,0.009829,0.114212,0.013196
CRNT,2020-11-02,0.260594,0.010622,0.090171,0.011394
CRNT,2020-08-03,0.130915,0.012724,0.149392,0.013151
CRNT,2021-11-01,0.477811,0.008191,0.150205,0.011328
CRNT,2021-05-03,0.332481,0.008898,0.171587,0.010943
CRNT,2019-02-20,0.306428,0.015211,0.064673,0.007974
CRNT,2020-05-04,0.114251,0.01315,0.147482,0.012464
CRNT,2022-05-02,0.466395,0.012121,0.235901,0.009961
CRNT,2021-02-08,0.248615,0.014541,0.037845,0.013586
CRNT,2021-08-02,0.480527,0.008778,0.298884,0.007463
CRNT,2022-02-07,0.405645,0.008216,0.293509,0.01157
CRNT,2019-08-12,0.163593,0.016101,0.072144,0.018926
CRNT,2019-05-06,0.258813,0.012056,0.168464,0.016129
CRNT,2022-08-01,0.545867,0.005808,0.242123,0.008236
CRNT,2019-11-04,0.172675,0.017158,0.014822,0.012925
CRNT,2020-02-10,0.238047,0.012075,0.063672,0.009392
HWM,2020-11-09,-0.018258,0.013004,0.240008,0.0096
HWM,2018-02-05,0.258013,0.005142,0.12496,0.005875
HWM,2019-11-05,0.211859,0.008797,0.180087,0.011333
HWM,2019-04-30,0.251382,0.00619,0.186534,0.00783
HWM,2020-08-06,-0.226659,0.011607,0.044803,0.008981
HWM,2020-01-27,0.235249,0.007829,0.148476,0.009956
HWM,2020-05-05,0.115705,0.009511,0.104608,0.012205
HWM,2021-02-03,-0.070684,0.006538,0.191586,0.011182
HWM,2021-11-04,0.264811,0.013339,0.108335,0.010944
HWM,2021-05-06,0.19432,0.009756,0.173441,0.009619
HWM,2021-08-04,0.377475,0.013664,0.130109,0.008013
HWM,2019-08-02,0.415964,0.004104,0.178413,0.008431
HWM,2019-02-08,0.105604,0.004699,0.138618,0.010257
HWM,2018-10-30,0.303612,0.006834,0.157288,0.008731
DKNG,2022-05-06,0.519095,0.0096,0.227019,0.009347
DKNG,2022-11-04,0.39093,0.007996,0.188269,0.007653
DKNG,2024-02-16,0.616609,0.011957,0.217895,0.009142
DKNG,2022-02-18,0.44021,0.006169,0.18234,0.010966
DKNG,2022-08-05,0.431837,0.009382,0.190263,0.007675
DKNG,2021-08-06,0.481344,0.006439,0.178849,0.013051
DKNG,2023-02-17,0.456883,0.008084,0.251065,0.008474
DKNG,2023-05-05,0.488207,0.013344,0.2603,0.011454
DKNG,2021-02-26,0.398228,0.006244,0.146506,0.00951
DKNG,2024-05-03,0.364104,0.008832,0.231002,0.007043
DKNG,2024-08-02,0.552921,0.015748,0.168195,0.009125
DKNG,2023-08-04,0.591708,0.010074,0.207499,0.010898
DKNG,2023-11-03,0.619563,0.008442,0.186317,0.008452
DKNG,2021-05-07,0.434133,0.006621,0.225783,0.009717
DKNG,2021-11-05,0.466557,0.004807,0.185625,0.006511
MAS,2021-04-28,0.529364,0.012287,0.250046,0.011836
MAS,2019-02-07,0.366092,0.010187,0.104801,0.009704
MAS,2019-07-25,0.301955,0.009713,0.184848,0.011641
MAS,2021-10-27,0.452494,0.011005,0.272746,0.008336
MAS,2019-10-30,0.463482,0.011258,0.193644,0.0114
MAS,2019-04-25,-0.214937,0.01141,0.086244,0.011687
MAS,2021-07-29,0.472885,0.012478,0.202725,0.0111
MAS,2020-04-29,0.085415,0.014994,0.12783,0.012092
MAS,2021-02-09,0.542525,0.014361,0.228388,0.008809
MAS,2020-02-11,0.30164,0.010968,0.122139,0.009334
MAS,2018-10-30,0.059567,0.01376,0.192595,0.009931
MDB,2020-12-08,0.27555,0.007276,0.226361,0.005845
MDB,2021-06-03,0.357619,0.007338,0.213067,0.009404
MDB,2019-06-05,0.308546,0.00641,0.263956,0.008431
MDB,2020-09-02,0.359046,0.004404,0.230037,0.006295
MDB,2022-06-01,0.243859,0.006749,0.207109,0.008997
MDB,2024-03-07,0.197287,0.005547,0.150297,0.006751
MDB,2018-03-13,0.383429,0.007201,0.19185,0.005987
MDB,2018-06-06,0.497069,0.006232,0.28356,0.008063
MDB,2018-12-04,0.478177,0.008045,0.179535,0.008728
MDB,2023-08-31,0.317547,0.004872,0.221541,0.008611
MDB,2022-03-08,0.323887,0.005013,0.294574,0.007047
MDB,2021-12-06,0.311981,0.00352,0.26053,0.006544
MDB,2020-03-17,0.3004,0.00743,0.138207,0.008892
MDB,2021-09-02,0.378147,0.00473,0.256391,0.006425
MDB,2022-12-06,0.41277,0.003668,0.263574,0.006237
MDB,2023-06-01,0.341126,0.00771,0.201559,0.009123
MDB,2019-09-04,0.230856,0.005844,0.177697,0.00663
MDB,2021-03-09,0.270305,0.005784,0.26812,0.008267
MDB,2023-12-05,0.415504,0.003946,0.173908,0.0075
MDB,2019-12-09,0.359019,0.00485,0.180455,0.007402
MDB,2024-05-30,0.131423,0.006426,0.160724,0.007701
MDB,2023-03-08,0.148958,0.006434,0.176442,0.008372
MDB,2022-08-31,0.273152,0.00545,0.145716,0.006536
MDB,2024-08-29,0.279958,0.008156,0.142467,0.008299
FORM,2021-04-28,0.183428,0.006852,0.150458,0.011346
FORM,2019-02-06,0.355437,0.006741,0.266056,0.009199
FORM,2020-02-05,0.230696,0.007593,0.211256,0.011887
FORM,2021-10-27,0.551628,0.008155,0.203417,0.011937
FORM,2020-07-30,0.275994,0.008553,0.14451,0.008101
FORM,2021-07-28,0.090878,0.005462,0.172693,0.010772
FORM,2019-10-30,0.208406,0.006711,0.20645,0.011942
FORM,2020-10-28,0.145613,0.006036,0.241269,0.010942
FORM,2018-10-31,0.107987,0.008543,0.206512,0.008055
FORM,2019-05-01,0.167453,0.00968,0.193396,0.008876
FORM,2021-02-03,0.174735,0.007465,0.231422,0.011109
FORM,2019-07-31,0.378303,0.008254,0.193233,0.011361
AMPH,2018-11-08,0.355677,0.009763,0.136496,0.012316
AMPH,2022-08-08,0.562558,0.010965,0.096869,0.010157
AMPH,2020-03-12,0.29159,0.011511,0.21731,0.006691
AMPH,2019-11-07,0.349556,0.010336,0.157322,0.008671
AMPH,2019-05-09,0.315437,0.010435,0.133911,0.008348
AMPH,2019-08-07,0.393336,0.011959,0.157231,0.005764
AMPH,2018-03-12,0.079727,0.012748,0.148683,0.0121
AMPH,2020-05-07,0.109175,0.008969,0.147072,0.007373
AMPH,2020-11-06,0.217669,0.00888,0.183894,0.010579
AMPH,2020-08-06,0.28336,0.007489,0.219372,0.011287
AMPH,2022-03-10,0.320821,0.013333,0.166852,0.011728
AMPH,2021-08-09,0.320894,0.010742,0.135279,0.007246
AMPH,2019-03-12,0.361334,0.012072,0.145657,0.010318
AMPH,2021-05-06,0.329906,0.012407,0.174951,0.005607
AMPH,2022-05-09,0.360503,0.007112,0.053491,0.010827
AMPH,2021-03-15,0.39633,0.009571,0.191323,0.007911
AMPH,2021-11-08,0.395435,0.00978,0.144412,0.008554
FTV,2018-10-25,0.411011,0.007003,0.15359,0.008486
FTV,2019-02-07,0.485337,0.005472,0.171206,0.016221
FTV,2021-04-29,0.506187,0.006915,0.213011,0.009519
FTV,2019-07-25,0.283013,0.006572,0.152658,0.011523
FTV,2019-04-25,0.305648,0.005549,0.173143,0.01123
FTV,2020-04-30,0.072909,0.008304,0.089024,0.012453
FTV,2021-07-29,0.476187,0.007078,0.266293,0.007807
FTV,2019-10-24,0.175377,0.006054,0.131256,0.012333
FTV,2020-10-27,0.290084,0.009346,0.210164,0.011612
FTV,2021-02-04,0.523976,0.007127,0.257457,0.012874
FTV,2021-10-28,0.564375,0.008208,0.238194,0.009129
FTV,2020-02-06,0.339824,0.006075,0.146404,0.010055
FTV,2020-07-28,0.087572,0.009106,0.207178,0.009302
CAG,2022-04-07,0.258443,0.010654,0.132632,0.008717
CAG,2021-04-08,0.511534,0.004346,0.168609,0.008835
CAG,2020-06-30,0.478489,0.004012,0.209422,0.008047
CAG,2021-01-07,0.593149,0.004063,0.166456,0.006318
CAG,2021-10-07,0.45585,0.008735,0.144345,0.007782
CAG,2024-04-04,0.075038,0.01227,0.234922,0.007007
CAG,2018-03-22,0.155306,0.007522,0.089694,0.01171
CAG,2023-07-13,0.303897,0.008901,0.083106,0.005938
CAG,2019-09-26,0.329852,0.00365,0.167192,0.005659
CAG,2019-03-21,0.282712,0.004721,0.091006,0.008722
CAG,2021-07-13,0.462548,0.007743,0.138403,0.007616
CAG,2018-06-28,0.429378,0.007685,0.188867,0.012633
CAG,2024-07-11,0.090692,0.011905,0.137848,0.006566
CAG,2019-12-19,0.517144,0.004528,0.200784,0.005993
CAG,2023-01-05,0.550442,0.00502,0.101238,0.006601
CAG,2023-10-05,0.199049,0.005282,0.171441,0.006329
CAG,2022-01-06,0.460176,0.010299,0.093095,0.009802
CAG,2020-03-31,0.323452,0.004834,0.102133,0.008755
CAG,2019-06-27,0.231924,0.00596,0.147277,0.007152
CAG,2018-09-27,0.277207,0.004966,0.078142,0.007543
CAG,2020-10-01,0.554068,0.007283,0.125846,0.007116
CAG,2024-01-04,0.116806,0.007885,0.132354,0.005903
CAG,2022-07-14,0.41762,0.007747,0.136371,0.009596
AVXL,2022-05-10,0.141626,0.011976,0.152033,0.010158
AVXL,2021-05-13,0.111183,0.009281,0.096178,0.007445
AVXL,2021-02-11,0.288966,0.009812,0.170654,0.015327
AVXL,2022-02-09,0.251367,0.011254,0.084877,0.006949
AVXL,2021-08-12,0.172898,0.016967,0.148695,0.01006
AVXL,2021-11-24,0.263607,0.009182,0.150845,0.008371
MGM,2020-02-12,0.415179,0.008415,0.199377,0.008584
MGM,2021-04-28,0.510802,0.005122,0.206268,0.009822
MGM,2019-07-25,0.34773,0.007165,0.312435,0.007599
MGM,2020-07-30,0.324843,0.01306,0.16807,0.010197
MGM,2020-10-29,0.529686,0.007674,0.199551,0.008669
MGM,2019-10-30,0.377346,0.006692,0.25566,0.01267
MGM,2022-11-02,0.564612,0.006459,0.216131,0.01144
MGM,2020-04-30,0.20241,0.006916,0.167945,0.010073
MGM,2022-08-03,0.473771,0.003987,0.263855,0.009792
MGM,2022-02-09,0.528228,0.00698,0.150855,0.010636
MGM,2019-04-29,0.371744,0.004925,0.172426,0.008059
MGM,2021-02-10,0.60031,0.007119,0.229683,0.009291
MGM,2021-11-03,0.566296,0.006792,0.215534,0.009129
MGM,2024-07-31,0.519014,0.004407,0.174204,0.008291
MGM,2022-05-02,0.424633,0.003813,0.27204,0.009973
MGM,2024-02-13,0.576032,0.005323,0.186667,0.010075
MGM,2023-11-08,0.32607,0.007035,0.190948,0.00876
MGM,2024-05-01,0.479699,0.007448,0.191397,0.009656
MGM,2023-05-01,0.650595,0.003789,0.263262,0.008649
MGM,2019-02-13,0.586365,0.009015,0.238444,0.006327
MGM,2023-02-08,0.412426,0.0082,0.229437,0.008369
MGM,2023-08-02,0.501504,0.006516,0.227173,0.008197
MGM,2021-08-04,0.615938,0.004806,0.311313,0.008642
MGM,2018-10-30,0.408135,0.005212,0.19937,0.008889
CNC,2021-10-26,0.40637,0.006977,0.167887,0.009073
CNC,2023-07-28,0.438409,0.009857,0.121146,0.009554
CNC,2023-02-07,0.249309,0.005796,0.135395,0.009793
CNC,2020-02-04,0.329901,0.009571,0.137961,0.007358
CNC,2022-10-25,0.476129,0.005082,0.214452,0.008984
CNC,2022-04-26,0.464806,0.006987,0.264196,0.010285
CNC,2019-04-23,0.502821,0.009043,0.164955,0.008191
CNC,2022-02-08,-0.006306,0.026667,0.283245,0.005836
CNC,2024-02-06,0.598963,0.009059,0.19021,0.007113
CNC,2018-10-23,0.406708,0.006803,0.100511,0.008764
CNC,2019-07-23,0.518358,0.009163,0.182818,0.009766
CNC,2022-07-26,0.407058,0.008488,0.09964,0.011703
CNC,2023-10-24,0.497969,0.005721,0.172056,0.008627
CNC,2020-10-27,0.325816,0.010631,0.088924,0.01251
CNC,2021-02-09,0.272704,0.009994,0.097104,0.009448
CNC,2021-07-27,0.343972,0.011769,0.092465,0.015075
CNC,2024-07-26,0.642051,0.008725,0.207437,0.010505
CNC,2020-04-28,0.185767,0.011575,0.017636,0.012739
CNC,2019-10-22,0.271151,0.010934,0.111904,0.01069
CNC,2019-02-05,0.39915,0.010157,0.162718,0.009084
CNC,2020-07-28,0.145111,0.01305,0.075564,0.011467
CNC,2021-04-27,0.212843,0.010724,0.202336,0.009667
CNC,2024-04-26,0.559896,0.005861,0.22413,0.010466
VLO,2018-10-25,0.108481,0.007307,0.129879,0.007859
VLO,2022-04-26,0.066661,0.006383,0.108405,0.009295
VLO,2019-07-25,0.131358,0.009265,0.105043,0.010308
VLO,2020-10-22,0.013016,0.00714,0.107591,0.008469
VLO,2020-07-30,-0.103919,0.007956,0.081392,0.010706
VLO,2019-01-31,0.101084,0.008287,0.182482,0.007482
VLO,2021-04-22,0.049503,0.006734,0.142547,0.007498
VLO,2019-04-25,0.057246,0.007786,0.113699,0.009777
VLO,2021-10-21,0.040726,0.004169,0.130945,0.007993
VLO,2021-07-29,0.206539,0.005413,0.186401,0.007111
VLO,2020-04-29,0.057945,0.008107,0.11323,0.011149
VLO,2019-10-24,-0.007647,0.008728,0.155668,0.009623
VLO,2020-01-30,0.23566,0.007786,0.163671,0.009661
VLO,2022-07-28,0.049765,0.006349,0.127071,0.008801
VLO,2022-01-27,0.177407,0.005747,0.175532,0.00901
VLO,2021-01-28,0.006869,0.005734,0.205514,0.006366
CAN,2020-11-30,0.293316,0.001955,0.218542,0.002752
CAN,2020-08-31,0.272858,0.002198,0.1677,0.0
CAN,2020-05-22,0.132248,0.004191,0.037519,0.006186
ANIK,2019-07-24,0.489284,0.008847,0.100833,0.012092
ANIK,2018-10-24,0.38952,0.006525,0.087496,0.009095
ANIK,2020-07-30,0.383421,0.005599,0.033369,0.011765
ANIK,2020-11-04,0.368697,0.004383,0.127609,0.005464
ANIK,2019-02-21,0.383205,0.00614,0.1763,0.00677
ANIK,2021-03-04,0.28454,0.006392,0.202651,0.007031
ANIK,2020-02-20,0.416081,0.007919,0.083512,0.006944
ANIK,2019-10-24,0.47305,0.006633,0.125465,0.006475
ANIK,2020-05-08,0.18674,0.007682,0.305281,0.0
ANIK,2021-08-05,0.507008,0.007023,0.140345,0.004721
ANIK,2021-11-04,0.211205,0.008423,0.071668,0.010052
ANIK,2021-05-06,0.272667,0.007759,0.160341,0.008746
UPS,2024-01-30,0.008834,0.006152,0.115386,0.006328
UPS,2021-10-26,0.612687,0.003567,0.235583,0.006263
UPS,2024-07-23,0.109098,0.007048,0.282451,0.005322
UPS,2019-07-24,0.583876,0.003929,0.2458,0.006237
UPS,2022-10-25,0.460628,0.004125,0.289123,0.006624
UPS,2022-04-26,0.312385,0.004533,0.154915,0.007583
UPS,2018-10-24,0.610713,0.00511,0.335279,0.003703
UPS,2020-07-30,0.147406,0.005773,0.158169,0.006748
UPS,2023-01-31,0.229017,0.005633,0.221215,0.007541
UPS,2023-10-26,-0.122273,0.002991,0.166413,0.007456
UPS,2019-01-31,0.588752,0.007058,0.271856,0.003849
UPS,2024-04-23,0.039017,0.003249,0.211112,0.006449
UPS,2019-04-25,0.541783,0.004849,0.258566,0.004472
UPS,2022-07-26,0.486725,0.004814,0.179546,0.00656
UPS,2020-10-28,0.465509,0.001971,0.102338,0.004253
UPS,2020-01-30,0.455987,0.006265,0.286525,0.002384
UPS,2021-07-27,0.434007,0.003969,0.198786,0.007836
UPS,2023-08-08,-0.033249,0.004148,0.138766,0.007033
UPS,2020-04-28,0.103372,0.00683,0.225759,0.005688
UPS,2019-10-22,0.555418,0.005193,0.278268,0.005454
UPS,2021-02-02,0.455688,0.002888,0.221108,0.006737
UPS,2021-04-27,0.523953,0.003117,0.260948,0.005174
UPS,2022-02-01,0.554197,0.00461,0.23714,0.007532
EXTR,2021-01-27,0.360889,0.008307,0.202343,0.007778
EXTR,2021-04-28,0.515332,0.004822,0.246399,0.006208
EXTR,2022-04-27,0.400591,0.006475,0.211757,0.004871
EXTR,2021-07-28,0.480734,0.005074,0.177384,0.006141
EXTR,2022-07-27,0.505235,0.005187,0.131371,0.007413
EXTR,2019-10-30,0.03542,0.005104,0.133603,0.007149
EXTR,2020-08-05,0.515842,0.006645,0.225539,0.003998
EXTR,2020-01-29,0.32935,0.004104,0.140944,0.004455
EXTR,2020-10-28,0.332769,0.007178,0.168259,0.00562
EXTR,2020-05-11,0.122339,0.006726,0.075085,0.008606
EXTR,2019-01-29,0.391649,0.008497,0.114328,0.007856
EXTR,2021-11-02,0.532631,0.005809,0.182747,0.003829
EXTR,2022-01-27,0.540704,0.004324,0.225191,0.004271
EXTR,2019-07-31,0.373418,0.007591,0.165304,0.006331
CVAC,2020-11-30,0.354107,0.004514,0.115472,0.005294
CME,2018-10-25,0.332747,0.008547,0.104532,0.008818
CME,2020-02-12,0.235281,0.007246,0.259378,0.006502
CME,2018-04-26,0.201497,0.011848,0.277671,0.008243
CME,2021-10-27,0.506417,0.009276,0.256426,0.010686
CME,2021-07-28,0.238024,0.0125,0.267309,0.00651
CME,2019-10-30,0.344698,0.010477,0.20088,0.009791
CME,2020-10-28,-0.021952,0.010101,0.235592,0.007998
CME,2021-02-10,0.386403,0.010578,0.29972,0.007377
CME,2020-04-29,0.393918,0.012826,0.130626,0.009197
CME,2019-05-01,0.288285,0.010526,0.222021,0.007673
CME,2020-07-29,0.34616,0.009955,0.20371,0.008835
CME,2019-07-31,0.170867,0.00974,0.229931,0.009006
CSTR,2019-04-24,0.257554,0.006773,0.107379,0.009517
CSTR,2020-01-24,0.255382,0.008399,0.119681,0.009015
CSTR,2019-01-25,0.356044,0.00805,0.134914,0.012386
CSTR,2019-10-25,0.217176,0.009434,0.089948,0.011212
CSTR,2020-04-28,0.35301,0.011988,0.166906,0.015152
CSTR,2019-07-26,0.187364,0.008462,0.110404,0.007503
EMR,2020-04-21,0.021445,0.004172,0.022724,0.006499
EMR,2020-02-04,0.02831,0.008161,0.091996,0.009517
EMR,2021-05-05,0.536253,0.004779,0.25658,0.009794
EMR,2020-11-03,0.313624,0.005096,0.083694,0.007279
EMR,2020-08-04,0.075192,0.00361,0.124367,0.005661
EMR,2019-08-06,0.119541,0.009795,0.149538,0.006573
EMR,2019-11-05,0.208074,0.004019,0.089769,0.007455
EMR,2019-05-07,0.209642,0.004989,0.189912,0.006634
EMR,2021-11-03,0.240873,0.005101,0.214031,0.010448
EMR,2019-02-05,0.166437,0.004014,0.0436,0.006558
EMR,2018-11-06,0.384332,0.00544,0.093063,0.0074
EMR,2021-02-02,0.428727,0.003668,0.163468,0.008246
EMR,2021-08-04,0.608811,0.003922,0.181695,0.005724
OKE,2017-08-02,0.457366,0.010832,0.172683,0.008302
OKE,2023-11-01,0.532684,0.007852,0.257747,0.008323
OKE,2024-08-06,0.623737,0.006928,0.216956,0.009812
OKE,2023-05-03,0.52002,0.00663,0.159551,0.008905
OKE,2021-04-28,0.504875,0.007358,0.157125,0.011602
OKE,2020-02-25,0.357432,0.006364,0.053188,0.00997
OKE,2022-08-09,0.409886,0.009043,0.219091,0.011628
OKE,2019-02-26,0.45979,0.010723,0.120121,0.009852
OKE,2019-10-30,0.540994,0.007401,0.193806,0.009099
OKE,2022-11-02,0.282428,0.006784,0.180691,0.010468
OKE,2024-02-27,0.592897,0.008124,0.203338,0.011073
OKE,2020-10-28,0.634087,0.008347,0.124451,0.012004
OKE,2021-11-03,0.560741,0.008876,0.218742,0.013823
OKE,2020-04-29,0.356157,0.009852,0.088753,0.011968
OKE,2018-08-01,0.589753,0.008232,0.137953,0.008403
OKE,2023-08-08,0.423928,0.012954,0.181599,0.011718
OKE,2024-05-01,0.639975,0.005211,0.149979,0.010961
OKE,2018-10-31,0.581717,0.007871,0.162583,0.009599
OKE,2022-05-04,0.485692,0.00503,0.19752,0.011892
OKE,2021-02-23,0.492821,0.009859,0.143098,0.011107
OKE,2022-03-01,0.651956,0.009921,0.167598,0.013503
OKE,2019-05-01,0.40634,0.00939,0.148067,0.008211
OKE,2020-07-29,0.479113,0.013255,0.211549,0.009993
OKE,2023-02-28,0.62343,0.008977,0.173388,0.011597
OKE,2021-08-04,0.618099,0.007788,0.218661,0.009443
OKE,2019-07-31,0.530136,0.006708,0.145968,0.010259
SYY,2022-05-10,0.597143,0.006656,0.332978,0.007679
SYY,2018-05-07,0.416482,0.006795,0.181791,0.010804
SYY,2018-11-05,0.315769,0.003975,0.121516,0.009371
SYY,2020-11-03,0.21941,0.003954,0.221538,0.00845
SYY,2021-05-04,0.098482,0.005028,0.159438,0.006941
SYY,2022-08-09,0.672696,0.004923,0.276079,0.00613
SYY,2021-08-10,0.606437,0.005133,0.215469,0.008376
SYY,2022-02-08,0.326685,0.00697,0.200259,0.00734
SYY,2020-02-03,0.340547,0.005426,0.178001,0.007569
SYY,2020-08-11,0.272101,0.004718,0.227742,0.008421
SYY,2019-08-12,0.438757,0.004649,0.168668,0.009631
SYY,2020-05-05,0.245061,0.005077,0.180757,0.009517
SYY,2019-05-06,0.28332,0.005943,0.104686,0.008764
SYY,2019-11-04,0.370948,0.004324,0.155848,0.010156
SYY,2021-11-09,0.589739,0.00731,0.25849,0.005143
SYY,2021-02-02,0.298288,0.004898,0.175652,0.006383
SYY,2019-02-04,0.312891,0.006664,0.169014,0.00806
GILD,2018-10-25,0.446308,0.008774,0.161049,0.007044
GILD,2024-04-25,0.404953,0.006849,0.219329,0.007223
GILD,2020-02-04,0.31097,0.007831,0.233079,0.009649
GILD,2019-05-02,0.27182,0.007491,0.205728,0.008879
GILD,2021-04-29,0.343505,0.008757,0.228053,0.007316
GILD,2020-07-30,0.392884,0.006513,0.172395,0.010243
GILD,2022-08-02,0.501805,0.004774,0.196907,0.010286
GILD,2024-02-06,0.30804,0.009769,0.230574,0.009924
GILD,2023-11-07,0.602529,0.004572,0.233257,0.00948
GILD,2020-04-30,0.301493,0.014546,0.182444,0.011792
GILD,2018-05-01,0.356215,0.008752,0.153344,0.007615
GILD,2020-10-28,0.396591,0.007263,0.138697,0.012072
GILD,2021-07-29,0.469543,0.006373,0.178424,0.007883
GILD,2018-02-06,0.273879,0.008633,0.187458,0.0107
GILD,2019-10-24,0.259856,0.006508,0.247516,0.008495
GILD,2023-02-02,0.444884,0.006371,0.245859,0.013242
GILD,2021-02-04,0.404552,0.011394,0.167413,0.011496
GILD,2023-04-27,0.47753,0.006834,0.238672,0.009493
GILD,2022-10-27,0.547196,0.006561,0.251507,0.012658
GILD,2023-08-03,0.552402,0.004897,0.224204,0.012042
GILD,2024-08-08,0.533003,0.006509,0.274846,0.011243
GILD,2021-10-28,0.350439,0.006876,0.175454,0.012093
GILD,2019-02-04,0.255657,0.00872,0.207921,0.012416
GILD,2022-02-01,0.352946,0.008176,0.211383,0.009002
GILD,2022-04-28,0.383566,0.006457,0.154297,0.009411
CRDO,2022-06-01,0.560859,0.008046,0.263377,0.006611
CRDO,2022-08-31,0.486082,0.007794,0.297144,0.00651
SNA,2021-07-22,0.473043,0.004722,0.164674,0.006679
SNA,2020-07-31,-0.049131,0.007874,0.041444,0.010316
SNA,2019-04-18,0.233073,0.005579,0.151911,0.007958
SNA,2020-04-21,-0.084968,0.006454,0.040384,0.009114
SNA,2019-02-07,0.192495,0.007246,0.100305,0.006324
SNA,2022-07-21,0.414567,0.00627,0.206966,0.009611
SNA,2019-10-17,0.24112,0.005113,0.10611,0.007458
SNA,2022-02-03,0.389068,0.005176,0.130068,0.010186
SNA,2019-07-18,0.118451,0.003659,0.006382,0.008874
SNA,2021-04-22,0.446239,0.005651,0.127237,0.010856
SNA,2018-10-18,0.323242,0.006916,0.103762,0.00976
SNA,2021-10-21,0.501988,0.003762,0.095681,0.008446
SNA,2021-02-04,0.430718,0.004607,0.178768,0.007636
SNA,2020-02-06,0.191816,0.006048,0.071366,0.009644
EYE,2019-02-27,0.47472,0.006834,0.194234,0.005868
EYE,2022-05-10,0.245606,0.009981,0.156711,0.007829
EYE,2021-05-13,0.317068,0.011682,0.237037,0.007684
EYE,2018-11-13,0.311547,0.007681,0.157408,0.005392
EYE,2021-11-10,0.336699,0.00975,0.120841,0.007861
EYE,2019-11-07,0.528776,0.00881,0.242089,0.006767
EYE,2022-02-28,0.488453,0.010315,0.200522,0.008291
EYE,2019-05-09,0.416762,0.007808,0.165991,0.008386
EYE,2018-08-14,0.420618,0.009437,0.177613,0.005642
EYE,2019-08-06,0.516773,0.007945,0.264108,0.009672
EYE,2020-11-05,0.491768,0.00894,0.137784,0.008253
EYE,2020-05-09,0.116396,0.009672,0.095867,0.009591
EYE,2020-08-07,0.388459,0.008042,0.27128,0.0046
EYE,2018-05-15,0.430609,0.009329,0.135626,0.006635
EYE,2020-02-26,0.529316,0.006859,0.220668,0.003398
EYE,2021-03-03,0.470903,0.009862,0.152668,0.009205
EYE,2022-08-11,0.170212,0.009923,0.220594,0.009791
EYE,2021-08-12,0.490679,0.010926,0.233779,0.009267
DCPH,2020-03-09,0.391313,0.011465,0.147187,0.013319
DCPH,2021-05-04,0.512831,0.009679,0.160599,0.008022
DCPH,2020-08-04,0.36896,0.01006,0.142975,0.010817
DCPH,2020-11-06,0.44713,0.011434,0.159797,0.008744
DCPH,2021-08-03,0.349707,0.009968,0.141241,0.007563
DCPH,2021-02-09,0.38416,0.009431,0.155401,0.011534
DCPH,2021-11-02,0.498935,0.008553,0.161092,0.008305
DCPH,2020-05-05,0.24131,0.012561,0.185591,0.010518
DCPH,2019-11-04,0.35211,0.009294,0.202415,0.0121
BBSI,2019-02-27,0.155785,0.009342,0.121066,0.006826
BBSI,2021-05-05,0.294452,0.00448,0.175505,0.005021
BBSI,2020-05-06,-0.128028,0.007024,0.055975,0.005055
BBSI,2020-11-04,0.154581,0.009875,0.032213,0.0038
BBSI,2019-08-07,0.326573,0.010652,0.087336,0.005951
BBSI,2019-11-06,0.271795,0.00967,0.157872,0.011331
BBSI,2021-11-03,0.4575,0.007021,0.109059,0.006669
BBSI,2020-08-07,-0.061572,0.008338,0.008942,0.007557
BBSI,2020-02-26,0.202711,0.007015,0.112171,0.006603
BBSI,2019-05-01,0.117778,0.012119,0.058456,0.006536
BBSI,2021-03-03,0.123603,0.008256,0.08588,0.004018
BBSI,2021-08-04,0.225887,0.011186,0.104513,0.009627
CDNA,2019-08-01,0.433968,0.007155,0.24355,0.009866
CDNA,2019-03-06,0.494664,0.008717,0.183658,0.010975
CDNA,2021-05-05,0.421574,0.007539,0.228291,0.008034
CDNA,2020-10-29,0.353915,0.007389,0.267029,0.012162
CDNA,2020-08-04,0.269075,0.00833,0.228313,0.007456
CDNA,2019-10-31,0.416764,0.010817,0.236559,0.011803
CDNA,2019-05-08,0.352913,0.008278,0.201284,0.01244
CDNA,2020-04-30,0.221368,0.010643,0.0928,0.015722
CDNA,2021-07-29,0.418844,0.007194,0.276827,0.006946
CDNA,2021-02-24,0.442782,0.009005,0.214836,0.005359
CDNA,2021-10-28,0.437857,0.00609,0.084251,0.007348
CDNA,2020-02-27,0.385031,0.01161,0.226014,0.009709
MS,2019-01-17,0.267022,0.010568,0.065797,0.008549
MS,2020-04-16,0.097341,0.011011,0.105982,0.010172
MS,2018-04-18,0.431278,0.00871,0.108128,0.009082
MS,2018-10-16,0.351362,0.012597,0.082473,0.009618
MS,2019-04-17,0.102938,0.007748,0.016311,0.008411
MS,2018-07-18,0.367369,0.012178,0.218556,0.007173
BIO,2019-08-01,0.14565,0.00443,0.282918,0.013055
BIO,2020-02-13,0.138117,0.003871,0.108602,0.012702
BIO,2021-04-29,0.096611,0.005941,0.201973,0.016045
BIO,2020-07-30,-0.077169,0.007699,0.208401,0.009961
BIO,2021-02-11,0.142247,0.007132,0.209587,0.016338
BIO,2020-05-06,0.058788,0.007429,0.098715,0.011982
BIO,2020-10-29,0.206526,0.007822,0.111757,0.016935
BIO,2019-10-31,0.067613,0.006279,0.140126,0.014683
BIO,2019-05-08,0.250274,0.005086,0.209137,0.012022
BIO,2021-07-29,0.140302,0.008768,0.142792,0.009166
BIO,2018-11-01,0.081693,0.009017,0.06719,0.006935
BIO,2021-10-28,0.175268,0.007585,0.100182,0.011349
BIO,2019-02-28,0.352558,0.006983,0.171735,0.013965
CLNE,2022-08-04,0.427166,0.004346,0.184018,0.007967
CLNE,2022-02-24,0.421017,0.008769,0.097845,0.009454
CLNE,2019-05-09,0.325106,0.005563,0.18441,0.010909
CLNE,2020-11-05,0.232313,0.008245,0.109736,0.013136
CLNE,2020-05-07,0.173562,0.008726,-0.016575,0.010083
CLNE,2020-08-06,0.204752,0.010794,0.089023,0.006732
CLNE,2021-03-09,0.512723,0.007906,0.144783,0.008705
CLNE,2019-08-08,0.505759,0.005731,0.085992,0.006412
CLNE,2019-11-12,0.339704,0.007363,0.157669,0.005517
CLNE,2021-08-05,0.442536,0.006435,0.14855,0.008651
CLNE,2019-03-12,0.450459,0.006884,0.149302,0.0081
CLNE,2021-11-04,0.502756,0.005897,0.106467,0.00848
CLNE,2021-05-06,0.240094,0.00808,0.091594,0.008473
CLNE,2018-11-07,0.521869,0.003824,0.197042,0.010997
CLNE,2020-03-10,0.265292,0.006989,0.082532,0.005952
CLNE,2022-05-05,0.292806,0.01126,0.133807,0.009342
EGBN,2021-07-22,0.16017,0.003648,0.151389,0.009646
EGBN,2019-04-18,0.307707,0.004269,0.157582,0.012146
EGBN,2019-01-17,0.48088,0.005212,0.183908,0.013222
EGBN,2019-10-17,0.178473,0.004747,0.153196,0.011057
EGBN,2020-10-22,0.162293,0.004553,0.065871,0.014876
EGBN,2019-07-18,0.440295,0.004492,0.077933,0.014305
EGBN,2021-04-22,0.136402,0.00699,0.117592,0.01514
EGBN,2021-10-21,0.066868,0.003818,0.21301,0.009829
EGBN,2020-07-23,0.070909,0.00855,0.098616,0.016678
EGBN,2020-04-23,0.083844,0.007503,0.098837,0.014296
EGBN,2020-01-16,0.15182,0.004264,0.194672,0.010279
EGBN,2021-01-28,0.014088,0.007629,0.134597,0.013565
AXON,2019-02-26,0.410622,0.005258,0.13248,0.005897
AXON,2019-11-07,0.348158,0.005276,0.298573,0.006026
AXON,2019-05-09,0.326768,0.00874,0.122726,0.008873
AXON,2020-05-07,0.408201,0.007478,0.194338,0.007319
AXON,2019-08-08,0.342431,0.008292,0.221649,0.005826
AXON,2018-11-06,0.264767,0.008166,0.180649,0.005885
AXON,2020-02-27,0.441644,0.006599,0.182066,0.005677
AMKR,2020-07-27,0.293319,0.007027,0.133119,0.010202
AMKR,2019-02-11,0.108156,0.00853,0.043925,0.011971
AMKR,2019-07-29,0.406197,0.010497,0.146514,0.012658
AMKR,2019-05-02,0.118393,0.006807,0.232198,0.011352
AMKR,2020-04-27,0.16523,0.00984,0.172068,0.01585
AMKR,2019-10-28,0.42561,0.009236,0.032264,0.011771
AMKR,2021-07-26,0.509248,0.006455,0.272064,0.00507
AMKR,2021-02-08,0.452573,0.009068,0.254496,0.008615
AMKR,2020-10-26,0.526422,0.010339,0.199711,0.010006
AMKR,2021-04-26,0.392856,0.00723,0.248657,0.006905
AMKR,2020-02-10,0.233635,0.006138,0.107213,0.011987
AMKR,2021-10-25,0.461553,0.006524,0.157925,0.012488
WMT,2024-02-20,0.590734,0.008355,0.318153,0.004775
WMT,2023-08-17,0.580367,0.007416,0.334481,0.006101
WMT,2023-05-18,0.479323,0.007642,0.242576,0.005433
WMT,2023-11-16,0.421464,0.008542,0.253715,0.008433
WMT,2023-02-21,0.514221,0.009954,0.23574,0.007186
WMT,2021-08-17,0.604892,0.007521,0.327764,0.00492
WMT,2022-05-17,0.316812,0.005041,0.2273,0.004468
WMT,2022-11-15,0.505213,0.00701,0.238115,0.005268
WMT,2021-05-18,0.53527,0.006039,0.29329,0.004104
WMT,2018-11-15,0.392739,0.006144,0.208468,0.007742
WMT,2021-11-16,0.561733,0.006382,0.19423,0.005567
WMT,2022-08-16,0.379597,0.004901,0.128193,0.005984
WMT,2024-05-16,0.515886,0.006574,0.334461,0.004288
WMT,2019-02-19,0.483409,0.006761,0.158338,0.007644
WMT,2024-08-15,0.596642,0.006951,0.280327,0.005088
WMT,2021-02-18,0.411383,0.003835,0.286286,0.005653
WMT,2022-02-17,0.679885,0.008157,0.292316,0.006255
CSIQ,2020-11-19,0.396906,0.007128,0.232115,0.00958
CSIQ,2018-05-16,0.175996,0.007242,0.077689,0.012483
CSIQ,2019-03-21,0.191189,0.009721,0.094583,0.011649
CSIQ,2020-05-28,0.220631,0.008162,0.081042,0.011879
CSIQ,2019-05-30,0.152392,0.005504,0.173686,0.009877
CSIQ,2020-08-07,0.216829,0.008302,0.191757,0.013704
CSIQ,2021-11-18,0.393043,0.005446,0.106036,0.010643
CSIQ,2021-05-20,0.387265,0.006359,0.162585,0.011047
CSIQ,2019-11-12,0.306587,0.004703,0.061592,0.01214
CSIQ,2019-08-15,0.300771,0.004288,0.135039,0.007919
CSIQ,2021-03-18,0.337336,0.005803,0.149713,0.013406
CSIQ,2020-03-26,0.322129,0.012982,0.075082,0.011296
CSIQ,2021-08-12,0.441303,0.007306,0.101477,0.01105
HUBB,2021-10-26,0.250347,0.006618,0.114064,0.010173
HUBB,2020-02-04,0.32733,0.00471,0.144388,0.005915
HUBB,2022-04-26,0.451891,0.004409,0.10432,0.013155
HUBB,2022-02-03,0.411442,0.003708,0.175098,0.007124
HUBB,2020-07-30,0.216289,0.005245,0.148712,0.010456
HUBB,2018-10-23,0.437876,0.004718,0.083606,0.011186
HUBB,2020-04-30,0.030934,0.003661,0.003694,0.007832
HUBB,2022-07-26,0.532563,0.00396,0.094405,0.014205
HUBB,2019-04-30,0.444594,0.004698,0.186792,0.008086
HUBB,2020-10-27,0.305874,0.005414,0.21198,0.01169
HUBB,2021-07-27,0.360015,0.004678,0.212407,0.010151
HUBB,2019-10-29,0.411901,0.004092,0.152027,0.009284
HUBB,2019-07-30,0.497844,0.004129,0.144142,0.010479
HUBB,2019-02-05,0.379383,0.005205,0.177875,0.009836
HUBB,2021-02-02,0.392992,0.003151,0.147734,0.013931
HUBB,2021-04-27,0.278168,0.004256,0.137088,0.010379
BCOV,2019-07-24,0.248723,0.004963,0.203313,0.007163
BCOV,2021-02-17,0.454126,0.006499,0.267508,0.010731
BCOV,2022-04-27,0.203928,0.006546,0.257585,0.006208
BCOV,2021-04-29,0.44335,0.004555,0.184624,0.004749
BCOV,2021-10-27,0.31398,0.004091,0.135418,0.003787
BCOV,2021-07-28,0.410801,0.005322,0.1852,0.004321
BCOV,2019-04-24,0.289419,0.007918,0.229971,0.007152
BCOV,2020-02-19,0.428641,0.006581,0.086954,0.01073
BCOV,2020-04-29,0.217028,0.007696,0.09725,0.006938
BCOV,2020-07-22,0.389585,0.006732,0.268567,0.007527
BCOV,2022-02-16,0.32537,0.004158,0.1527,0.006081
BCOV,2020-10-21,0.531663,0.006667,0.225895,0.007866
BCOV,2019-02-13,0.305202,0.006289,0.178901,0.003851
BCOV,2019-10-23,0.409412,0.005302,0.102615,0.006461
BIOX,2021-11-10,0.336601,0.009171,0.240277,0.012202
BIOX,2022-02-10,0.549742,0.008475,0.217721,0.008166
BIOX,2022-05-12,0.165651,0.007899,0.249943,0.00794
BIOX,2021-09-09,0.296131,0.005394,0.19985,0.00877
ENTG,2020-04-21,0.085958,0.013608,0.173447,0.010891
ENTG,2021-10-26,0.223696,0.008156,0.14342,0.011336
ENTG,2020-02-04,0.514006,0.010837,0.353554,0.01048
ENTG,2022-04-26,0.377204,0.010773,0.342036,0.00479
ENTG,2019-07-25,0.138816,0.010473,0.185074,0.010422
ENTG,2020-10-22,0.474565,0.010484,0.260276,0.011514
ENTG,2022-08-02,0.319257,0.008703,0.30855,0.009425
ENTG,2019-04-25,-0.083533,0.008075,0.17654,0.01007
ENTG,2019-10-24,0.209116,0.011358,0.271228,0.005383
ENTG,2020-07-23,0.40796,0.012782,0.197321,0.010867
ENTG,2021-07-27,0.554309,0.010857,0.307352,0.008263
ENTG,2019-02-05,0.325771,0.008252,0.170841,0.008194
ENTG,2021-02-02,0.324707,0.012857,0.230034,0.009196
ENTG,2021-04-27,0.388496,0.011858,0.251405,0.010154
ENTG,2022-02-01,0.568202,0.008561,0.23832,0.00762
BGFV,2021-05-04,0.3259,0.009905,0.082485,0.00554
BGFV,2022-08-02,0.016894,0.009524,-0.03555,0.007589
BGFV,2021-08-03,0.3132,0.010473,0.185499,0.013889
BGFV,2022-05-03,-0.005836,0.009915,0.16529,0.014535
BGFV,2021-11-02,0.12212,0.008942,0.235714,0.006202
BGFV,2022-03-01,0.265446,0.008068,0.255384,0.009183
BGFV,2021-03-02,0.259214,0.008639,0.05094,0.009605
BGFV,2018-10-30,-0.167099,0.008204,0.069272,0.008219
CCRN,2020-03-04,0.268986,0.007666,0.293887,0.006636
CCRN,2020-05-07,0.14535,0.00837,0.062473,0.011514
CCRN,2019-11-05,0.249147,0.005381,0.322176,0.01073
CCRN,2019-05-01,0.227991,0.005482,0.266896,0.007885
CCRN,2021-08-04,0.124357,0.008994,0.208135,0.008564
CCRN,2019-07-31,0.289865,0.004561,0.32366,0.006948
BPMC,2019-08-01,0.397267,0.006769,0.125996,0.011082
BPMC,2020-02-13,0.432092,0.00575,0.165424,0.008264
BPMC,2019-02-26,0.438257,0.006593,0.196756,0.008964
BPMC,2020-05-06,0.371532,0.008625,0.156258,0.009668
BPMC,2019-05-09,0.521737,0.007225,0.147333,0.011739
BPMC,2021-10-28,0.563879,0.00571,0.201343,0.010579
AGNC,2021-10-26,0.130193,0.015768,0.29332,0.014689
AGNC,2024-07-23,-0.014101,0.011278,0.097845,0.011122
AGNC,2022-10-25,-0.24524,0.013912,0.123066,0.012894
AGNC,2023-07-25,-0.025186,0.012719,0.089689,0.011296
AGNC,2021-01-26,0.213262,0.010018,0.208688,0.009856
AGNC,2019-07-25,0.06571,0.010105,0.058791,0.013644
AGNC,2023-01-31,0.046477,0.011135,0.139568,0.012424
AGNC,2019-01-31,-0.02025,0.013187,0.152816,0.0135
AGNC,2024-04-23,0.210746,0.014742,0.136313,0.011785
AGNC,2019-10-31,0.058447,0.014687,0.148558,0.012827
AGNC,2019-04-25,0.043299,0.013847,0.044515,0.014702
AGNC,2020-04-30,0.002798,0.014274,0.095852,0.011412
AGNC,2023-10-31,-0.034808,0.014537,0.124171,0.008891
AGNC,2022-07-26,0.101679,0.010899,0.190953,0.014682
AGNC,2020-01-30,0.154286,0.010606,0.1086,0.009372
AGNC,2020-10-27,0.174217,0.010448,0.153273,0.009039
AGNC,2021-07-27,0.123605,0.013356,0.198446,0.009864
AGNC,2024-01-23,0.231458,0.011164,0.185692,0.014054
AGNC,2022-05-03,-0.093465,0.012012,0.176582,0.011373
AGNC,2020-07-28,0.271155,0.010135,0.133793,0.009229
AGNC,2021-04-27,0.219808,0.011031,0.198063,0.009553
AGNC,2022-02-01,0.147821,0.01141,0.163312,0.013135
ARCB,2019-11-01,0.153951,0.005731,0.089075,0.004281
ARCB,2020-11-03,0.241769,0.004624,0.15491,0.007979
ARCB,2021-05-04,0.44845,0.005096,0.275349,0.00948
ARCB,2018-11-02,0.533999,0.004634,0.309591,0.008599
ARCB,2019-01-31,0.439667,0.005051,0.158624,0.00905
ARCB,2021-08-02,0.417374,0.004353,0.251381,0.00845
ARCB,2020-01-31,-0.011407,0.004819,0.288337,0.007505
ARCB,2021-11-02,0.614591,0.003571,0.241061,0.006555
ARCB,2020-05-05,0.071957,0.009024,0.16724,0.007569
ARCB,2020-07-29,-0.120051,0.00913,0.227402,0.008423
ARCB,2021-02-02,0.336375,0.004332,0.25291,0.007721
ARCB,2019-07-31,0.104391,0.007285,0.219198,0.005292
DG,2023-12-07,0.395003,0.009831,0.235365,0.008187
DG,2018-03-15,0.559637,0.009304,0.30186,0.010465
DG,2022-05-26,0.525628,0.009338,0.356446,0.006836
DG,2020-03-12,0.639924,0.011172,0.342601,0.010974
DG,2021-08-26,0.397694,0.009114,0.248714,0.009363
DG,2022-08-25,0.629289,0.01053,0.322531,0.005805
DG,2018-12-04,0.447911,0.012064,0.25598,0.008722
DG,2023-08-31,0.407165,0.011151,0.35865,0.005508
DG,2023-03-16,0.533842,0.013391,0.26468,0.006618
DG,2020-12-03,0.62255,0.009589,0.382758,0.009295
DG,2020-05-28,0.582113,0.011371,0.340048,0.008599
DG,2019-03-14,0.581961,0.012169,0.324732,0.00787
DG,2023-06-01,0.393991,0.013168,0.288892,0.006933
DG,2019-08-29,0.68775,0.013081,0.336293,0.008591
DG,2019-05-30,0.547608,0.013113,0.323094,0.011415
DG,2020-08-27,0.614931,0.009683,0.348619,0.008108
DG,2021-03-18,0.614203,0.010479,0.28071,0.009914
DG,2021-05-27,0.539222,0.010194,0.272639,0.009084
DG,2024-05-30,0.429867,0.01121,0.329529,0.010395
DG,2022-03-17,0.500119,0.010349,0.289576,0.006703
DG,2019-12-05,0.669795,0.01171,0.378414,0.006356
DG,2018-08-30,0.56391,0.009875,0.357201,0.007351
DG,2021-12-02,0.527566,0.010284,0.315271,0.009788
DG,2024-03-14,0.31976,0.010103,0.292312,0.007601
DG,2024-08-29,0.271681,0.011181,0.159205,0.008515
DG,2022-12-01,0.514978,0.012184,0.273968,0.007438
CVX,2020-07-31,-0.145615,0.005834,0.089017,0.007288
CVX,2022-01-28,0.024685,0.003342,0.224743,0.009023
CVX,2023-07-28,0.020026,0.002582,0.152211,0.006863
CVX,2018-04-27,0.322574,0.008104,0.12199,0.009955
CVX,2019-11-01,0.235289,0.006818,0.191687,0.005482
CVX,2018-02-02,0.219521,0.005444,0.172267,0.007272
CVX,2020-05-01,-0.026808,0.003991,0.026122,0.007826
CVX,2022-10-28,0.159512,0.0,0.171069,0.009316
CVX,2023-01-27,0.185437,0.007174,0.162277,0.009384
CVX,2018-11-02,0.40547,0.008249,0.238784,0.007881
CVX,2019-02-01,0.378125,0.006731,0.295686,0.009059
CVX,2023-04-28,0.161478,0.002033,0.125154,0.008881
CVX,2023-10-27,0.035733,0.004329,0.107618,0.006825
CVX,2022-07-29,0.297484,0.00545,0.287025,0.005701
CVX,2024-08-02,0.057893,0.002147,0.225726,0.007118
CVX,2019-04-26,-0.045901,0.005505,0.157991,0.009464
CVX,2021-07-30,0.454518,0.005185,0.236058,0.006821
CVX,2020-10-30,0.190015,0.003286,0.214584,0.008387
CVX,2020-01-31,0.257069,0.00379,0.246014,0.007182
CVX,2022-04-29,0.16265,0.003071,0.182886,0.009757
CVX,2021-04-30,0.015995,0.000963,0.175677,0.006419
CVX,2021-01-29,-0.008176,0.005165,0.134431,0.008224
CVX,2024-02-02,0.307831,0.005703,0.260596,0.006381
CVX,2021-10-29,0.308272,0.004146,0.231401,0.008861
CVX,2019-08-02,0.372903,0.00501,0.248093,0.008222
CVX,2024-04-26,0.084527,0.004154,0.214536,0.008135
AMBA,2021-08-31,0.355639,0.00521,0.232148,0.008766
AMBA,2019-06-04,0.018443,0.010905,0.155724,0.012373
AMBA,2020-03-04,0.159786,0.008467,0.12213,0.011374
AMBA,2022-05-31,0.13615,0.006242,0.126543,0.015002
AMBA,2020-09-02,0.114158,0.008062,0.241031,0.013887
AMBA,2020-11-23,0.313813,0.00747,0.154117,0.011297
AMBA,2021-11-30,0.322396,0.004114,0.144018,0.010615
AMBA,2022-02-28,0.279406,0.00702,0.022675,0.012351
AMBA,2020-06-02,0.104431,0.009674,0.101617,0.01028
AMBA,2023-08-29,0.058436,0.010496,0.042168,0.008379
AMBA,2019-08-29,0.177743,0.006935,0.157985,0.014929
AMBA,2019-11-25,0.224319,0.006538,0.144608,0.013073
AMBA,2023-05-30,0.266775,0.006204,0.105573,0.010275
AMBA,2018-06-05,0.096349,0.009489,0.196084,0.010072
AMBA,2022-08-30,0.06316,0.00797,0.081927,0.010885
AMBA,2021-03-02,0.183941,0.007465,0.235064,0.009617
AMBA,2018-08-30,0.022715,0.006566,0.16882,0.010748
AMBA,2021-06-01,0.137274,0.005852,0.192948,0.011202
AMBA,2019-03-05,0.084952,0.007232,0.133079,0.010297
AMBA,2023-02-28,0.29085,0.006617,0.079038,0.01059
AMBA,2022-12-01,0.259399,0.00735,0.178315,0.010407
FCEL,2022-09-08,0.275625,0.01108,0.407306,0.007359
FCEL,2021-12-29,0.353718,0.00678,0.222012,0.008035
FCEL,2021-09-14,0.327026,0.007754,0.247425,0.006012
FCEL,2022-03-10,0.194073,0.007557,0.237189,0.010083
FCEL,2020-09-10,0.316893,0.006405,0.271528,0.003793
FCEL,2021-05-16,0.299818,0.007236,0.224912,0.009836
FCEL,2022-06-09,0.377241,0.008401,0.174923,0.008025
FCEL,2020-06-12,0.252689,0.006727,0.242529,0.004722
NCLH,2018-11-08,0.601838,0.009306,0.284764,0.010363
NCLH,2023-11-01,0.41894,0.009622,0.127754,0.007719
NCLH,2022-05-10,0.619532,0.00691,0.370968,0.006916
NCLH,2022-11-08,0.531664,0.00993,0.216392,0.006978
NCLH,2023-08-01,0.531405,0.010327,0.355128,0.00987
NCLH,2022-08-09,0.529409,0.007709,0.260277,0.01007
NCLH,2021-08-06,0.497259,0.011069,0.310227,0.012048
NCLH,2022-02-24,0.414016,0.007984,0.254308,0.010966
NCLH,2019-11-07,0.446788,0.009213,0.256552,0.005455
NCLH,2019-02-21,0.609556,0.008227,0.252656,0.010664
NCLH,2019-05-09,0.613612,0.009224,0.348959,0.006437
NCLH,2021-02-26,0.366085,0.013018,0.161407,0.011277
NCLH,2024-02-27,0.61475,0.012222,0.287713,0.008824
NCLH,2021-11-03,0.520631,0.008929,0.189459,0.011631
NCLH,2020-02-20,0.322607,0.010724,0.018296,0.011016
NCLH,2024-07-31,0.667094,0.005691,0.266645,0.0102
NCLH,2019-08-08,0.569647,0.011041,0.238273,0.009738
NCLH,2024-05-01,0.661913,0.007889,0.218737,0.01121
NCLH,2023-05-01,0.570752,0.009739,0.336707,0.006822
NCLH,2021-05-06,0.460213,0.011956,0.200225,0.00944
NCLH,2023-02-28,0.497981,0.012256,0.240329,0.010815
CNDT,2024-08-07,0.121762,0.007167,0.22062,0.011026
CNDT,2022-08-02,0.119624,0.008703,0.248017,0.004286
CNDT,2019-02-20,0.386885,0.004541,0.253744,0.00535
CNDT,2020-05-07,0.182304,0.007939,0.154233,0.009039
CNDT,2022-05-03,0.118542,0.006215,0.260015,0.007827
CNDT,2022-11-01,0.105187,0.006364,0.177299,0.005148
CNDT,2024-05-01,0.021742,0.005969,0.230723,0.011007
CNDT,2022-02-16,0.206352,0.008277,0.175979,0.006093
CNDT,2021-08-05,0.429164,0.004869,0.238364,0.00346
CNDT,2021-11-04,0.089709,0.005865,0.128375,0.00514
BL,2019-08-01,0.551022,0.007252,0.257699,0.007517
BL,2019-05-02,0.53777,0.007477,0.246222,0.006291
BL,2020-02-13,0.66289,0.007123,0.28052,0.006895
BL,2020-04-30,0.410792,0.009302,0.187905,0.008134
BL,2019-11-06,0.543547,0.009383,0.27815,0.008101
BL,2019-02-14,0.538129,0.007892,0.243852,0.009225
BL,2021-11-04,0.617996,0.007244,0.224699,0.005785
UHS,2021-10-26,0.106134,0.007576,0.069906,0.008282
UHS,2021-02-26,-0.098874,0.016304,-0.00919,0.009709
UHS,2019-04-26,0.030823,0.013867,0.026541,0.010188
UHS,2021-07-27,0.235893,0.008333,0.104311,0.010854
UHS,2019-10-25,0.105474,0.015416,0.092927,0.011278
UHS,2020-04-28,-0.381815,0.009859,0.037825,0.007765
UHS,2019-07-26,0.247664,0.018458,0.09653,0.010459
UHS,2019-02-28,0.271638,0.015495,0.116177,0.010082
UHS,2021-04-27,-0.195439,0.011364,0.00323,0.010063
UHS,2018-10-26,-0.018443,0.014337,0.135094,0.010265
UHS,2020-02-27,0.385746,0.015426,0.0456,0.011424
GPN,2020-02-12,0.729777,0.006354,0.304089,0.004817
GPN,2019-05-02,0.548456,0.00831,0.321928,0.007182
GPN,2021-05-04,0.637831,0.008582,0.341925,0.005988
GPN,2020-05-06,0.678886,0.009292,0.291434,0.005824
GPN,2019-10-31,0.653915,0.008976,0.331595,0.005269
GPN,2021-02-08,0.641792,0.006024,0.346946,0.007077
GPN,2021-08-02,0.668432,0.006822,0.344692,0.006384
GPN,2021-11-02,0.657735,0.006987,0.237684,0.006824
GPN,2019-07-30,0.630839,0.008048,0.369491,0.006138
GPN,2019-02-13,0.579585,0.01314,0.344596,0.005377
GPN,2018-10-30,0.556331,0.009268,0.319824,0.005737
DLR,2021-10-26,0.473885,0.007432,0.265751,0.007424
DLR,2018-10-25,0.490184,0.010465,0.258253,0.008341
DLR,2020-02-13,0.378552,0.009963,0.18569,0.0045
DLR,2021-04-29,0.441874,0.009459,0.23097,0.005868
DLR,2020-07-30,0.349051,0.009581,0.269968,0.011974
DLR,2021-02-11,0.502204,0.008262,0.212384,0.007544
DLR,2020-10-29,0.426935,0.008587,0.219725,0.004075
DLR,2023-10-26,0.590122,0.005483,0.238175,0.006503
DLR,2024-05-02,0.548879,0.006407,0.278989,0.009431
DLR,2024-07-25,0.605852,0.006061,0.206742,0.007809
DLR,2023-02-16,0.489983,0.006946,0.245843,0.008434
DLR,2020-05-07,0.278476,0.009148,0.201312,0.009481
DLR,2021-07-29,0.38114,0.009023,0.244363,0.00513
DLR,2022-07-28,0.382789,0.006577,0.147253,0.008258
DLR,2019-10-29,0.384162,0.009665,0.158475,0.007183
DLR,2023-04-27,0.528441,0.007094,0.265489,0.007081
DLR,2019-07-30,0.435614,0.007772,0.185804,0.009905
DLR,2019-02-05,0.477015,0.010151,0.187191,0.005183
DLR,2023-07-27,0.649371,0.007779,0.302967,0.005498
DLR,2024-02-15,0.682372,0.008163,0.184915,0.007339
DLR,2022-10-26,0.33326,0.006859,0.23808,0.01037
DLR,2022-04-28,0.386967,0.009062,0.152924,0.008395
DLR,2022-02-17,0.56103,0.009212,0.224154,0.007975
MO,2018-10-25,0.140908,0.011982,0.1568,0.009333
MO,2024-04-25,0.154013,0.010309,0.18492,0.00533
MO,2023-08-01,0.253588,0.009178,0.192584,0.004685
MO,2024-02-01,0.309098,0.0125,0.11517,0.006839
MO,2021-04-29,0.280226,0.007911,0.150901,0.009304
MO,2023-10-26,0.245209,0.007356,0.136509,0.007706
MO,2019-01-31,0.278636,0.009405,0.155068,0.009874
MO,2023-02-01,0.179489,0.005281,0.151218,0.008145
MO,2019-10-31,0.352658,0.01309,0.180743,0.015428
MO,2019-04-25,0.204494,0.012486,0.141197,0.009676
MO,2020-04-30,0.184219,0.011871,0.162841,0.00885
MO,2021-07-29,0.312785,0.010029,0.136726,0.007674
MO,2020-01-30,0.257643,0.01007,0.050099,0.011521
MO,2024-07-31,0.148769,0.008274,0.096017,0.009989
MO,2020-10-30,0.311367,0.010942,0.195145,0.008802
MO,2022-07-28,0.216912,0.01043,0.166302,0.006259
MO,2023-04-27,0.18512,0.009453,0.096312,0.010619
MO,2019-07-30,0.367031,0.008035,0.198965,0.009534
MO,2022-10-27,0.366208,0.011012,0.177404,0.011079
MO,2021-10-28,0.199985,0.008433,0.107454,0.006993
MO,2022-01-27,0.146561,0.009174,0.149053,0.007084
MO,2020-07-28,0.319185,0.009534,0.165167,0.008742
MO,2021-01-28,0.291384,0.009794,0.144598,0.009243
MO,2022-04-28,0.217466,0.008946,0.17544,0.006342
CPT,2019-11-01,0.103515,0.012178,0.083535,0.009013
CPT,2019-02-01,0.237476,0.017051,0.075508,0.010615
CPT,2022-02-04,0.316291,0.017538,0.148507,0.009819
CPT,2023-04-28,0.253715,0.013755,0.078186,0.009447
CPT,2024-05-03,0.085659,0.011803,0.108742,0.009522
CPT,2023-10-27,-0.07556,0.014719,0.067758,0.008914
CPT,2021-02-05,0.286577,0.017569,0.114881,0.007658
CPT,2022-07-29,0.465015,0.020147,0.02879,0.012127
CPT,2024-08-02,-0.040686,0.014624,0.16179,0.008181
CPT,2023-02-03,0.253703,0.020226,0.03379,0.010795
CPT,2021-07-30,0.454668,0.01191,0.104384,0.006165
CPT,2020-10-30,0.110922,0.015331,-0.005371,0.007727
CPT,2020-05-09,0.122159,0.013845,-0.034386,0.009796
CPT,2020-01-31,0.220051,0.017977,0.07462,0.011397
CPT,2023-08-04,0.283783,0.013173,-0.000385,0.010883
CPT,2019-07-26,0.235141,0.015267,0.127733,0.010692
CPT,2022-04-29,0.391607,0.018957,0.084553,0.01156
CPT,2021-04-30,0.130227,0.009372,0.101154,0.004917
CPT,2024-02-02,0.06786,0.016796,0.06349,0.008758
CPT,2021-10-29,0.388368,0.017277,0.049639,0.008657
CPT,2018-10-26,0.148417,0.015194,0.038648,0.007718
TXN,2020-04-21,-0.029668,0.006262,0.030131,0.008904
TXN,2021-10-26,0.304516,0.005291,0.043399,0.010232
TXN,2020-01-22,-0.146129,0.006653,0.006887,0.006826
TXN,2021-01-26,0.101267,0.00563,0.148983,0.007407
TXN,2020-07-21,0.060358,0.011604,0.046609,0.00757
TXN,2018-10-23,0.277384,0.005412,-0.018654,0.006214
TXN,2019-07-23,0.017374,0.007343,-0.007447,0.007005
TXN,2018-07-24,0.430824,0.007442,0.089212,0.006213
TXN,2019-10-22,0.115832,0.007096,-0.124002,0.006629
TXN,2019-01-23,-0.055284,0.006897,0.034169,0.011286
TXN,2021-07-21,0.38971,0.005671,0.050652,0.009445
TXN,2021-04-27,0.261854,0.004912,0.153131,0.008306
TXN,2020-10-20,0.145284,0.008636,0.075161,0.007564
TXN,2018-04-24,0.314351,0.006748,0.076872,0.010179
KLAC,2024-04-25,0.252639,0.01133,0.242615,0.009283
KLAC,2020-02-04,0.34259,0.006742,0.175684,0.007909
KLAC,2018-10-29,0.277,0.008068,0.248211,0.006272
KLAC,2021-04-29,0.589106,0.008778,0.298528,0.005939
KLAC,2020-08-03,0.679309,0.006437,0.242624,0.009002
KLAC,2021-10-27,0.590921,0.008498,0.350092,0.009358
KLAC,2019-10-30,0.436517,0.004773,0.225182,0.008214
KLAC,2024-07-24,0.477204,0.010266,0.249596,0.007596
KLAC,2020-10-28,0.520445,0.008708,0.289262,0.008081
KLAC,2023-01-26,0.321355,0.008827,-0.025091,0.012358
KLAC,2021-07-29,0.560843,0.009103,0.290957,0.007316
KLAC,2019-01-29,0.125473,0.00755,0.112214,0.009535
KLAC,2019-08-05,0.217804,0.007396,0.288254,0.010948
KLAC,2022-07-28,0.426035,0.006825,0.127846,0.008632
KLAC,2020-05-05,0.321695,0.008621,0.094949,0.009018
KLAC,2019-05-06,0.179196,0.007173,0.254759,0.009173
KLAC,2023-10-25,0.357935,0.008817,0.118687,0.008084
KLAC,2021-02-03,0.553374,0.008491,0.244712,0.008455
KLAC,2022-01-27,0.496997,0.006893,0.235375,0.008671
KLAC,2023-07-27,0.26565,0.008801,0.221273,0.010201
KLAC,2022-10-26,0.321635,0.007237,0.187295,0.011113
KLAC,2024-01-25,0.176458,0.009269,0.179147,0.007822
KLAC,2022-04-28,0.435463,0.008799,0.248755,0.008394
INTC,2021-07-22,0.391624,0.00343,0.233041,0.006344
INTC,2018-10-25,0.486775,0.007847,0.256751,0.006137
INTC,2024-04-25,0.428853,0.005814,0.315651,0.004659
INTC,2019-07-25,0.227001,0.007189,0.132391,0.010358
INTC,2020-01-23,0.501175,0.005567,0.150476,0.006961
INTC,2020-10-22,0.236262,0.006211,0.112194,0.009423
INTC,2023-10-26,0.559344,0.00395,0.337362,0.005695
INTC,2021-04-22,0.407129,0.005848,0.266699,0.006968
INTC,2021-01-21,0.313347,0.005591,0.316961,0.007167
INTC,2024-08-01,0.244225,0.006729,0.200689,0.007632
INTC,2018-07-26,0.539599,0.005049,0.319106,0.00765
INTC,2019-04-25,-0.022763,0.007378,0.097848,0.009947
INTC,2021-10-21,0.476731,0.004116,0.263504,0.005886
INTC,2023-01-26,0.251473,0.005557,0.158325,0.008039
INTC,2019-10-24,0.294808,0.00651,0.215884,0.005164
INTC,2020-07-23,0.303694,0.007465,0.168951,0.007677
INTC,2019-01-24,0.330373,0.005495,0.062921,0.007671
INTC,2022-07-28,0.25758,0.005149,0.250562,0.004818
INTC,2023-04-27,0.38247,0.005112,0.259849,0.006192
INTC,2020-04-23,0.501124,0.005534,0.207515,0.006222
INTC,2022-10-27,0.303543,0.004982,0.196185,0.0057
INTC,2022-01-26,0.475805,0.004141,0.267893,0.005518
INTC,2023-07-27,0.509448,0.004595,0.287932,0.003596
INTC,2024-01-25,0.603261,0.004983,0.281304,0.006908
INTC,2022-04-28,0.461811,0.00481,0.321797,0.006143
BK,2018-10-18,0.407056,0.00729,0.095736,0.007179
BK,2018-04-19,0.394903,0.008248,0.204996,0.00905
FDUS,2020-02-28,0.306842,0.005695,0.132789,0.010895
FDUS,2019-11-01,0.243483,0.00768,0.08269,0.007928
FDUS,2020-05-01,0.142718,0.010163,0.123528,0.010586
FDUS,2018-03-02,0.157855,0.007332,0.040353,0.008798
FDUS,2021-08-06,0.173073,0.007366,0.17421,0.005287
FDUS,2021-02-26,0.268828,0.010877,0.214347,0.007383
FDUS,2019-03-01,0.256547,0.00754,0.161263,0.011335
FDUS,2020-10-30,0.245179,0.010124,0.153474,0.010095
FDUS,2020-08-07,0.112884,0.014404,0.21541,0.009252
FDUS,2021-05-07,0.115036,0.007709,0.195753,0.006876
FDUS,2021-11-05,0.103031,0.008442,0.069467,0.009885
FDUS,2019-08-02,-0.001205,0.008213,0.154905,0.007561
APP,2021-08-11,0.509215,0.010221,0.304726,0.006367
APP,2024-05-08,0.474514,0.015288,0.239817,0.004809
APP,2021-11-10,0.42535,0.009174,0.248245,0.01046
APP,2024-08-07,0.516485,0.008071,0.218686,0.005973
APP,2023-08-09,0.614266,0.009245,0.414771,0.009901
APP,2023-05-10,0.445182,0.011519,0.282981,0.005927
APP,2023-11-08,0.409762,0.005914,0.264554,0.007768
APP,2022-02-16,0.534768,0.010691,0.231086,0.006126
APP,2024-02-14,0.6689,0.011372,0.211939,0.008831
NI,2021-02-17,0.267203,0.009373,0.152717,0.010587
NI,2021-05-05,0.308943,0.011082,0.192627,0.011561
NI,2020-05-06,0.329473,0.009972,0.138324,0.010479
NI,2019-10-30,0.291618,0.010037,0.172688,0.009143
NI,2019-02-20,0.398715,0.008326,0.109518,0.006857
NI,2021-11-03,0.28705,0.014211,0.222993,0.011202
NI,2018-08-01,0.398732,0.012478,0.199833,0.0103
NI,2018-11-01,0.425945,0.010695,0.130833,0.008253
NI,2019-05-01,0.431518,0.008837,0.155439,0.011066
NI,2021-08-04,0.327367,0.011868,0.151061,0.010007
NI,2019-07-31,0.424927,0.01164,0.194669,0.010627
NI,2020-02-27,0.324118,0.008862,0.165649,0.00747
EVER,2020-02-24,0.654195,0.009376,0.339918,0.00771
EVER,2020-11-02,0.551809,0.011569,0.377629,0.010177
EVER,2018-11-12,0.285857,0.010604,0.19368,0.010463
EVER,2021-05-04,0.616675,0.009038,0.299673,0.009159
EVER,2021-11-01,0.239813,0.011538,0.221008,0.010993
EVER,2020-08-04,0.584843,0.010109,0.413578,0.010246
EVER,2020-05-04,0.581836,0.010814,0.300391,0.010722
EVER,2019-08-05,0.597053,0.012411,0.384746,0.007009
EVER,2021-08-02,0.525608,0.012141,0.361295,0.00684
EVER,2019-05-06,0.457718,0.007781,0.257068,0.011287
EVER,2019-11-04,0.669778,0.008068,0.330731,0.008431
EVER,2021-02-22,0.590517,0.008959,0.350818,0.00848
BRKL,2018-10-25,0.237805,0.009132,0.126739,0.011846
BRKL,2021-04-29,0.090587,0.008036,0.052682,0.01193
BRKL,2019-07-25,0.019935,0.005519,0.035577,0.010523
BRKL,2020-10-29,0.034657,0.012567,0.029371,0.010367
BRKL,2019-01-31,0.217324,0.010707,0.065395,0.009752
BRKL,2019-04-25,0.215672,0.007982,0.165786,0.010231
BRKL,2020-04-30,0.058879,0.007174,0.083901,0.016742
BRKL,2021-07-29,0.043349,0.008065,0.150571,0.011931
BRKL,2019-10-24,0.128935,0.00555,0.120633,0.012995
BRKL,2020-01-30,-0.042131,0.010204,0.136087,0.009242
BRKL,2020-07-23,0.220183,0.008479,0.037838,0.012389
BRKL,2021-10-28,-0.198684,0.006689,0.101947,0.012574
BRKL,2021-01-28,0.158493,0.006045,0.03855,0.011997
TTWO,2022-08-08,0.461582,0.009938,0.159302,0.01164
TTWO,2020-05-20,0.471548,0.00627,0.177438,0.008444
TTWO,2019-02-06,0.630192,0.004128,0.195878,0.007833
TTWO,2023-02-06,0.458841,0.010889,0.166291,0.006117
TTWO,2020-08-03,0.524309,0.004682,0.176267,0.00835
TTWO,2018-05-16,0.538985,0.004718,0.115296,0.009891
TTWO,2019-11-07,0.52891,0.005837,0.217057,0.008032
TTWO,2019-05-13,0.536706,0.00514,0.187707,0.010887
TTWO,2018-08-02,0.414639,0.005435,0.182463,0.011635
TTWO,2022-05-16,0.450258,0.011114,0.106011,0.010123
TTWO,2021-05-18,0.540105,0.006856,0.236128,0.006562
TTWO,2020-11-05,0.523032,0.004054,0.234161,0.006893
TTWO,2024-05-16,0.465782,0.00947,0.223812,0.004578
TTWO,2021-11-03,0.541797,0.007615,0.31208,0.005533
TTWO,2024-02-08,0.472417,0.007888,0.161765,0.012182
TTWO,2019-08-05,0.566656,0.004617,0.224636,0.007599
TTWO,2021-02-08,0.495292,0.004991,0.218756,0.008072
TTWO,2021-08-02,0.375521,0.006649,0.181348,0.005723
TTWO,2022-02-07,0.50201,0.006758,0.194838,0.008094
TTWO,2023-08-08,0.434905,0.008699,0.171559,0.009311
TTWO,2023-11-08,0.462315,0.007962,0.16115,0.007684
TTWO,2023-05-17,0.534283,0.011925,0.186714,0.008748
TTWO,2024-08-08,0.504132,0.007835,0.15458,0.010967
TTWO,2020-02-06,0.577421,0.005846,0.170973,0.008973
TTWO,2018-11-07,0.582818,0.004354,0.160896,0.0092
TTWO,2022-11-07,0.455749,0.01019,0.146704,0.011563
ERIC,2019-10-17,0.116497,0.00687,0.132202,0.009818
ERIC,2022-01-25,0.496003,0.003669,0.21758,0.007732
ERIC,2020-07-17,0.36948,0.00561,0.161453,0.010303
ERIC,2020-01-24,0.129008,0.005812,0.187189,0.007205
ERIC,2022-04-14,0.359589,0.003614,0.279429,0.009383
ERIC,2021-04-21,0.425576,0.003547,0.162788,0.009887
ERIC,2021-10-19,0.359714,0.004893,0.230341,0.012215
ERIC,2020-10-21,0.496748,0.004386,0.265486,0.006516
ERIC,2021-01-29,0.311428,0.00641,0.248201,0.007399
ERIC,2021-07-16,0.358494,0.006526,0.129258,0.010893
ERIC,2020-04-22,0.234169,0.007042,0.183122,0.010402
ERIC,2022-07-14,0.511305,0.005319,0.26522,0.009386
HCA,2024-01-30,0.515572,0.009875,0.270105,0.0089
HCA,2020-04-21,0.166727,0.015492,0.142375,0.008217
HCA,2024-07-23,0.358878,0.009146,0.207183,0.010179
HCA,2023-01-27,0.458169,0.012809,0.255445,0.012318
HCA,2020-01-28,0.445454,0.00965,0.24379,0.008086
HCA,2021-04-22,0.152159,0.013017,0.228838,0.011844
HCA,2022-10-21,0.311271,0.012916,0.169905,0.011379
HCA,2023-10-24,0.271544,0.012582,0.169955,0.008899
HCA,2019-04-30,0.26533,0.012064,0.339409,0.009168
HCA,2021-10-22,0.309607,0.021337,0.221613,0.00802
HCA,2020-07-22,0.029902,0.013058,0.201288,0.011307
HCA,2020-10-26,0.038697,0.019687,0.167993,0.009853
HCA,2022-04-22,0.214009,0.016201,0.080737,0.010747
HCA,2019-10-29,0.393174,0.012312,0.308057,0.008237
HCA,2019-07-30,0.17677,0.00995,0.163789,0.009623
HCA,2021-07-20,0.26319,0.014286,0.271952,0.011694
HCA,2022-01-27,0.273832,0.015179,0.232479,0.012961
HCA,2021-02-02,0.330543,0.0158,0.221333,0.01261
HCA,2023-07-27,0.348064,0.01536,0.290345,0.009642
HCA,2022-07-22,0.169522,0.00939,0.240704,0.010614
HCA,2024-04-26,0.498081,0.015972,0.278228,0.012359
HCA,2018-10-30,0.232923,0.008262,0.229794,0.011844
GS,2018-07-17,0.260175,0.010101,0.125585,0.005911
GS,2020-10-14,0.431279,0.011443,0.15953,0.010697
GS,2019-01-16,0.386629,0.006559,0.153761,0.007235
GS,2019-04-15,0.201573,0.008611,0.164696,0.006315
GS,2021-04-14,0.517914,0.009306,0.149171,0.009698
GS,2019-07-16,0.244235,0.009174,0.147794,0.009044
GS,2018-10-16,0.135149,0.010167,0.123425,0.008139
DSKE,2019-08-05,0.312002,0.005662,0.023642,0.006157
DSKE,2021-08-03,0.550694,0.007406,0.225578,0.007326
DSKE,2021-10-22,0.52314,0.009228,0.207521,0.00643
DSKE,2020-05-08,0.13539,0.010619,-0.014776,0.010017
DSKE,2020-10-30,0.420234,0.008208,0.195468,0.009137
DSKE,2020-08-07,0.31843,0.006777,0.253965,0.009358
DSKE,2019-05-06,0.389789,0.005992,0.15947,0.009398
DSKE,2019-11-12,0.070737,0.005562,0.096743,0.006849
DSKE,2019-03-08,0.470557,0.007058,0.108389,0.013108
DSKE,2021-01-29,0.379492,0.008046,0.127809,0.009294
DSKE,2021-05-07,0.326586,0.005498,0.302019,0.007503
DSKE,2020-03-10,0.072267,0.004842,0.107725,0.009793
TMUS,2022-02-02,0.597515,0.006702,0.233844,0.005035
TMUS,2024-04-25,0.4773,0.005965,0.229519,0.008112
TMUS,2019-02-07,0.367453,0.003548,0.207184,0.00594
TMUS,2022-04-27,0.55851,0.007619,0.300208,0.00384
TMUS,2021-05-04,0.586606,0.005637,0.20771,0.005792
TMUS,2020-05-06,0.275151,0.005447,0.213378,0.008588
TMUS,2022-07-27,0.485732,0.00613,0.279278,0.006349
TMUS,2023-02-01,0.55392,0.010467,0.21778,0.007358
TMUS,2019-04-25,0.209756,0.006559,0.191848,0.006103
TMUS,2020-11-05,0.412331,0.004341,0.207471,0.004209
TMUS,2021-07-29,0.689533,0.005321,0.199924,0.005559
TMUS,2019-10-28,0.386483,0.004183,0.14538,0.005621
TMUS,2024-07-31,0.609964,0.009428,0.251838,0.008026
TMUS,2020-08-06,0.296395,0.005392,0.256951,0.003751
TMUS,2018-08-01,0.31831,0.004508,0.188427,0.007076
TMUS,2021-11-02,0.349198,0.004214,0.269269,0.005268
TMUS,2021-02-04,0.542909,0.004892,0.181142,0.00748
TMUS,2023-10-25,0.506137,0.010676,0.217901,0.006945
TMUS,2023-04-27,0.496746,0.008782,0.197719,0.004729
TMUS,2022-10-27,0.584343,0.005087,0.239345,0.005389
TMUS,2020-02-06,0.364267,0.005542,0.107839,0.006337
TMUS,2023-07-27,0.61092,0.00584,0.207691,0.006773
TMUS,2024-01-25,0.508554,0.010762,0.26464,0.00739
TMUS,2018-10-30,0.401287,0.006198,0.21292,0.00611
BLK,2022-10-13,0.24814,0.009969,0.178095,0.010894
BLK,2024-07-15,0.617338,0.00782,0.295297,0.009971
BLK,2021-07-14,0.641181,0.009452,0.29087,0.009341
BLK,2018-01-12,0.592911,0.009123,0.154063,0.008921
BLK,2019-01-16,0.406194,0.013233,0.216807,0.010385
BLK,2020-04-16,0.481286,0.010548,0.110679,0.007121
BLK,2024-04-12,0.527719,0.008674,0.370375,0.005749
BLK,2020-01-15,0.63292,0.009524,0.186969,0.013329
BLK,2018-07-16,0.459621,0.009405,0.178461,0.011669
BLK,2020-10-13,0.532083,0.007885,0.281205,0.011082
BLK,2020-07-17,0.417074,0.008134,0.324833,0.011163
BLK,2023-07-14,0.462222,0.006851,0.364674,0.007021
BLK,2022-01-14,0.671969,0.007723,0.273243,0.01408
BLK,2019-07-19,0.332401,0.011782,0.178639,0.010247
BLK,2021-04-15,0.588746,0.011163,0.174462,0.012493
BLK,2023-01-13,0.310431,0.008424,0.231709,0.010693
BLK,2023-10-13,0.479698,0.009314,0.26268,0.008172
BLK,2018-10-16,0.347329,0.009341,0.156416,0.014175
BLK,2021-01-14,0.634786,0.011035,0.282437,0.010797
BLK,2022-07-15,0.314311,0.010915,0.186609,0.008118
BLK,2024-01-12,0.483619,0.00893,0.258072,0.008193
BLK,2019-04-16,0.435074,0.007941,0.168496,0.008043
BLK,2018-04-12,0.451984,0.012069,0.182705,0.011975
BLK,2019-10-15,0.427505,0.011004,0.240243,0.014107
BLK,2021-10-13,0.651121,0.008602,0.187283,0.010259
LOW,2020-11-18,0.611266,0.00557,0.293988,0.007498
LOW,2019-02-27,0.358959,0.00564,0.246195,0.005703
LOW,2020-05-20,0.45337,0.005686,0.197447,0.004697
LOW,2023-05-23,0.367155,0.00411,0.23931,0.008804
LOW,2019-08-21,0.612778,0.005991,0.231485,0.00595
LOW,2023-11-21,0.324408,0.005998,0.191962,0.00762
LOW,2022-02-23,0.696367,0.0039,0.29153,0.004915
LOW,2020-08-19,0.718768,0.004514,0.319216,0.004991
LOW,2019-05-22,0.432518,0.005772,0.231866,0.004032
LOW,2019-11-20,0.551795,0.006142,0.222287,0.004298
LOW,2024-08-20,0.320118,0.005001,0.138451,0.008469
LOW,2018-08-22,0.366689,0.008917,0.197714,0.004208
LOW,2018-02-28,0.365949,0.007163,0.238323,0.005593
LOW,2021-11-17,0.517629,0.003611,0.285491,0.006415
LOW,2021-05-19,0.678905,0.003688,0.275826,0.006919
LOW,2024-02-27,0.336829,0.005696,0.224429,0.006672
LOW,2023-03-01,0.432189,0.003284,0.177956,0.00806
LOW,2022-05-18,0.512242,0.00512,0.171479,0.005131
LOW,2022-11-16,0.624197,0.003113,0.270185,0.00566
LOW,2018-11-20,0.210056,0.006726,0.083594,0.007269
LOW,2018-05-23,0.462144,0.007381,0.211978,0.0056
LOW,2024-05-21,0.445973,0.003042,0.295996,0.004272
LOW,2021-02-24,0.580775,0.007291,0.287515,0.006716
LOW,2021-08-18,0.433888,0.004503,0.274957,0.006984
LOW,2022-08-17,0.350335,0.004139,0.23612,0.004371
LOW,2020-02-26,0.616852,0.00728,0.267655,0.005148
LOW,2023-08-22,0.369376,0.003556,0.24657,0.006005
LOW,2017-11-21,0.50759,0.006512,0.255272,0.003221
BTAI,2020-05-12,0.27289,0.010357,0.129483,0.010981
MA,2021-04-29,0.550881,0.004084,0.242413,0.005642
MA,2020-07-30,0.235641,0.005303,0.181348,0.005095
MA,2024-01-31,0.559514,0.005155,0.182755,0.005717
MA,2023-10-26,0.568556,0.004074,0.141332,0.006922
MA,2019-01-31,0.490947,0.006057,0.173006,0.005838
MA,2018-07-26,0.395429,0.004104,0.121774,0.00717
MA,2020-01-29,0.450423,0.006132,0.162223,0.006607
MA,2020-10-28,0.382037,0.0045,0.224106,0.004444
MA,2023-01-26,0.574241,0.003255,0.223845,0.008279
MA,2021-07-29,0.682641,0.004362,0.220789,0.004341
MA,2018-05-02,0.504679,0.002769,0.137828,0.006274
MA,2020-04-29,0.326278,0.00751,0.178703,0.009168
MA,2019-01-29,0.210632,0.005261,0.244468,0.004299
MA,2019-04-30,0.427676,0.004738,0.138071,0.007573
MA,2024-07-31,0.52716,0.004649,0.199701,0.006442
MA,2022-07-28,0.618847,0.004593,0.220712,0.008876
MA,2019-10-29,0.439015,0.003991,0.179762,0.005956
MA,2024-05-01,0.561895,0.005229,0.223114,0.004946
MA,2023-04-27,0.542317,0.00561,0.201417,0.004923
MA,2019-07-30,0.553107,0.004054,0.151896,0.007199
MA,2022-10-27,0.589595,0.003938,0.184472,0.006697
MA,2021-10-28,0.622575,0.00295,0.210314,0.005415
MA,2022-01-27,0.627417,0.004716,0.124318,0.010209
MA,2023-07-27,0.549529,0.006412,0.216008,0.00402
MA,2021-01-28,0.418793,0.004983,0.119354,0.00516
MA,2022-04-28,0.505792,0.003475,0.156007,0.008475
MA,2018-10-30,0.387816,0.004336,0.136725,0.005009
ENTA,2019-11-21,0.320003,0.01087,0.16264,0.008415
ENTA,2022-08-08,0.255384,0.014022,0.097771,0.014242
ENTA,2019-02-06,0.20134,0.014094,0.086477,0.011713
ENTA,2020-11-23,0.250144,0.012689,0.092139,0.008336
ENTA,2020-05-06,0.151433,0.009366,0.164479,0.014525
ENTA,2022-02-08,0.259824,0.00747,0.107677,0.018465
ENTA,2020-08-04,0.213098,0.010602,0.104107,0.005867
ENTA,2021-02-08,0.197237,0.014386,0.16403,0.01215
ENTA,2021-11-22,0.369964,0.007482,0.094037,0.017718
ENTA,2021-08-05,0.335741,0.009996,0.096875,0.011297
ENTA,2018-11-26,0.198436,0.012876,0.063561,0.011995
ENTA,2020-02-06,0.114704,0.011489,0.136502,0.010922
ENTA,2021-05-06,0.106417,0.009503,0.115421,0.013482
ENTA,2022-05-09,0.212117,0.011423,0.129857,0.012565
CLDX,2019-03-07,0.19754,0.01195,0.167131,0.016304
HII,2019-08-01,-0.031425,0.010048,0.168777,0.008067
HII,2019-05-02,0.243162,0.009938,0.139432,0.007807
HII,2020-02-13,0.371839,0.010757,0.107797,0.011569
HII,2018-11-09,0.364385,0.009636,0.093096,0.008915
HII,2021-02-11,0.349113,0.009819,0.23173,0.008901
HII,2019-11-07,0.309423,0.007102,0.127119,0.010098
HII,2020-11-05,0.243467,0.010235,0.151672,0.009407
HII,2020-05-07,0.441442,0.008991,0.097626,0.00792
HII,2020-08-06,0.164639,0.010493,0.145528,0.009754
HII,2019-02-14,0.214716,0.010612,0.165351,0.01083
HII,2021-08-05,0.247331,0.009309,0.143097,0.007789
HII,2021-11-05,0.120042,0.013006,0.090646,0.010094
HII,2021-05-06,0.251868,0.011047,0.139569,0.008596
CTSO,2019-03-07,0.37853,0.019925,0.251627,0.008063
CTSO,2020-11-04,0.429016,0.012886,0.199829,0.010082
CTSO,2020-08-04,0.369775,0.009968,0.199822,0.008653
CTSO,2019-08-06,0.334266,0.016325,0.181843,0.010099
CTSO,2020-05-05,0.376869,0.015927,0.160644,0.010199
EGAN,2020-09-02,0.272049,0.005841,0.167886,0.004293
EGAN,2019-11-07,0.303617,0.004768,0.116988,0.012488
EGAN,2019-05-08,0.250451,0.006262,0.241889,0.006414
EGAN,2020-05-07,0.208102,0.008108,0.112399,0.009679
EGAN,2020-11-10,0.357799,0.006991,0.089525,0.007114
EGAN,2020-02-06,0.272625,0.006974,0.135291,0.00778
EGAN,2019-09-03,0.344563,0.005511,0.141744,0.007956
AVT,2021-08-11,0.651873,0.005384,0.243108,0.006995
AVT,2018-10-25,0.306722,0.001592,0.156257,0.008962
AVT,2021-04-28,0.522974,0.004277,0.20354,0.008213
AVT,2020-01-23,0.356352,0.007641,0.179263,0.008512
AVT,2020-04-27,0.013424,0.00736,0.114202,0.011113
AVT,2019-04-25,0.184221,0.004565,0.073336,0.007271
AVT,2019-01-24,0.485686,0.005678,0.137627,0.006255
AVT,2019-08-08,0.160145,0.007108,0.04665,0.007471
AVT,2021-10-28,0.409566,0.006335,0.246639,0.007894
DRRX,2020-11-02,0.262138,0.008811,0.092376,0.01381
DRRX,2020-08-03,0.217086,0.009788,0.10986,0.013194
DRRX,2020-03-03,0.184838,0.008509,0.137982,0.009908
DRRX,2020-05-11,0.124941,0.007859,0.159209,0.014025
CZR,2021-05-04,0.118151,0.011581,0.18279,0.007987
CZR,2021-02-25,0.301941,0.010724,0.141323,0.009716
CZR,2021-08-03,0.297713,0.008881,0.185162,0.005648
CZR,2021-11-02,0.446718,0.007768,0.172102,0.005595
DFS,2021-07-22,0.346171,0.007746,0.177656,0.01086
DFS,2018-10-25,0.413124,0.004432,0.129445,0.009745
DFS,2020-01-23,0.421235,0.005882,0.177682,0.008315
DFS,2020-10-22,0.066129,0.008493,0.235858,0.00878
DFS,2021-04-22,0.178005,0.008787,0.190959,0.013643
DFS,2021-01-21,0.113719,0.008782,0.230796,0.008825
DFS,2019-07-23,0.556272,0.005029,0.154073,0.008984
DFS,2019-04-25,0.61978,0.004145,0.124426,0.008549
DFS,2021-10-21,0.376827,0.006129,0.18658,0.008019
DFS,2020-07-23,-0.065758,0.006902,0.152388,0.00687
DFS,2021-09-23,0.667833,0.005072,0.169609,0.010685
DFS,2019-10-22,0.433932,0.00444,0.178583,0.010267
DFS,2020-04-23,0.050241,0.00777,0.014481,0.011944
DFS,2019-01-03,0.572534,0.004488,0.140476,0.009331
PRU,2018-11-08,0.319764,0.008168,0.15247,0.006853
PRU,2019-08-01,0.373091,0.008119,0.070174,0.008975
PRU,2023-05-03,0.498615,0.010861,0.184681,0.010737
PRU,2021-05-05,0.464304,0.006541,0.144554,0.009778
PRU,2019-02-07,0.460352,0.006612,0.192693,0.008482
PRU,2019-05-02,0.293166,0.006749,0.244936,0.00739
PRU,2020-02-05,0.418585,0.007241,0.21176,0.00665
PRU,2020-05-06,0.081404,0.013307,0.065788,0.012021
PRU,2020-11-04,0.423118,0.008872,0.171785,0.008919
PRU,2022-02-04,0.449989,0.009534,0.264378,0.006548
PRU,2018-02-08,0.252059,0.009663,0.16251,0.010939
PRU,2022-11-02,0.423212,0.012943,0.216853,0.010718
PRU,2020-08-05,0.273866,0.010756,0.214507,0.007684
PRU,2024-02-07,0.547669,0.00907,0.340404,0.006932
PRU,2022-08-03,0.407708,0.013802,0.16567,0.014025
PRU,2019-11-05,0.339427,0.008345,0.125323,0.007795
PRU,2021-02-05,0.472956,0.007893,0.208522,0.011166
PRU,2021-11-03,0.560773,0.011959,0.310569,0.007513
PRU,2024-08-02,0.590244,0.011707,0.26206,0.009221
PRU,2018-08-01,0.246396,0.009329,0.122998,0.013626
PRU,2024-05-01,0.624208,0.01028,0.334931,0.007772
PRU,2022-05-04,0.532499,0.013851,0.263795,0.010438
PRU,2023-02-08,0.457497,0.012213,0.272777,0.010519
PRU,2023-08-02,0.513695,0.012447,0.318364,0.007118
PRU,2021-08-04,0.469108,0.009317,0.251276,0.007692
PRU,2023-11-02,0.503728,0.010509,0.229121,0.007607
BX,2021-07-22,0.653048,0.011266,0.246465,0.009227
BX,2022-07-21,0.501742,0.009135,0.18233,0.009313
BX,2024-07-18,0.474199,0.009303,0.271268,0.009577
BX,2021-04-22,0.57174,0.010668,0.233927,0.007519
BX,2024-04-18,0.485393,0.01014,0.223949,0.009277
BX,2021-10-21,0.664625,0.013586,0.234668,0.006485
BX,2023-01-26,0.323939,0.009671,0.29924,0.005215
BX,2023-07-20,0.480214,0.008873,0.227399,0.00978
BX,2022-10-20,0.467717,0.008148,0.187552,0.009205
BX,2023-10-19,0.36053,0.008182,0.232259,0.010214
BX,2022-01-27,0.56269,0.008812,0.301532,0.008312
BX,2024-01-25,0.393782,0.010111,0.207634,0.009841
KVUE,2024-08-06,0.512421,0.005415,0.347385,0.004907
KVUE,2023-10-26,0.467223,0.00678,0.295574,0.006027
KVUE,2023-07-20,0.475837,0.006029,0.253039,0.005242
KVUE,2024-02-08,0.314852,0.005616,0.295255,0.005792
KVUE,2024-05-07,0.548769,0.004771,0.226477,0.00577
CTSH,2022-02-02,0.623555,0.010811,0.334643,0.009594
CTSH,2021-05-05,0.461399,0.009877,0.272022,0.011576
CTSH,2019-05-02,0.118433,0.008096,0.084531,0.007494
CTSH,2020-02-05,0.105799,0.009034,0.233507,0.006481
CTSH,2021-10-27,0.474221,0.010662,0.270676,0.006436
CTSH,2021-07-28,0.637489,0.010511,0.340025,0.004787
CTSH,2022-07-27,0.430719,0.014599,0.320402,0.009213
CTSH,2019-10-30,0.196184,0.00797,0.135714,0.006903
CTSH,2020-10-28,0.316859,0.008252,0.298108,0.008448
CTSH,2020-05-07,0.050229,0.008793,0.243416,0.005875
CTSH,2022-05-04,0.422907,0.012333,0.273167,0.010236
CTSH,2020-07-29,0.247033,0.008224,0.287994,0.005269
CTSH,2021-02-03,0.308709,0.010619,0.261514,0.007403
CTSH,2019-07-31,0.349578,0.007319,0.115137,0.003933
CTSH,2018-10-30,0.425315,0.007835,0.132197,0.008907
EGHT,2021-11-02,0.471549,0.009514,0.163264,0.004403
EGHT,2021-08-04,0.518564,0.008417,0.169713,0.003462
AQST,2021-05-05,0.229278,0.013467,0.128617,0.007445
AQST,2020-03-12,0.37199,0.013774,0.131852,0.006188
AQST,2020-05-06,0.395377,0.012553,0.161376,0.011244
AQST,2022-03-09,0.388995,0.008653,0.16912,0.009123
AQST,2021-03-10,0.308567,0.011517,0.157928,0.007921
AQST,2020-08-05,0.323686,0.010396,0.209835,0.007768
AQST,2022-08-03,0.1198,0.010954,0.135124,0.008242
AQST,2020-11-05,0.307435,0.009889,0.145296,0.010259
AQST,2021-11-03,0.439499,0.011359,0.163711,0.007045
AQST,2022-05-04,0.338463,0.009418,0.169466,0.00765
ARCC,2021-10-26,0.420757,0.012943,0.144892,0.005795
ARCC,2020-02-12,0.247564,0.013061,0.12937,0.0079
ARCC,2021-04-28,0.388628,0.013952,0.144391,0.006679
ARCC,2022-04-26,0.392769,0.015957,0.15645,0.012691
ARCC,2021-07-28,0.475688,0.011875,0.231382,0.008868
ARCC,2020-08-04,0.398254,0.013999,0.088181,0.010484
ARCC,2019-10-30,0.281802,0.011503,0.045706,0.009197
ARCC,2022-07-26,0.345097,0.016247,0.176537,0.011499
ARCC,2022-02-09,0.553709,0.011468,0.191272,0.008663
ARCC,2021-02-10,0.503805,0.010551,0.161207,0.009481
ARCC,2020-10-27,0.518453,0.015491,0.102577,0.010947
ARCC,2020-05-05,0.228751,0.012616,0.097748,0.007584
ARCC,2018-10-31,0.295653,0.007153,0.1299,0.009275
ARCC,2019-07-30,0.348474,0.012162,0.085176,0.009055
SHW,2021-10-26,0.105796,0.005545,0.22515,0.008683
SHW,2020-04-29,0.099718,0.011573,0.167772,0.008072
SHW,2020-01-30,0.112462,0.006534,0.293317,0.005881
SHW,2020-10-27,0.445453,0.00636,0.252996,0.009009
SHW,2021-07-27,0.458732,0.006109,0.258285,0.008382
SHW,2020-07-28,0.220824,0.010526,0.215669,0.007565
SHW,2021-01-28,0.651393,0.005808,0.349375,0.00868
SHW,2021-04-27,0.532724,0.005754,0.258309,0.010297
MCHP,2020-02-04,-0.137621,0.00885,0.076629,0.010298
MCHP,2018-08-09,-0.010318,0.00579,0.023189,0.00613
MCHP,2022-02-03,0.303698,0.007441,0.134512,0.006264
MCHP,2022-08-02,0.4226,0.006072,0.202441,0.012081
MCHP,2020-08-04,-0.22869,0.010046,-0.040581,0.00988
MCHP,2019-08-06,-0.026181,0.009296,0.068096,0.009894
MCHP,2019-05-08,0.008665,0.005838,-0.006804,0.008427
MCHP,2020-11-05,-0.05517,0.007243,0.067419,0.007834
MCHP,2020-05-07,-0.031929,0.009548,-0.073046,0.008608
MCHP,2019-11-05,-0.181434,0.005786,-0.103257,0.0099
MCHP,2021-08-03,0.270993,0.008895,0.134127,0.007095
MCHP,2021-02-04,0.074206,0.005857,0.058697,0.008508
MCHP,2019-02-05,0.161173,0.006213,0.039238,0.010029
MCHP,2021-11-04,0.192471,0.007004,0.084123,0.007414
MCHP,2021-05-06,0.133408,0.006565,0.066815,0.010403
MCHP,2018-11-07,-0.133127,0.006732,-0.020076,0.008771
MCHP,2022-05-09,0.288814,0.005782,0.090783,0.008459
VTR,2021-08-06,0.601974,0.009406,0.237756,0.010295
VTR,2018-02-09,0.431554,0.009293,0.158264,0.010069
VTR,2019-04-26,0.536982,0.006477,0.135995,0.011562
VTR,2020-08-07,0.321886,0.006069,0.129571,0.008301
VTR,2019-10-25,0.3715,0.006334,0.070553,0.009587
VTR,2019-07-26,0.578999,0.005629,0.111824,0.00609
VTR,2021-05-07,0.447079,0.005742,0.150317,0.010509
VTR,2021-11-05,0.682049,0.008475,0.137995,0.007656
VTR,2021-02-18,0.446183,0.004338,0.156317,0.010124
VTR,2018-10-26,0.444876,0.009626,0.149685,0.009733
VTR,2019-02-08,0.576243,0.010068,0.171079,0.010523
DH,2022-08-04,0.497439,0.004907,0.163868,0.007023
DH,2022-02-23,0.619834,0.004428,0.280686,0.005698
DH,2021-11-08,0.36743,0.005074,0.294806,0.008826
DH,2022-05-05,0.451647,0.005188,0.37273,0.002457
CMTL,2022-09-29,0.218875,0.004715,0.278461,0.007489
CMTL,2020-03-04,0.419925,0.013528,0.161684,0.00452
CMTL,2019-03-07,0.36975,0.01143,0.089953,0.012183
CMTL,2020-12-09,0.179498,0.011846,0.097864,0.009088
CMTL,2020-09-29,0.27715,0.010267,0.04317,0.00712
CMTL,2021-06-08,0.441569,0.008192,0.105988,0.01001
CMTL,2021-03-11,0.323446,0.0133,0.193317,0.01262
CMTL,2021-12-09,0.372712,0.008905,0.135653,0.012652
CMTL,2022-03-10,0.139093,0.010198,0.105882,0.006138
CMTL,2020-06-03,0.263867,0.011795,0.060795,0.005962
CMTL,2019-09-25,0.375218,0.014186,0.161452,0.008563
CMTL,2022-06-09,0.207033,0.010992,0.104642,0.010965
CMTL,2021-10-04,0.333529,0.007092,0.189205,0.014863
CMTL,2018-09-27,0.507498,0.011015,0.155561,0.011762
CMTL,2019-12-04,0.442313,0.013666,0.16392,0.014042
CMTL,2019-06-06,0.44506,0.009019,0.156004,0.00709
ATEC,2019-07-24,0.246839,0.006755,0.237166,0.005771
ATEC,2020-03-05,0.304606,0.005584,0.226591,0.006529
ATEC,2019-10-30,0.295424,0.004811,0.162407,0.002382
ATEC,2020-11-05,0.316905,0.005014,0.210168,0.0091
ATEC,2020-05-11,0.347726,0.00829,0.116383,0.00585
ATEC,2021-03-04,0.304159,0.007097,0.158266,0.005011
ATEC,2021-08-03,0.282984,0.00639,0.134902,0.005168
ATEC,2020-08-06,0.248591,0.004599,0.149052,0.00849
ATEC,2021-11-04,0.270022,0.007191,0.1954,0.007791
ATEC,2021-05-06,0.364731,0.007357,0.126626,0.007242
HIG,2019-05-02,0.301997,0.006952,0.158346,0.010848
HIG,2021-04-29,0.384506,0.007837,0.131297,0.008471
HIG,2018-02-09,0.448865,0.007472,0.226856,0.008627
HIG,2021-07-29,0.400641,0.007053,0.122768,0.008662
HIG,2019-02-05,0.335446,0.00841,0.1656,0.007298
HIG,2021-10-29,0.608733,0.007027,0.182937,0.009036
HIG,2018-10-26,0.377738,0.007338,0.136761,0.01056
DLO,2022-03-15,0.497494,0.004432,0.261765,0.009578
DLO,2022-11-15,0.619355,0.003758,0.260872,0.007335
DLO,2022-08-23,0.642513,0.004615,0.214854,0.009663
DLO,2021-11-16,0.33393,0.005706,0.181249,0.007483
DLO,2022-05-18,0.643212,0.00526,0.238602,0.008904
DLO,2021-08-18,0.452276,0.006007,0.218171,0.012281
MU,2020-03-25,0.174555,0.012526,0.18605,0.010805
MU,2019-06-25,0.110538,0.01147,0.212801,0.006887
MU,2018-06-20,0.618125,0.008534,0.258291,0.010126
MU,2018-12-18,0.134422,0.009299,0.1181,0.00479
MU,2019-09-26,0.085835,0.010847,0.073296,0.00886
MU,2020-09-29,0.274898,0.012172,0.150453,0.007237
MU,2019-03-20,0.11572,0.008758,0.229487,0.006777
MU,2019-12-18,0.270266,0.012574,0.318752,0.005328
MU,2018-09-20,0.52672,0.006329,0.287631,0.007904
MU,2020-06-29,0.286494,0.009987,0.23877,0.0088
TXT,2021-01-27,-0.071969,0.004345,0.179528,0.007984
TXT,2019-10-17,0.169726,0.002903,0.132025,0.006329
TXT,2021-04-29,0.486402,0.001413,0.195596,0.007875
TXT,2020-07-30,-0.097289,0.002166,0.136117,0.006405
TXT,2020-10-29,0.008759,0.003322,0.256846,0.009128
TXT,2020-04-30,0.005166,0.006581,0.109742,0.006219
TXT,2018-10-18,-0.018724,0.002556,0.197939,0.006768
TXT,2020-01-29,0.203953,0.002814,0.093665,0.007433
TXT,2021-07-29,0.691537,0.002608,0.250981,0.008583
TXT,2019-01-24,0.111998,0.002989,0.144137,0.006806
TXT,2018-04-18,0.300598,0.001392,0.187684,0.005515
TXT,2022-07-28,0.113151,0.002915,0.145331,0.007119
TXT,2019-07-17,0.052389,0.002987,0.177533,0.00518
TXT,2021-10-28,0.170931,0.002431,0.169147,0.008569
TXT,2022-01-27,0.037025,0.003953,0.217118,0.008573
TXT,2019-04-17,0.112122,0.001999,0.192617,0.004708
TXT,2022-04-28,0.209042,0.000762,0.189928,0.007007
ACGL,2020-02-12,0.268551,0.013423,0.142207,0.013031
ACGL,2021-04-28,0.338019,0.010713,0.134522,0.011846
ACGL,2020-07-30,0.27172,0.012583,0.030134,0.012504
ACGL,2019-10-30,0.363725,0.01583,0.158123,0.01322
ACGL,2021-02-10,0.282843,0.010904,0.143551,0.013622
ACGL,2021-07-29,0.203096,0.009996,0.084744,0.013892
ACGL,2020-10-30,0.237534,0.013158,0.119456,0.0121
ACGL,2020-05-05,0.261497,0.014098,0.010989,0.016257
ACGL,2018-10-31,0.084008,0.015707,0.103658,0.013581
ACGL,2019-07-30,0.382736,0.015406,0.132394,0.009153
ACGL,2019-02-13,0.227744,0.019153,0.141561,0.012737
ACGL,2019-05-01,0.279207,0.013721,0.046306,0.011007
ACGL,2021-10-28,0.416164,0.011909,0.16318,0.013286
APD,2020-07-23,0.173284,0.004531,0.138644,0.006975
APD,2019-01-25,0.399383,0.004731,0.171376,0.006632
APD,2021-02-04,0.158937,0.003277,0.100515,0.006474
APD,2020-04-23,0.317135,0.004609,-0.01328,0.008167
APD,2018-11-06,0.48579,0.004425,0.156431,0.008031
APD,2021-11-04,0.466521,0.004077,0.122741,0.007689
AUPH,2021-11-03,0.255678,0.006612,0.142275,0.009784
AUPH,2019-03-19,0.233634,0.008344,0.14456,0.009878
AUPH,2021-02-24,0.151619,0.004418,0.123401,0.009756
AUPH,2021-08-05,0.255419,0.005976,0.116483,0.008749
AUPH,2020-05-14,0.310529,0.006096,0.142214,0.012678
HD,2024-02-20,0.3322,0.013607,0.209017,0.005755
HD,2020-08-18,0.462733,0.012074,0.199622,0.008089
HD,2022-02-22,0.560494,0.013871,0.187953,0.008371
HD,2018-11-13,0.48359,0.013509,0.116662,0.00742
HD,2019-08-20,0.230939,0.009691,0.216631,0.008033
HD,2020-02-25,0.474382,0.010198,0.192855,0.00775
HD,2019-02-26,0.421153,0.011017,0.125392,0.007158
HD,2023-02-21,0.321489,0.011161,0.139946,0.008405
HD,2024-05-14,0.243445,0.009977,0.129705,0.007028
HD,2021-08-17,0.401495,0.010771,0.179499,0.007795
HD,2018-08-14,0.398641,0.01113,0.176685,0.006571
HD,2022-05-17,0.396327,0.009212,0.217217,0.006005
HD,2022-11-15,0.336189,0.009364,0.149179,0.008345
HD,2021-05-18,0.466324,0.009698,0.214543,0.0097
HD,2021-11-16,0.537163,0.011485,0.271486,0.00855
HD,2022-08-16,0.496183,0.008779,0.263755,0.00719
HD,2018-05-15,0.448612,0.008559,0.179022,0.008099
HD,2019-11-19,0.325302,0.01154,0.229058,0.005905
HD,2021-02-23,0.456487,0.013665,0.214199,0.006846
HD,2019-05-21,0.193812,0.008751,0.135849,0.008117
HD,2018-02-20,0.429273,0.012662,0.176099,0.008736
HD,2023-08-15,0.076957,0.010323,0.124156,0.007213
HD,2020-11-17,0.443784,0.010179,0.183381,0.009037
HD,2020-05-19,0.283555,0.008034,0.116654,0.008914
HD,2023-05-16,-0.081671,0.01226,0.139249,0.008729
HD,2023-11-14,0.0599,0.009768,0.208239,0.008642
AY,2021-05-06,0.504994,0.011572,0.131474,0.015099
CDMO,2020-06-30,0.169307,0.005189,0.185064,0.009809
CDMO,2019-03-11,0.420485,0.007736,0.159091,0.00865
CDMO,2020-12-02,0.52446,0.010798,0.196125,0.01615
CDMO,2021-12-07,0.385912,0.010087,0.154889,0.011547
CDMO,2021-06-29,0.461561,0.010477,0.184439,0.009604
CDMO,2022-03-08,0.574995,0.006871,0.261162,0.012964
CDMO,2021-03-08,0.551235,0.006139,0.333147,0.008381
CDMO,2022-06-29,0.450379,0.005534,0.347062,0.012541
CDMO,2019-09-05,0.267555,0.006789,0.18702,0.009061
CDMO,2020-09-01,0.324957,0.004713,0.311412,0.010889
CDMO,2019-12-09,0.446274,0.006338,0.294864,0.010036
CDMO,2021-09-08,0.444774,0.012416,0.195508,0.015967
CDMO,2022-09-06,0.504001,0.007735,0.151501,0.008222
CDMO,2020-03-10,0.10677,0.005843,0.115296,0.009223
CDMO,2018-09-10,0.288167,0.003859,0.14301,0.008691
BDSX,2022-03-14,0.281354,0.008397,0.207625,0.008867
BDSX,2021-08-10,0.096437,0.007284,0.231319,0.01576
BDSX,2021-11-15,0.217023,0.008815,0.283758,0.006228
FIS,2022-08-04,0.499188,0.005208,0.273998,0.006408
FIS,2020-02-13,0.680754,0.003706,0.29308,0.007071
FIS,2022-02-15,0.549758,0.006184,0.291803,0.007934
FIS,2019-08-06,0.600859,0.005917,0.36192,0.005981
FIS,2020-05-07,0.543931,0.004567,0.251412,0.007634
FIS,2019-11-05,0.659572,0.003861,0.348221,0.007623
FIS,2019-04-30,0.587501,0.005441,0.427879,0.007079
FIS,2021-08-03,0.644425,0.003843,0.409281,0.005446
FIS,2021-02-09,0.5573,0.004785,0.291286,0.010049
FIS,2022-05-03,0.602748,0.009585,0.269997,0.007009
FIS,2021-11-04,0.645639,0.004159,0.32184,0.0058
FIS,2021-05-06,0.651239,0.004258,0.327081,0.007459
FIS,2018-10-30,0.537355,0.006431,0.377345,0.008432
IPG,2020-02-12,0.436779,0.003839,0.221428,0.00634
IPG,2021-04-28,0.483094,0.004378,0.276438,0.014317
IPG,2018-10-19,0.523291,0.003458,0.205167,0.007843
IPG,2019-07-23,0.489147,0.001991,0.219442,0.005088
IPG,2021-10-21,0.52035,0.004279,0.242817,0.009719
IPG,2021-02-10,0.328537,0.003386,0.137432,0.008944
IPG,2019-04-26,0.491074,0.003996,0.185132,0.007514
IPG,2019-10-22,0.374947,0.002567,0.177626,0.005729
IPG,2020-10-21,0.374786,0.004943,0.216179,0.00667
IPG,2019-02-13,0.500318,0.003947,0.242043,0.008232
IPG,2020-07-29,0.242323,0.005361,0.217303,0.00712
IPG,2021-07-21,0.504318,0.004384,0.262933,0.009073
IPG,2020-04-22,0.214654,0.005012,0.155989,0.007104
ALRS,2021-04-29,0.293076,0.011394,0.24158,0.011003
ALRS,2020-01-29,0.42829,0.006072,0.212974,0.009112
ALRS,2021-07-29,0.369763,0.006074,0.06942,0.008637
ALRS,2019-10-25,0.272358,0.011956,0.071417,0.014868
ALRS,2021-10-28,0.373649,0.00802,0.210233,0.021035
ALRS,2022-01-27,0.365355,0.011404,0.213291,0.012308
ALRS,2021-01-28,0.223274,0.011987,0.085732,0.015217
ALRS,2022-04-28,-0.143792,0.010512,0.082124,0.009091
DDOG,2022-08-04,0.403861,0.008345,0.078409,0.009023
DDOG,2020-02-13,0.486775,0.009227,0.22259,0.007395
DDOG,2021-02-11,0.438159,0.009357,0.196887,0.006925
DDOG,2023-11-07,0.451526,0.006333,0.130253,0.005269
DDOG,2023-05-04,0.402201,0.007315,0.150995,0.008872
DDOG,2022-11-03,0.545853,0.006173,0.151129,0.00743
DDOG,2023-02-16,0.4463,0.006476,0.128716,0.008732
DDOG,2020-05-11,0.429967,0.010448,0.120565,0.009762
DDOG,2020-11-10,0.561574,0.008472,0.197353,0.007531
DDOG,2022-02-10,0.558039,0.005683,0.232819,0.008595
DDOG,2020-08-06,0.515342,0.008627,0.126055,0.007062
DDOG,2023-08-08,0.393774,0.006897,0.101769,0.008203
DDOG,2024-02-13,0.543284,0.006187,0.134276,0.006448
DDOG,2021-08-05,0.464843,0.007165,0.238571,0.005604
DDOG,2024-08-08,0.486038,0.005422,0.179519,0.006388
DDOG,2021-11-04,0.450472,0.006753,0.180979,0.005073
DDOG,2021-05-06,0.457246,0.006452,0.186417,0.006825
DDOG,2024-05-07,0.412423,0.004756,0.178084,0.007524
DDOG,2022-05-05,0.528922,0.007199,0.183138,0.00664
UNP,2021-07-22,0.569837,0.002601,0.234675,0.007055
UNP,2019-04-18,0.086935,0.00402,0.145417,0.007142
UNP,2018-10-25,0.368544,0.002996,0.15093,0.009746
UNP,2020-01-23,0.235098,0.005046,0.131734,0.00739
UNP,2020-10-22,0.21476,0.00311,0.222128,0.006108
UNP,2018-01-25,0.110409,0.005488,0.195073,0.010122
UNP,2021-04-22,0.157528,0.002062,0.185076,0.007155
UNP,2021-01-21,0.266451,0.004588,0.242864,0.007407
UNP,2021-10-21,0.460414,0.002375,0.254287,0.008414
UNP,2020-07-23,0.026666,0.00447,0.116158,0.005076
UNP,2019-01-24,0.323624,0.005487,0.153356,0.009827
UNP,2020-04-23,0.226557,0.005746,0.100283,0.00826
UNP,2018-07-19,0.365737,0.003517,0.082351,0.008046
AMAT,2020-02-12,0.491339,0.010133,0.340714,0.004562
AMAT,2018-02-14,0.433345,0.011267,0.312765,0.004234
AMAT,2023-08-17,0.449865,0.005416,0.243462,0.007581
AMAT,2023-05-18,0.436171,0.007282,0.222199,0.006874
AMAT,2023-11-16,0.45203,0.008202,0.250063,0.007741
AMAT,2020-11-12,0.579491,0.007798,0.335088,0.008
AMAT,2022-08-18,0.330246,0.007197,0.134511,0.005566
AMAT,2023-02-16,0.314042,0.008706,0.168426,0.010474
AMAT,2020-08-13,0.703919,0.006309,0.35796,0.004474
AMAT,2018-11-15,0.293648,0.012064,0.177212,0.008888
AMAT,2018-05-17,0.561256,0.009534,0.265478,0.007487
AMAT,2024-05-16,0.552148,0.0076,0.272328,0.004595
AMAT,2021-08-19,0.546895,0.005723,0.338758,0.004054
AMAT,2018-08-16,0.443255,0.006536,0.186679,0.006192
AMAT,2021-11-18,0.439015,0.004695,0.337806,0.006584
AMAT,2022-11-17,0.26288,0.010749,0.157442,0.006904
AMAT,2021-05-20,0.484751,0.007435,0.339357,0.004335
AMAT,2024-08-15,0.52183,0.007108,0.306296,0.006471
AMAT,2022-05-19,0.4046,0.005463,0.211237,0.008024
AMAT,2019-08-15,0.379086,0.006996,0.314084,0.004544
AMAT,2022-02-16,0.545964,0.006188,0.227458,0.008525
AMAT,2020-05-14,0.426323,0.008814,0.251257,0.007195
AMAT,2017-11-16,0.597983,0.004849,0.38221,0.003706
AMAT,2024-02-15,0.549478,0.008306,0.261447,0.006685
AMAT,2019-11-14,0.341831,0.007831,0.191788,0.007613
AMAT,2019-05-16,0.277989,0.008969,0.192959,0.005513
AMAT,2021-02-18,0.67151,0.008727,0.36908,0.005852
AVO,2022-09-08,0.115365,0.007667,0.250706,0.009493
AVO,2022-06-08,0.190985,0.008403,0.131126,0.016769
AVO,2021-01-19,0.164438,0.005374,0.111146,0.01089
AVO,2022-03-10,-0.040803,0.00825,0.102019,0.01334
AVO,2021-06-10,0.378016,0.008562,0.080265,0.010676
AVO,2021-12-22,0.149217,0.008197,0.136555,0.013304
AVO,2021-09-13,0.122806,0.011302,0.182343,0.00734
LLY,2021-10-26,0.415173,0.006912,0.137221,0.01006
LLY,2022-08-04,0.376171,0.01259,0.153231,0.00946
LLY,2022-02-03,0.371254,0.007172,0.159805,0.011458
LLY,2020-07-30,0.130579,0.009022,0.104713,0.011012
LLY,2024-02-06,0.469571,0.005682,0.181661,0.011761
LLY,2019-04-30,0.448255,0.00562,0.178872,0.006195
LLY,2020-01-30,0.541332,0.006503,0.197533,0.010875
LLY,2021-08-03,0.498137,0.010104,0.128963,0.01341
LLY,2020-10-27,0.481171,0.008027,0.149544,0.009225
LLY,2023-02-02,0.307088,0.007291,0.16648,0.010361
LLY,2023-08-08,0.551723,0.00591,0.209277,0.006401
LLY,2022-11-01,0.421999,0.009825,0.1561,0.012561
LLY,2023-04-27,0.379367,0.005403,0.218704,0.01216
LLY,2019-07-30,0.376599,0.005731,0.221638,0.009814
LLY,2020-04-23,0.340536,0.011025,0.073293,0.013726
LLY,2021-01-29,0.471968,0.007235,0.150583,0.012559
LLY,2024-08-08,0.500832,0.005841,0.144092,0.011221
LLY,2018-11-06,0.28304,0.005165,0.159535,0.007123
LLY,2021-04-27,0.445432,0.009522,0.150321,0.011765
LLY,2022-04-28,0.256099,0.009505,0.163308,0.012755
LLY,2024-04-30,0.312806,0.006506,0.184654,0.012757
LLY,2023-11-02,0.479569,0.006524,0.16539,0.009405
LLY,2019-10-23,0.310564,0.006527,0.219603,0.008415
JNPR,2021-10-26,0.432226,0.008493,0.291769,0.011035
JNPR,2019-07-25,0.54649,0.009812,0.201409,0.007592
JNPR,2018-10-23,0.274763,0.012834,0.201193,0.006762
JNPR,2019-04-25,0.287067,0.011189,0.197027,0.00875
JNPR,2019-01-29,0.053163,0.012375,0.161879,0.007458
JNPR,2019-10-24,0.427864,0.009925,0.19687,0.008445
JNPR,2020-10-27,0.3831,0.01232,0.183939,0.010115
JNPR,2021-07-27,0.63007,0.007472,0.353925,0.00866
JNPR,2020-01-27,0.531776,0.010073,0.211925,0.007488
JNPR,2020-04-28,0.282006,0.014771,0.131605,0.01121
JNPR,2020-07-28,0.289177,0.008091,0.199103,0.007695
JNPR,2021-01-28,0.430033,0.00854,0.207009,0.009656
JNPR,2021-04-27,0.585354,0.008455,0.243998,0.010854
EVCM,2022-08-08,0.53225,0.007419,0.191965,0.006479
EVCM,2022-03-14,0.542665,0.007587,0.215911,0.006202
EVCM,2022-05-09,0.465156,0.007967,0.111152,0.010219
EVCM,2021-11-08,0.460952,0.006845,0.271222,0.007952
BKCC,2022-03-03,0.285378,0.014479,0.191141,0.010837
BKCC,2019-08-01,0.130419,0.011538,0.186132,0.006452
BKCC,2022-08-04,0.26324,0.011162,0.224205,0.017495
BKCC,2020-03-05,0.140564,0.011273,0.124143,0.015306
BKCC,2019-05-02,0.213814,0.014161,0.193745,0.00681
BKCC,2019-03-07,0.038025,0.013877,0.182639,0.009715
BKCC,2021-08-06,0.418119,0.009184,0.086564,0.012346
BKCC,2020-07-30,-0.065958,0.008995,0.097813,0.008122
BKCC,2019-10-31,0.233659,0.011317,0.223847,0.005794
BKCC,2020-11-05,-0.02805,0.010781,0.138188,0.004854
BKCC,2020-05-07,0.077459,0.013138,-0.004268,0.006329
BKCC,2021-03-04,0.20431,0.007867,0.086283,0.007185
BKCC,2022-05-02,0.252698,0.011168,0.160633,0.008778
BKCC,2021-04-30,0.245941,0.00977,0.140526,0.007026
CLAR,2020-03-09,0.360506,0.009617,0.234143,0.006847
CLAR,2020-11-09,0.297754,0.011284,0.212445,0.009582
CLAR,2020-05-11,0.238242,0.013339,0.228791,0.008641
CLAR,2019-08-05,0.420004,0.009877,0.193312,0.009289
CLAR,2021-03-08,0.479754,0.010169,0.202712,0.008307
CLAR,2021-08-02,0.656892,0.010554,0.234367,0.009357
CLAR,2019-11-04,0.276689,0.011169,0.20609,0.005565
CLAR,2019-03-04,0.555414,0.010129,0.278027,0.007273
CLAR,2021-05-10,0.591852,0.011609,0.257442,0.007852
CLAR,2021-11-08,0.594312,0.00868,0.334995,0.007175
DGICB,2020-02-25,0.462594,0.006006,0.175198,0.008326
DGICB,2019-10-31,0.292491,0.006279,0.107337,0.008264
DGICB,2019-04-30,0.368916,0.006706,0.26582,0.008593
DGICB,2019-07-30,0.410838,0.009565,0.104799,0.007627
ATEX,2020-02-19,0.308995,0.00726,0.143467,0.006729
ATEX,2019-11-06,0.359402,0.008981,0.156015,0.007515
ATEX,2020-11-17,0.414971,0.006372,0.13869,0.00736
ATEX,2020-09-16,0.43228,0.007641,0.132947,0.008141
ATEX,2019-08-14,0.430223,0.007769,0.135318,0.009037
FICO,2021-05-05,0.106182,0.005371,0.157819,0.005179
FICO,2021-11-10,0.267026,0.004511,0.202024,0.009885
FICO,2019-01-30,0.378568,0.004073,0.131804,0.01056
FICO,2020-04-29,-0.024495,0.012782,0.114781,0.013825
FICO,2020-11-10,0.411744,0.008582,0.14842,0.008799
FICO,2019-04-30,0.251875,0.00758,0.138198,0.006349
FICO,2020-01-30,0.354811,0.007692,0.0514,0.006939
FICO,2021-08-03,0.223294,0.007621,0.092627,0.006642
FICO,2018-11-01,0.444982,0.004994,0.178823,0.011014
FICO,2019-11-04,0.47345,0.008692,0.135592,0.010267
FICO,2020-07-29,0.158373,0.010526,0.114181,0.010003
FICO,2021-01-28,0.106453,0.008261,0.112677,0.010202
FICO,2019-07-31,0.358903,0.003705,0.166563,0.009534
TTD,2018-11-08,0.599122,0.005803,0.237428,0.00802
TTD,2024-05-08,0.332585,0.010169,0.069106,0.007881
TTD,2022-05-10,0.342107,0.007834,0.210234,0.009559
TTD,2022-11-09,0.549506,0.008168,0.220745,0.005745
TTD,2022-08-09,0.423167,0.008378,0.207657,0.007283
TTD,2019-11-07,0.384039,0.006566,0.144541,0.004468
TTD,2019-02-21,0.505116,0.006882,0.092564,0.006801
TTD,2019-05-09,0.442344,0.005304,0.093481,0.006986
TTD,2020-11-05,0.238853,0.00857,0.134235,0.009416
TTD,2023-11-09,0.442612,0.007677,0.219106,0.006719
TTD,2023-08-09,0.393293,0.009555,0.166193,0.007327
TTD,2023-02-15,0.315872,0.008657,0.136625,0.006913
TTD,2020-08-06,0.172326,0.011774,0.123513,0.009786
TTD,2020-05-09,0.105325,0.007631,0.08063,0.005874
TTD,2023-05-10,0.405216,0.006741,0.12687,0.005848
TTD,2019-08-08,0.356519,0.007276,0.087728,0.005041
TTD,2022-02-16,0.420514,0.00869,0.232946,0.007678
TTD,2024-08-08,0.323177,0.010012,0.167631,0.009184
TTD,2021-08-09,0.338456,0.006867,0.182325,0.007844
TTD,2021-05-10,0.3819,0.00667,0.163502,0.006491
TTD,2024-02-15,0.266238,0.009477,0.130628,0.006457
TTD,2021-11-08,0.380631,0.011132,0.126207,0.007259
TTD,2021-02-18,0.221701,0.006859,0.202434,0.00655
TTD,2020-02-27,0.29217,0.005645,0.089992,0.009515
MSI,2019-08-01,0.428411,0.008651,0.215433,0.00721
MSI,2019-02-07,0.313765,0.011226,0.22492,0.008338
MSI,2019-05-02,0.340295,0.012837,0.210207,0.00599
MSI,2020-10-29,-0.063092,0.006135,0.20324,0.006936
MSI,2019-10-30,0.389323,0.007303,0.257448,0.009796
MSI,2020-05-07,0.013371,0.007519,0.069458,0.010314
MSI,2020-08-06,-0.142662,0.009237,0.136351,0.00933
MSI,2021-02-04,0.020771,0.006089,0.286191,0.007785
MSI,2018-11-01,0.073259,0.014917,0.168654,0.00568
MSI,2021-08-05,0.403746,0.007423,0.265819,0.008306
MSI,2020-02-06,0.356175,0.008612,0.15919,0.008569
MSI,2021-11-04,0.481237,0.004233,0.257368,0.008225
MSI,2021-05-06,0.523797,0.007157,0.302155,0.007572
CRUS,2021-02-01,0.30705,0.021645,0.226811,0.007801
CRUS,2020-11-02,0.282469,0.014023,0.207292,0.009412
CRUS,2021-04-29,0.302889,0.01715,0.095954,0.012005
CRUS,2020-08-03,0.181987,0.016176,0.153015,0.008734
CRUS,2021-07-28,0.298586,0.019182,0.281012,0.006662
CRUS,2021-11-01,0.270133,0.017196,0.27371,0.010552
CRUS,2019-10-30,0.173583,0.021569,0.109977,0.009494
CRUS,2019-01-30,-0.073949,0.02682,0.085806,0.009289
CRUS,2020-01-29,0.131861,0.021277,0.128587,0.007026
CRUS,2020-05-04,0.181463,0.021959,0.089896,0.012218
CRUS,2018-11-01,0.202413,0.016189,0.091267,0.010352
CRUS,2019-07-31,0.181016,0.022822,0.26924,0.006895
AKAM,2018-10-29,0.435002,0.008254,0.274958,0.006653
AKAM,2021-05-04,0.399465,0.011333,0.207084,0.008171
AKAM,2022-02-15,0.392153,0.012857,0.232769,0.006228
AKAM,2022-08-09,0.103256,0.015166,0.118082,0.008837
AKAM,2019-10-28,0.353429,0.008989,0.223436,0.007791
AKAM,2019-04-30,0.382016,0.012952,0.216441,0.009191
AKAM,2021-08-03,0.33895,0.012825,0.133949,0.008835
AKAM,2020-10-27,0.473151,0.012646,0.186663,0.0081
AKAM,2021-02-09,0.449504,0.010804,0.199268,0.007401
AKAM,2022-05-03,0.203211,0.016723,0.133022,0.008242
AKAM,2020-04-28,0.353113,0.013338,0.221612,0.011325
AKAM,2021-11-02,0.33947,0.014477,0.24434,0.007885
AKAM,2019-07-30,0.432804,0.009289,0.170508,0.010376
AKAM,2020-07-28,0.387493,0.013757,0.165098,0.009465
AKAM,2020-02-11,0.448674,0.010922,0.248714,0.006999
AKAM,2019-02-12,0.371446,0.009798,0.272258,0.008102
EXLS,2021-04-29,0.399019,0.007907,0.166819,0.008209
EXLS,2020-10-29,0.244153,0.008638,0.311476,0.006765
EXLS,2020-05-07,0.325693,0.009792,0.101368,0.006906
EXLS,2021-07-29,0.538957,0.006353,0.385305,0.007731
EXLS,2019-04-30,0.383329,0.006536,0.209563,0.008825
EXLS,2021-02-25,0.405717,0.006372,0.210295,0.008979
EXLS,2020-08-06,0.04107,0.008319,0.252519,0.010044
EXLS,2021-11-02,0.523567,0.005143,0.281495,0.007993
EXLS,2019-10-29,0.336395,0.00565,0.241285,0.004289
EXLS,2019-07-30,0.538135,0.003826,0.270345,0.005322
EXLS,2019-02-28,0.481342,0.005463,0.25464,0.006972
EXLS,2020-02-27,0.466407,0.004417,0.251002,0.004503
WAB,2021-04-29,0.242775,0.002156,0.263968,0.008296
WAB,2021-10-27,0.294679,0.003938,0.278187,0.006374
WAB,2020-02-18,0.375862,0.003364,0.1958,0.005918
WAB,2019-10-31,0.30456,0.00344,0.209964,0.00726
WAB,2019-04-25,0.353321,0.002703,0.194646,0.009665
WAB,2021-07-29,0.506017,0.002524,0.275526,0.006568
WAB,2018-07-24,0.433784,0.003262,0.213288,0.006523
WAB,2020-05-05,0.07927,0.006717,0.134481,0.011383
WAB,2019-07-30,0.367496,0.0023,0.196317,0.007365
WAB,2019-02-25,0.321934,0.004874,0.213695,0.007353
WAB,2021-02-18,0.323755,0.003363,0.108842,0.006251
FSTR,2020-02-25,0.266791,0.009201,0.281713,0.008431
FSTR,2020-11-04,-0.135471,0.012756,0.132721,0.007983
FSTR,2020-08-04,-0.12161,0.010349,0.243452,0.010556
FSTR,2020-05-05,-0.406381,0.008533,0.073865,0.011364
FSTR,2019-10-29,-0.138963,0.005754,0.155876,0.013178
FSTR,2019-07-30,0.138006,0.004098,0.064536,0.00905
REGN,2019-02-06,0.472589,0.009094,0.150828,0.013047
REGN,2019-08-06,0.545509,0.006537,0.179627,0.009808
REGN,2019-11-05,0.514757,0.005923,0.142248,0.01103
REGN,2019-05-07,0.384281,0.006048,0.248772,0.009891
REGN,2021-02-05,0.535134,0.007799,0.183969,0.011068
REGN,2020-05-05,0.412419,0.006993,0.196335,0.012549
REGN,2021-08-05,0.610395,0.00775,0.190441,0.009813
REGN,2018-11-06,0.247366,0.004667,0.128319,0.01131
REGN,2020-02-06,0.571893,0.006628,0.157057,0.013343
REGN,2021-11-04,0.438597,0.008395,0.130554,0.012603
REGN,2021-05-06,0.477395,0.008476,0.195122,0.008972
ENSG,2019-02-07,0.43682,0.009062,0.162724,0.011193
ENSG,2020-10-29,0.34511,0.009158,0.198317,0.008157
ENSG,2022-08-02,0.430666,0.008108,0.064679,0.012378
ENSG,2019-10-31,0.44429,0.007844,0.200245,0.01278
ENSG,2021-07-29,0.520919,0.007288,0.206924,0.014719
ENSG,2019-05-07,0.405268,0.008199,0.207093,0.007909
ENSG,2020-05-12,0.317994,0.00953,0.014251,0.010702
ENSG,2022-02-10,0.499879,0.007004,0.227198,0.009402
ENSG,2020-08-06,0.278308,0.008637,0.107301,0.01083
ENSG,2021-02-04,0.466562,0.006975,0.23706,0.010522
ENSG,2022-04-29,0.452023,0.008348,0.218451,0.012005
ENSG,2021-04-30,0.448209,0.007183,0.089929,0.006645
ENSG,2021-10-28,0.431449,0.008365,0.275271,0.009908
ENSG,2020-02-06,0.509042,0.007715,0.183591,0.009046
ENSG,2019-08-02,0.460392,0.007151,0.185388,0.007315
DMRC,2019-07-24,0.429502,0.007978,0.140728,0.011586
DMRC,2019-02-21,0.154858,0.010471,0.133713,0.00848
DMRC,2019-10-30,0.357271,0.00994,0.151389,0.005797
DMRC,2020-10-28,0.296422,0.006378,0.20318,0.007605
DMRC,2020-04-29,0.393124,0.008607,0.161578,0.013761
DMRC,2018-10-31,0.257827,0.009185,0.153116,0.005517
DMRC,2020-02-26,0.389863,0.008054,0.091594,0.015913
DMRC,2020-07-29,0.098918,0.010932,0.131648,0.006908
RSG,2018-10-25,0.360364,0.009297,0.224749,0.009587
RSG,2021-05-05,0.273312,0.006424,0.222019,0.006559
RSG,2019-02-07,0.277068,0.00726,0.14249,0.008049
RSG,2021-07-29,0.333524,0.007843,0.232818,0.008392
RSG,2018-05-02,0.394386,0.006726,0.148233,0.006076
RSG,2020-05-05,0.129324,0.00964,0.103269,0.012442
RSG,2021-10-28,0.590283,0.007295,0.199689,0.008679
RSG,2021-02-22,0.435187,0.009919,0.202214,0.006963
IR,2019-08-01,0.408526,0.0044,0.14685,0.010167
IR,2022-08-04,0.475011,0.006357,0.214386,0.01086
IR,2020-11-03,0.25581,0.006144,0.238821,0.006986
IR,2022-02-24,0.624682,0.004627,0.27106,0.010359
IR,2020-02-18,0.096484,0.00437,0.203775,0.007679
IR,2021-07-29,0.607713,0.006391,0.324512,0.007967
IR,2019-04-30,0.313575,0.00351,0.256238,0.009497
IR,2019-02-19,0.511092,0.009157,0.170555,0.012174
IR,2019-10-29,0.236998,0.007314,0.196231,0.010675
IR,2021-02-23,0.418679,0.005847,0.285888,0.010529
IR,2021-04-30,0.534888,0.004442,0.320255,0.007222
IR,2022-05-05,0.562074,0.007699,0.199424,0.012124
ENPH,2021-10-26,0.310172,0.007353,0.175768,0.005237
ENPH,2024-07-23,0.337874,0.008233,0.255302,0.005547
ENPH,2023-02-07,0.373825,0.006196,0.188313,0.006922
ENPH,2022-10-25,0.465466,0.007614,0.182139,0.009117
ENPH,2022-04-26,0.271118,0.007291,0.199696,0.00715
ENPH,2022-02-08,0.390339,0.006529,0.183274,0.007926
ENPH,2023-10-26,0.077982,0.008137,0.063645,0.007706
ENPH,2024-02-06,0.07429,0.007842,0.083583,0.007544
ENPH,2020-08-04,0.197611,0.006012,0.149472,0.006841
ENPH,2020-02-18,0.334037,0.0065,0.152686,0.010284
ENPH,2024-04-23,0.201311,0.008058,0.126084,0.006075
ENPH,2019-02-20,0.123637,0.007194,0.16155,0.006783
ENPH,2022-07-26,0.454809,0.005646,0.216952,0.00693
ENPH,2019-04-30,0.110339,0.007591,0.208347,0.007044
ENPH,2020-10-27,0.467715,0.004417,0.166007,0.007688
ENPH,2021-02-09,0.34479,0.004674,0.137532,0.007295
ENPH,2021-07-27,0.382955,0.005932,0.158315,0.008504
ENPH,2020-05-05,0.349046,0.006188,0.103833,0.007923
ENPH,2019-10-29,0.156604,0.008101,0.112698,0.004558
ENPH,2019-07-30,0.25447,0.006335,0.142196,0.008508
ENPH,2023-07-27,0.258127,0.008555,0.099314,0.010007
ENPH,2021-04-27,0.300013,0.006771,0.166515,0.006731
AWK,2019-08-01,0.571364,0.006096,0.114702,0.008177
AWK,2019-05-02,0.323054,0.008218,0.219297,0.009324
AWK,2021-05-04,0.421172,0.009334,0.206883,0.011753
AWK,2018-08-02,0.279894,0.005556,0.149165,0.004466
AWK,2019-10-31,0.487932,0.009118,0.193488,0.006747
AWK,2020-02-19,0.471319,0.006274,0.158069,0.00821
AWK,2019-02-20,0.480384,0.00644,0.20474,0.007886
AWK,2020-05-07,0.309504,0.01083,0.127972,0.015323
AWK,2021-11-03,0.492185,0.005276,0.180997,0.00843
AWK,2021-08-03,0.308762,0.008976,0.136807,0.009948
EXR,2021-04-29,0.368955,0.014015,0.19887,0.01038
EXR,2021-07-28,0.43982,0.011719,0.130056,0.011355
EXR,2019-02-21,0.373245,0.01201,0.047576,0.014164
EXR,2019-10-30,0.327431,0.009698,0.186724,0.008757
EXR,2020-02-19,0.470861,0.011804,0.096741,0.010215
EXR,2020-08-05,0.127504,0.021195,0.008106,0.010974
EXR,2020-11-05,0.22393,0.019174,0.109546,0.01029
EXR,2020-05-08,0.043285,0.016271,0.012969,0.00841
EXR,2018-10-31,0.278802,0.014774,0.092133,0.011885
EXR,2021-02-23,0.356282,0.016194,0.088761,0.010918
EXR,2019-05-01,0.262659,0.011628,0.133098,0.01565
EXR,2021-10-28,0.353134,0.009812,0.07198,0.010809
EXR,2019-07-31,0.384021,0.010902,0.151971,0.010674
HAL,2024-07-19,0.320847,0.006281,0.225804,0.009233
HAL,2019-04-22,0.445099,0.006085,0.163515,0.0112
HAL,2020-10-19,0.312641,0.007331,0.236916,0.008209
HAL,2022-01-24,0.636362,0.007526,0.231389,0.008734
HAL,2022-10-25,0.522812,0.00809,0.281286,0.005313
HAL,2019-10-21,0.147368,0.008444,0.193789,0.009611
HAL,2017-10-22,0.422128,0.009346,0.143826,0.007809
HAL,2020-04-20,0.08556,0.010524,0.154998,0.010937
HAL,2018-01-22,0.49801,0.009942,0.225863,0.008341
HAL,2024-04-23,0.500379,0.007923,0.270909,0.007731
HAL,2019-07-22,0.471423,0.007509,0.196845,0.009125
HAL,2020-07-20,0.008732,0.010767,0.180454,0.008352
HAL,2023-07-19,0.559801,0.009513,0.142415,0.007141
HAL,2023-10-24,0.287928,0.009567,0.296781,0.009027
HAL,2022-04-19,0.508359,0.006741,0.250889,0.004859
HAL,2018-04-23,0.448452,0.006658,0.173354,0.01091
HAL,2021-01-19,0.481018,0.008287,0.192093,0.006733
HAL,2024-01-23,0.438973,0.008056,0.225939,0.010753
HAL,2021-04-21,0.45144,0.007851,0.271083,0.009061
HAL,2021-10-19,0.607276,0.006478,0.32185,0.010091
HAL,2023-01-24,0.499889,0.009745,0.285016,0.006072
HAL,2018-07-23,0.606158,0.009503,0.202051,0.008659
HAL,2021-07-20,0.591977,0.012602,0.256529,0.007326
HAL,2022-07-19,0.517532,0.006321,0.279046,0.007688
HAL,2019-01-22,0.344091,0.008025,0.164198,0.006959
HAL,2020-01-21,0.330962,0.009555,0.250586,0.009553
MRNA,2020-10-29,0.253347,0.007772,0.126,0.010184
MRNA,2024-05-02,0.17611,0.010143,0.155931,0.009791
MRNA,2024-08-01,0.286629,0.008009,0.192694,0.01173
MRNA,2020-08-05,0.260591,0.007743,0.161523,0.011011
MRNA,2019-11-06,0.24341,0.007241,0.16097,0.009542
MRNA,2021-02-25,0.275142,0.008316,0.179773,0.013247
MRNA,2020-02-26,0.17222,0.007264,0.126809,0.008909
MRNA,2020-05-18,0.216237,0.006393,0.13643,0.010027
MRNA,2024-02-22,0.197065,0.006365,0.155983,0.011676
MRNA,2021-05-06,0.326642,0.008829,0.148799,0.015647
CG,2021-10-28,0.645593,0.006398,0.321692,0.005427
FHB,2020-10-23,0.025155,0.007042,0.083098,0.009952
FHB,2019-07-25,0.10674,0.003228,0.064269,0.010741
FHB,2021-07-23,0.11743,0.005143,0.146982,0.008784
FHB,2020-01-28,0.20009,0.003605,0.098745,0.007886
FHB,2019-04-25,0.141254,0.004367,0.06189,0.009031
FHB,2021-04-23,0.004609,0.005571,0.090247,0.009517
FHB,2022-07-29,0.414798,0.007738,0.11678,0.015319
FHB,2019-10-24,0.047424,0.004078,0.051963,0.010013
FHB,2021-10-22,0.068015,0.006728,0.074076,0.010312
FHB,2019-01-24,0.245384,0.007755,0.061748,0.008027
FHB,2020-04-24,0.146936,0.006239,0.014979,0.009955
FHB,2021-01-22,0.060692,0.005376,0.18237,0.011644
FHB,2022-01-21,-0.00948,0.005637,0.142354,0.009875
FHB,2022-04-22,0.18351,0.009211,0.122048,0.009909
FHB,2020-07-24,-0.069435,0.008396,0.046634,0.010042
AMCX,2020-11-02,0.347579,0.006484,0.196565,0.006792
AMCX,2018-05-10,0.389864,0.008147,0.134649,0.009385
AMCX,2021-08-06,0.518135,0.005228,0.171055,0.008011
AMCX,2020-08-04,0.126297,0.007939,0.17104,0.009011
AMCX,2019-10-31,0.415728,0.008043,0.206195,0.011986
AMCX,2021-02-26,0.210686,0.007541,0.186183,0.008283
AMCX,2018-11-01,0.464135,0.007407,0.081961,0.009526
AMCX,2020-02-26,0.16895,0.008023,0.128097,0.005709
AMCX,2019-05-01,0.405372,0.008225,0.141229,0.010078
AMCX,2021-05-07,0.193839,0.004773,0.19488,0.006851
AMCX,2021-11-05,0.549356,0.005594,0.175024,0.003017
AMCX,2019-02-28,0.450106,0.007194,0.106003,0.007619
AMCX,2019-07-31,0.467825,0.009266,0.109213,0.008786
IQV,2019-07-24,0.410098,0.006523,0.183853,0.008629
IQV,2020-02-12,0.44342,0.009387,0.191388,0.007009
IQV,2022-04-27,0.314567,0.005616,0.130246,0.007509
IQV,2022-07-21,0.227298,0.007087,0.012241,0.01095
IQV,2022-02-15,0.479368,0.006268,0.133918,0.008981
IQV,2021-04-22,0.370354,0.006563,0.168082,0.008367
IQV,2019-10-30,0.411855,0.006329,0.135535,0.007491
IQV,2018-10-22,0.358139,0.004684,0.16349,0.008822
IQV,2021-10-21,0.470014,0.003887,0.138733,0.009139
IQV,2021-02-10,0.39801,0.006091,0.199639,0.008337
IQV,2021-07-27,0.639912,0.003004,0.106302,0.008685
IQV,2020-07-22,0.259786,0.008406,0.172684,0.011441
IQV,2020-04-28,-0.054847,0.010086,0.073359,0.007338
IQV,2019-02-14,0.485984,0.005766,0.197721,0.007503
IQV,2019-05-01,0.213517,0.006261,0.193204,0.008166
IQV,2020-10-20,0.233995,0.007426,0.137289,0.009728
FLWS,2024-02-01,0.122188,0.006079,0.114968,0.007392
FLWS,2021-08-26,0.454008,0.005187,0.277482,0.004553
FLWS,2021-04-29,0.627357,0.009972,0.313104,0.005529
FLWS,2020-10-29,0.50686,0.008837,0.190471,0.006952
FLWS,2024-05-02,0.051333,0.003866,0.100899,0.004855
FLWS,2023-08-31,0.129852,0.005891,0.168924,0.004069
FLWS,2019-01-31,0.453622,0.005634,0.315567,0.003726
FLWS,2022-11-03,0.244336,0.006469,0.179633,0.005884
FLWS,2019-10-31,0.333577,0.006527,0.211208,0.007238
FLWS,2018-08-23,0.365145,0.005215,0.247256,0.005034
FLWS,2022-09-01,0.176377,0.006616,0.199129,0.008319
FLWS,2019-04-30,0.308016,0.004179,0.228433,0.005769
FLWS,2020-01-30,0.478203,0.005875,0.3205,0.005966
FLWS,2023-05-11,0.256214,0.004847,0.193871,0.006081
FLWS,2023-02-02,0.222237,0.006367,0.262138,0.005116
FLWS,2020-08-27,0.522687,0.005404,0.28105,0.005989
FLWS,2020-05-02,0.374084,0.006307,0.197753,0.007975
FLWS,2021-10-28,0.358824,0.004853,0.223081,0.00578
FLWS,2022-01-27,0.105841,0.006581,0.069962,0.006703
FLWS,2019-08-22,0.534373,0.004244,0.261348,0.004972
FLWS,2021-01-28,0.005141,0.01766,0.311665,0.00354
FLWS,2024-08-29,0.25089,0.004695,0.224197,0.00527
FLWS,2022-04-28,0.161655,0.004815,0.229312,0.006062
FLWS,2023-11-02,0.175621,0.005445,0.124546,0.005237
MELI,2023-11-01,0.565381,0.002593,0.338357,0.007036
MELI,2022-02-22,0.720901,0.005951,0.335717,0.007569
MELI,2021-05-05,0.643454,0.007331,0.254294,0.006564
MELI,2018-08-08,0.384489,0.006017,0.202896,0.010386
MELI,2021-03-01,0.609689,0.006324,0.322145,0.007661
MELI,2019-05-02,0.671574,0.005354,0.190594,0.008775
MELI,2019-02-26,0.594228,0.003652,0.297173,0.007448
MELI,2020-11-04,0.763903,0.006557,0.290219,0.00857
MELI,2024-05-02,0.753628,0.003442,0.198591,0.007819
MELI,2019-08-07,0.764456,0.005605,0.252087,0.008238
MELI,2022-11-03,0.608628,0.002882,0.238724,0.007899
MELI,2024-08-01,0.616389,0.00387,0.365299,0.006568
MELI,2019-10-31,0.552776,0.006845,0.244946,0.006505
MELI,2022-08-03,0.495836,0.007252,0.232245,0.009641
MELI,2023-02-23,0.693278,0.006649,0.359242,0.007981
MELI,2020-08-10,0.668717,0.005857,0.367087,0.009577
MELI,2020-05-05,0.221637,0.005104,0.156145,0.005061
MELI,2018-11-01,0.396388,0.005889,0.290372,0.006287
MELI,2024-02-22,0.54419,0.005802,0.281124,0.00669
MELI,2020-02-10,0.715766,0.005083,0.287639,0.008562
MELI,2021-11-04,0.659832,0.005847,0.238853,0.010463
MELI,2023-08-02,0.611229,0.002946,0.302688,0.006976
MELI,2021-08-04,0.696087,0.009459,0.34909,0.008783
MELI,2022-05-05,0.484745,0.011555,0.340263,0.007377
EFSC,2020-04-21,0.277228,0.008504,0.156448,0.012994
EFSC,2021-10-26,0.380421,0.007498,0.183711,0.008701
EFSC,2021-01-26,0.39536,0.0108,0.15577,0.009086
EFSC,2019-04-23,0.2246,0.005577,0.160283,0.011622
EFSC,2020-07-21,0.284366,0.005716,0.085928,0.012456
EFSC,2019-07-23,0.503432,0.006373,0.196049,0.011427
EFSC,2021-07-27,0.609531,0.003181,0.245803,0.006693
EFSC,2019-10-22,0.606689,0.005156,0.163066,0.01056
EFSC,2019-01-22,0.517469,0.005489,0.18293,0.008264
EFSC,2021-04-27,0.408843,0.007519,0.254,0.007927
EFSC,2020-10-20,0.258457,0.009744,0.196258,0.013653
EFSC,2020-01-21,0.408008,0.005805,0.204769,0.011803
BYSI,2021-09-10,0.36733,0.007784,0.134214,0.006461
BYSI,2020-09-03,0.44531,0.005839,0.129373,0.007008
BYSI,2018-06-21,0.252213,0.008069,0.1776,0.009632
BYSI,2020-04-30,0.315227,0.007624,0.146908,0.007223
BYSI,2018-04-03,0.345114,0.008964,0.215059,0.015135
BYSI,2022-04-14,0.23357,0.004965,0.184615,0.006205
BYSI,2019-12-18,0.404151,0.004352,0.149734,0.004202
BYSI,2021-04-30,0.500082,0.006273,0.141049,0.006361
BYSI,2019-09-18,0.398136,0.00785,0.135777,0.007951
BYSI,2021-06-16,0.291022,0.008073,0.240202,0.006579
EW,2021-01-27,0.257662,0.008769,0.048957,0.012744
EW,2022-04-26,0.495096,0.009919,0.245334,0.013681
EW,2019-04-23,0.486157,0.009468,0.215775,0.013448
EW,2021-10-27,0.434371,0.009159,0.151602,0.012767
EW,2019-01-31,0.397575,0.008918,0.155494,0.013541
EW,2018-10-23,0.386473,0.00687,0.206042,0.014903
EW,2019-07-23,0.528519,0.010631,0.201806,0.013151
EW,2021-07-29,0.398443,0.008168,0.20079,0.011696
EW,2021-04-20,0.493021,0.009913,0.197868,0.011616
EW,2020-07-23,0.159499,0.010383,0.102953,0.014147
EW,2022-07-28,0.353161,0.009565,0.104439,0.01546
EW,2020-10-21,0.424902,0.011339,0.165825,0.014729
EW,2020-04-23,0.284984,0.008535,0.063857,0.013834
EW,2022-01-26,0.570071,0.008656,0.149399,0.012068
EW,2019-10-23,0.514006,0.008458,0.188824,0.012433
EVBG,2018-11-05,0.554508,0.008402,0.192537,0.007168
EVBG,2022-08-09,0.490792,0.007,0.243574,0.006383
EVBG,2022-02-24,0.405149,0.00772,0.234712,0.009771
EVBG,2020-02-18,0.602753,0.009919,0.183025,0.009971
EVBG,2020-11-05,0.620671,0.006774,0.34226,0.006263
EVBG,2019-02-19,0.56608,0.0082,0.244272,0.007594
EVBG,2019-08-05,0.503484,0.008518,0.143552,0.010612
EVBG,2020-08-06,0.550557,0.006119,0.216447,0.009666
EVBG,2020-05-05,0.36481,0.010376,0.243405,0.008788
EVBG,2019-05-06,0.50979,0.010113,0.211241,0.00886
EVBG,2019-11-04,0.559736,0.010468,0.235106,0.007266
EVBG,2021-11-09,0.52182,0.010285,0.240391,0.010554
EVBG,2021-08-09,0.521585,0.008744,0.288276,0.005502
EVBG,2021-05-10,0.60694,0.007403,0.302896,0.008035
EVBG,2022-05-09,0.554655,0.006949,0.263604,0.007872
EVBG,2018-02-21,0.467838,0.010307,0.199744,0.009812
EVBG,2021-02-18,0.590359,0.006936,0.272278,0.006808
LMT,2020-04-21,0.452587,0.007309,0.21554,0.005309
LMT,2021-10-26,0.307833,0.010483,0.101894,0.011561
LMT,2024-07-23,0.692965,0.003506,0.239463,0.003716
LMT,2018-01-29,0.508208,0.006566,0.059613,0.011101
LMT,2022-01-25,0.57027,0.008468,0.159002,0.008881
LMT,2021-01-26,0.660382,0.007898,0.206476,0.009824
LMT,2019-04-23,0.693687,0.00777,0.261265,0.008657
LMT,2023-10-17,0.429078,0.005438,0.137099,0.014021
LMT,2023-07-18,0.556148,0.004751,0.276514,0.007531
LMT,2020-01-28,0.62179,0.007211,0.188943,0.010333
LMT,2020-07-21,0.601823,0.005502,0.182825,0.015542
LMT,2024-04-23,0.514095,0.003739,0.1137,0.00885
LMT,2019-07-23,0.659876,0.005052,0.282476,0.007419
LMT,2022-10-18,0.540066,0.008036,0.17535,0.00806
LMT,2019-01-29,0.54663,0.009027,0.248108,0.011011
LMT,2021-04-20,0.57998,0.007786,0.229173,0.004944
LMT,2021-07-26,0.597765,0.005503,0.208205,0.011851
LMT,2024-01-23,0.358493,0.008518,0.133604,0.007709
LMT,2023-01-24,0.376556,0.007075,0.218212,0.009562
LMT,2019-10-22,0.561531,0.010589,0.183339,0.008875
LMT,2022-07-19,0.238134,0.008565,0.157169,0.008105
LMT,2020-10-20,0.48567,0.012451,0.199832,0.006899
ATNI,2018-10-25,0.415618,0.006958,0.149925,0.014542
ATNI,2021-04-28,0.202118,0.007324,0.102252,0.009766
ATNI,2019-07-25,0.353992,0.009096,0.093804,0.011878
ATNI,2019-02-21,0.198711,0.009231,0.068369,0.010725
ATNI,2019-04-25,-0.070913,0.008469,0.104986,0.012061
ATNI,2020-04-30,0.176976,0.011349,0.01014,0.009507
ATNI,2021-07-29,0.414435,0.007837,0.145224,0.010244
ATNI,2020-02-20,0.244516,0.007061,0.075486,0.008822
ATNI,2019-10-24,0.441234,0.007977,0.077355,0.006767
ATNI,2021-02-24,0.357174,0.009124,0.157434,0.010791
ATNI,2021-10-28,0.394643,0.008392,0.116088,0.008429
ACIW,2018-11-08,0.525256,0.001581,0.221502,0.009709
ACIW,2019-11-07,0.49747,0.002725,0.177419,0.004709
ACIW,2019-05-09,0.441009,0.003114,0.181985,0.005905
ACIW,2020-11-05,0.177094,0.002601,0.16633,0.007344
ACIW,2020-05-07,0.207438,0.006156,0.27816,0.004866
ACIW,2020-08-06,0.219246,0.004651,0.196806,0.006405
ACIW,2019-08-08,0.584008,0.003421,0.270818,0.004039
ACIW,2021-08-05,0.232174,0.001347,0.159341,0.006755
ACIW,2021-05-07,0.225851,0.002987,0.211521,0.009165
ACIW,2021-11-04,0.521266,0.001193,0.19438,0.003904
ACIW,2019-02-28,0.401616,0.005421,0.203893,0.006713
ACIW,2020-02-27,0.523463,0.003929,0.194084,0.006162
TYL,2019-08-01,0.44384,0.017526,0.210887,0.009056
TYL,2019-05-02,0.342563,0.018064,0.205905,0.012006
TYL,2020-02-13,0.412967,0.016341,0.248966,0.007522
TYL,2021-04-29,0.204965,0.01015,0.183953,0.008472
TYL,2019-02-21,0.285965,0.011664,0.182063,0.009838
TYL,2019-10-31,0.479018,0.013248,0.195315,0.007937
TYL,2020-04-30,0.247261,0.01351,0.136035,0.015415
TYL,2021-02-10,0.388445,0.010611,0.22376,0.009502
TYL,2021-07-29,0.40597,0.01485,0.125551,0.00822
TYL,2018-11-01,0.24933,0.012243,0.161324,0.009812
TYL,2021-10-28,0.377622,0.010783,0.172225,0.009389
CI,2022-05-06,0.551529,0.007536,0.258658,0.007319
CI,2022-08-04,0.699995,0.004802,0.210288,0.007765
CI,2022-02-03,0.529011,0.006476,0.233763,0.00839
CI,2024-05-02,0.45797,0.005545,0.266365,0.007353
CI,2023-05-05,0.576778,0.004613,0.231641,0.010075
CI,2022-11-03,0.668054,0.006475,0.213352,0.007147
CI,2024-08-01,0.527682,0.006436,0.265965,0.011048
CI,2023-02-03,0.689079,0.005642,0.230649,0.009049
CI,2021-02-04,0.587653,0.004606,0.26439,0.010199
CI,2021-08-05,0.420051,0.005241,0.219713,0.011613
CI,2023-08-03,0.637242,0.01006,0.258509,0.009452
CI,2024-02-02,0.627218,0.004986,0.226179,0.006667
CI,2021-05-07,0.529977,0.004544,0.299107,0.008771
CI,2021-11-04,0.563751,0.006063,0.229083,0.011239
CI,2023-11-02,0.653395,0.004363,0.322714,0.008978
CLLS,2020-03-05,0.267443,0.005853,0.113443,0.012957
CLLS,2021-08-06,0.242517,0.006897,0.184451,0.01049
CLLS,2020-11-06,0.207024,0.007502,0.126023,0.009388
CLLS,2020-08-06,0.164153,0.005128,0.080768,0.009162
CLLS,2020-05-08,0.204431,0.004909,0.115623,0.009117
CLLS,2021-03-05,0.292165,0.004333,0.172288,0.008507
CLLS,2021-11-05,0.210793,0.008504,0.117888,0.00922
PPL,2022-02-18,0.415813,0.005196,0.152166,0.012315
PPL,2020-02-14,0.55172,0.00517,0.12598,0.013641
PPL,2017-02-22,0.384936,0.004958,0.182993,0.014978
PPL,2019-08-06,0.497077,0.005727,0.09164,0.009069
PPL,2022-08-03,0.4948,0.005445,0.177295,0.010616
PPL,2020-11-05,0.174175,0.005636,0.231613,0.009005
PPL,2019-11-05,0.42427,0.005983,0.153688,0.018035
PPL,2020-08-10,0.221614,0.008901,0.178214,0.010597
PPL,2020-05-09,0.207048,0.009177,0.15579,0.008618
PPL,2018-11-01,0.40697,0.006679,0.168743,0.012021
PPL,2019-02-14,0.452278,0.004612,0.140968,0.014042
PPL,2021-08-05,0.306671,0.003931,0.206617,0.006098
PPL,2021-11-04,0.349229,0.004809,0.160468,0.008059
PPL,2021-05-06,0.204411,0.004902,0.275656,0.006685
PPL,2021-02-18,0.397859,0.004914,0.143703,0.012422
PPL,2022-05-05,0.326181,0.006089,0.166468,0.008223
EQT,2020-07-27,0.390191,0.013096,0.167005,0.009935
EQT,2018-10-25,0.038487,0.00803,0.071164,0.010407
EQT,2021-02-17,0.334378,0.011287,0.186981,0.01341
EQT,2019-07-25,0.191778,0.008705,0.152412,0.007151
EQT,2020-10-22,0.400732,0.012512,0.179544,0.00966
EQT,2019-10-31,0.147852,0.013867,0.182468,0.011361
EQT,2019-04-25,0.2839,0.005794,0.159643,0.008464
EQT,2020-05-07,0.235813,0.009663,0.138708,0.008984
EQT,2021-07-29,0.422362,0.014629,0.154423,0.010603
EQT,2019-02-14,0.341356,0.006555,0.186516,0.007736
EQT,2021-10-28,0.207496,0.016516,0.154239,0.009292
EQT,2021-05-06,0.409281,0.012106,0.187877,0.010589
EQT,2020-02-27,0.071314,0.007353,0.115813,0.01179
CASA,2019-02-21,0.157904,0.010093,0.181071,0.010074
CASA,2019-10-31,-0.082351,0.011443,0.236911,0.011696
CASA,2020-04-30,0.123462,0.008923,0.169938,0.012483
CASA,2020-02-20,0.181844,0.010602,0.228003,0.014585
CASA,2019-05-01,-0.237211,0.00988,0.070694,0.01137
CASA,2019-07-31,0.386118,0.009963,0.194398,0.014368
BMBL,2021-08-11,0.645415,0.00447,0.294788,0.005281
BMBL,2024-05-08,0.39988,0.00519,0.284731,0.005201
BMBL,2022-11-09,0.326825,0.006181,0.170725,0.010366
BMBL,2021-11-10,0.440973,0.005195,0.3058,0.006237
BMBL,2021-05-12,0.522502,0.005839,0.254912,0.006325
BMBL,2024-08-07,0.228441,0.008624,0.188664,0.006649
BMBL,2022-05-11,0.365422,0.008236,0.272939,0.008512
BMBL,2023-11-07,0.446684,0.009404,0.217393,0.003138
BMBL,2023-05-04,0.374746,0.005674,0.319897,0.006099
BMBL,2024-02-27,0.523766,0.005309,0.27172,0.007224
BMBL,2022-03-08,0.294892,0.00843,0.218412,0.007986
BMBL,2023-08-08,0.521319,0.004261,0.168688,0.006882
BMBL,2023-02-22,0.507362,0.006001,0.268425,0.005065
BMBL,2022-08-10,0.528103,0.006284,0.256624,0.008263
ANSS,2018-11-08,0.497706,0.003493,0.212112,0.008527
ANSS,2019-05-02,0.532097,0.005116,0.177097,0.008188
ANSS,2019-11-07,0.570903,0.007173,0.226367,0.007344
ANSS,2019-08-06,0.554381,0.005376,0.141845,0.007709
ANSS,2020-05-07,0.241338,0.012497,0.106804,0.012436
ANSS,2021-02-25,0.4452,0.011413,0.185334,0.011205
ANSS,2021-08-05,0.584605,0.00687,0.229015,0.008664
ANSS,2021-11-04,0.542014,0.006209,0.288096,0.00677
ANSS,2021-05-06,0.571419,0.007137,0.219643,0.009173
ANSS,2020-02-27,0.418233,0.006782,0.219362,0.0135
ANSS,2018-08-07,0.48252,0.005411,0.086412,0.008428
EPAM,2022-08-04,0.289329,0.008501,0.184219,0.011637
EPAM,2024-05-09,0.061491,0.009766,0.096377,0.011125
EPAM,2019-11-07,0.294429,0.009313,0.179375,0.013966
EPAM,2019-05-09,0.24022,0.011746,0.140636,0.010466
EPAM,2023-05-05,0.032706,0.009701,0.06333,0.009664
EPAM,2022-11-03,0.268507,0.009677,0.092126,0.014068
EPAM,2023-02-16,0.167771,0.009864,0.154692,0.01377
EPAM,2020-11-05,0.291739,0.010115,0.115053,0.010823
EPAM,2020-02-20,0.419331,0.007977,0.200322,0.009305
EPAM,2020-08-06,0.227545,0.010807,0.126444,0.012525
EPAM,2020-05-09,0.145752,0.011498,-0.036171,0.012411
EPAM,2019-08-08,0.367451,0.010664,0.203454,0.013492
EPAM,2019-02-14,0.299772,0.011031,0.168425,0.010812
EPAM,2021-08-05,0.456028,0.009003,0.181259,0.01379
EPAM,2023-08-03,-0.098804,0.006841,0.161735,0.012865
EPAM,2024-08-08,0.133688,0.008416,0.157133,0.010388
EPAM,2021-11-04,0.448724,0.008308,0.223226,0.013067
EPAM,2021-05-06,0.465368,0.008932,0.169816,0.011163
EPAM,2024-02-15,0.026659,0.009355,0.190396,0.009133
EPAM,2021-02-18,0.389775,0.010417,0.214687,0.016007
EPAM,2022-05-05,0.228371,0.007872,0.182965,0.013139
EPAM,2023-11-02,-0.057277,0.008036,0.073708,0.011281
EPAM,2022-02-17,0.507661,0.008967,0.157131,0.016243
ACLS,2021-05-05,0.402758,0.00932,0.25627,0.009499
ACLS,2019-02-07,0.306424,0.013333,0.07772,0.006517
ACLS,2019-11-01,0.355508,0.007551,0.266107,0.006882
ACLS,2021-02-11,0.49717,0.007143,0.222361,0.008934
ACLS,2020-05-06,0.172496,0.006575,0.181952,0.009906
ACLS,2019-08-07,0.153751,0.011349,0.177946,0.011078
ACLS,2019-05-08,-0.169775,0.014315,0.136091,0.010337
ACLS,2020-08-05,0.315065,0.007554,0.103265,0.007572
ACLS,2020-11-06,0.289686,0.007564,0.157098,0.006298
ACLS,2018-11-01,0.32066,0.009467,0.173011,0.012981
ACLS,2021-08-05,0.512312,0.009699,0.2195,0.007341
ACLS,2020-02-06,0.473014,0.008213,0.17912,0.006536
ACLS,2021-11-04,0.577868,0.007792,0.186402,0.007949
SLB,2019-04-18,0.183171,0.00436,0.24503,0.011225
SLB,2020-04-17,-0.183103,0.009877,0.085469,0.014902
SLB,2021-07-23,0.583085,0.0041,0.371894,0.00726
SLB,2018-10-19,0.358906,0.004509,0.167588,0.006248
SLB,2018-04-20,0.121506,0.00504,0.295386,0.006454
SLB,2021-04-23,0.428569,0.00488,0.366683,0.014026
SLB,2019-07-19,0.495248,0.003834,0.299432,0.009379
SLB,2021-10-22,0.549953,0.004151,0.355236,0.008291
SLB,2021-01-22,0.539368,0.005942,0.270231,0.013048
SLB,2022-01-21,0.616155,0.004339,0.305241,0.008101
SLB,2022-04-22,0.370632,0.005441,0.359952,0.008432
SLB,2019-10-18,0.231317,0.007466,0.145206,0.010448
SLB,2020-01-17,0.092794,0.006175,0.282557,0.011094
SLB,2022-07-22,0.645647,0.004733,0.342447,0.010823
SLB,2020-10-16,0.306482,0.009005,0.337008,0.010687
SLB,2020-07-24,0.147142,0.008713,0.242468,0.008988
SLB,2019-01-18,0.08668,0.004035,0.194396,0.009024
CRL,2021-02-17,0.573338,0.009831,0.245474,0.010398
CRL,2021-05-04,0.59676,0.006977,0.222853,0.007705
CRL,2020-10-29,0.569244,0.008084,0.168684,0.007784
CRL,2020-08-05,0.466413,0.010824,0.17278,0.009815
CRL,2019-11-06,0.488667,0.006822,0.225452,0.00829
CRL,2020-05-07,0.266597,0.012882,0.129138,0.011501
CRL,2019-05-07,0.347165,0.00486,0.175688,0.006921
CRL,2019-02-13,0.548042,0.007444,0.13309,0.011175
CRL,2021-11-05,0.208434,0.010175,0.161069,0.008894
CRL,2020-02-11,0.532868,0.006965,0.220483,0.007526
CRL,2018-11-07,0.474379,0.009707,0.164137,0.00769
CRL,2021-08-04,0.527688,0.008394,0.224167,0.005492
CRL,2019-07-31,0.404127,0.003896,0.259922,0.007925
ABUS,2022-03-03,0.304879,0.005744,0.102541,0.010306
ABUS,2021-05-05,0.223743,0.007812,0.158628,0.011716
ABUS,2022-08-04,0.318663,0.01373,0.086132,0.007816
ABUS,2019-03-07,0.269039,0.012222,0.126102,0.01642
ABUS,2021-03-04,0.150224,0.01036,0.12276,0.009823
ABUS,2021-08-05,0.244817,0.00553,0.203387,0.015516
ABUS,2021-11-04,0.251622,0.007645,0.147444,0.011838
ABUS,2022-05-05,0.35017,0.009078,0.095211,0.010916
CSGP,2021-10-26,0.361311,0.009442,0.183219,0.013148
CSGP,2020-02-25,0.352112,0.011395,0.183951,0.006773
CSGP,2019-04-23,0.542786,0.008345,0.128029,0.008348
CSGP,2019-02-26,0.501441,0.010087,0.182725,0.009022
CSGP,2018-10-23,0.302503,0.008676,0.128828,0.007914
CSGP,2019-07-23,0.489748,0.010034,0.185796,0.006016
CSGP,2020-10-27,0.344408,0.010043,0.114167,0.005871
CSGP,2021-07-27,0.597852,0.011642,0.15949,0.006275
CSGP,2018-07-24,0.437402,0.008516,0.237737,0.008256
CSGP,2020-04-28,-0.022825,0.011033,0.010985,0.014124
CSGP,2019-10-22,0.291217,0.01071,0.112649,0.009534
CSGP,2021-02-23,0.484087,0.011731,0.162696,0.007591
CSGP,2020-07-28,0.356061,0.013405,0.158935,0.011054
CSGP,2021-04-27,0.412718,0.008515,0.144415,0.00895
CHEF,2020-02-12,0.139316,0.013229,0.15202,0.005634
CHEF,2021-04-28,-0.213491,0.012987,0.137202,0.008977
CHEF,2022-04-27,0.325471,0.012451,0.177446,0.010385
CHEF,2021-10-27,0.243069,0.012812,0.13427,0.009323
CHEF,2021-07-28,0.35585,0.014751,0.192046,0.009358
CHEF,2020-05-06,-0.125695,0.012974,0.134938,0.008121
CHEF,2022-07-27,0.341346,0.0125,0.178078,0.010398
CHEF,2022-02-09,0.183094,0.014445,0.228087,0.005616
CHEF,2021-02-10,-0.210537,0.014404,0.204913,0.008387
CHEF,2019-02-13,0.306709,0.011446,0.181998,0.005965
CHEF,2019-05-01,0.336428,0.009554,0.223815,0.008513
CHEF,2019-07-31,0.24612,0.013087,0.287605,0.009662
CHEF,2018-05-09,0.100868,0.012373,0.224861,0.005561
EL,2020-11-02,0.378617,0.00435,0.293365,0.007881
EL,2018-02-02,0.685469,0.006413,0.282957,0.00995
EL,2020-05-01,0.227275,0.006023,0.164946,0.007569
EL,2022-02-03,0.701526,0.003821,0.381566,0.00584
EL,2021-05-03,0.715821,0.004841,0.292533,0.005661
EL,2022-08-18,0.501678,0.005596,0.145301,0.008166
EL,2019-10-31,0.459644,0.007759,0.310038,0.009716
EL,2021-02-05,0.567032,0.004093,0.253665,0.007353
EL,2021-08-19,0.614238,0.006678,0.320524,0.008529
EL,2022-05-03,0.482992,0.006635,0.209083,0.010192
EL,2021-11-02,0.682099,0.006216,0.320305,0.008462
EL,2018-10-31,0.577651,0.004997,0.266423,0.012798
EL,2019-08-19,0.654516,0.007127,0.308611,0.007256
EL,2020-08-20,0.292624,0.005718,0.183752,0.007724
EL,2019-02-05,0.59842,0.005619,0.272347,0.006711
EL,2019-05-01,0.578965,0.005882,0.17234,0.008277
EL,2020-02-06,0.630884,0.004426,0.172991,0.007188
ARGX,2020-07-31,0.300455,0.005213,0.118218,0.011774
ARGX,2022-03-03,0.274131,0.007449,0.083823,0.008206
ARGX,2020-10-22,0.458197,0.006013,0.085503,0.010863
ARGX,2021-05-14,0.486643,0.007168,0.13321,0.009045
ARGX,2021-07-29,0.40664,0.007426,0.173801,0.010907
ARGX,2021-03-04,0.322415,0.007212,0.153306,0.009076
ARGX,2022-07-28,0.492917,0.006729,0.149082,0.005141
ARGX,2020-05-14,0.267643,0.006596,0.158564,0.00906
ARGX,2021-10-28,0.332121,0.006434,0.148494,0.008239
ARGX,2022-05-05,0.352745,0.007309,0.134693,0.008277
ARGX,2020-02-27,0.286293,0.004819,0.121185,0.011447
CPRX,2021-11-10,0.473928,0.008479,0.08591,0.013423
CPRX,2021-08-10,0.368013,0.010263,0.208382,0.011898
CPRX,2019-05-13,0.33527,0.006236,0.115605,0.010924
CPRX,2020-03-17,0.155658,0.008116,0.14118,0.011101
CPRX,2019-11-13,0.262176,0.010324,0.139016,0.010484
CPRX,2020-05-12,0.21305,0.008467,0.194887,0.013749
CPRX,2020-11-10,0.31292,0.007267,0.192852,0.015013
CPRX,2019-03-19,0.291646,0.008386,0.200555,0.007168
CPRX,2020-08-11,0.304297,0.007931,0.150881,0.011286
CPRX,2019-08-08,0.232896,0.006709,0.121493,0.015526
CPRX,2021-05-11,0.227688,0.008212,0.141431,0.01481
ACOR,2019-08-01,0.389268,0.011842,0.127223,0.008798
ACOR,2019-05-02,0.177929,0.005764,0.087412,0.008755
ACOR,2019-02-14,0.308531,0.003695,0.089373,0.009304
ACOR,2018-10-31,0.250753,0.007782,0.13086,0.009256
ASRT,2019-03-06,0.45326,0.008416,0.159098,0.004569
ASRT,2019-08-07,0.196343,0.008457,0.059269,0.006329
ASRT,2019-05-08,0.308119,0.007481,0.109277,0.01161
WFC,2020-01-14,0.064901,0.004733,0.071043,0.011491
WFC,2021-07-14,0.300026,0.009138,0.09328,0.014286
WFC,2018-01-12,0.145666,0.006828,0.114955,0.011191
WFC,2020-10-14,0.055149,0.01016,0.061521,0.008561
WFC,2024-04-12,0.12408,0.009626,0.154886,0.008899
WFC,2018-10-12,0.063207,0.006805,0.108399,0.009362
WFC,2019-04-12,0.117903,0.009844,0.102565,0.012206
WFC,2021-04-14,0.081293,0.006467,0.090095,0.007309
WFC,2023-07-14,0.251053,0.009747,0.094007,0.009819
WFC,2022-01-14,0.35134,0.011441,0.167056,0.007549
WFC,2022-10-14,0.185404,0.006276,0.055621,0.009917
WFC,2024-07-12,0.05002,0.008935,0.149265,0.009368
WFC,2021-10-14,0.062351,0.006698,0.144451,0.007565
WFC,2021-01-15,0.104695,0.010727,0.122689,0.009844
WFC,2019-07-16,0.156925,0.006202,0.061986,0.011168
WFC,2023-01-13,0.271491,0.009292,0.098824,0.010085
WFC,2023-10-13,0.070439,0.00785,0.116357,0.01319
WFC,2022-04-14,0.078138,0.010422,0.02345,0.011855
WFC,2020-07-14,0.050534,0.010125,0.0947,0.009095
WFC,2022-07-15,0.189043,0.006547,0.126739,0.011091
WFC,2024-01-12,0.19407,0.008441,0.102381,0.00833
WFC,2019-01-15,-0.030711,0.00844,0.124788,0.010594
WFC,2018-04-13,-0.099221,0.012263,0.130747,0.007927
WFC,2019-10-15,0.219858,0.006336,0.077617,0.014812
WFC,2020-04-14,-0.066478,0.005293,0.059872,0.011388
CRWD,2021-06-03,0.517423,0.006384,0.276097,0.010493
CRWD,2021-12-01,0.618815,0.006866,0.232666,0.005024
CRWD,2021-08-31,0.501681,0.00707,0.22436,0.004037
CRWD,2021-03-16,0.641183,0.007318,0.274234,0.010572
CRWD,2020-09-02,0.485132,0.007383,0.2848,0.005198
CRWD,2022-11-29,0.508391,0.010357,0.219278,0.008453
CRWD,2023-03-07,0.633556,0.00701,0.235616,0.005059
CRWD,2020-12-02,0.533126,0.00781,0.264386,0.005752
CRWD,2022-03-09,0.549113,0.008619,0.234965,0.004974
CRWD,2024-06-04,0.424346,0.003074,0.229399,0.00731
CRWD,2020-03-19,0.435322,0.006557,0.294299,0.005703
CRWD,2023-08-30,0.558684,0.004509,0.246229,0.006112
CRWD,2023-05-31,0.592991,0.006989,0.217741,0.009916
CRWD,2020-06-02,0.482142,0.006402,0.221431,0.006316
CRWD,2024-03-05,0.442425,0.004941,0.209784,0.005835
CRWD,2023-11-28,0.522119,0.003747,0.20404,0.005837
CRWD,2022-06-02,0.505929,0.006181,0.270598,0.005955
CRWD,2024-08-28,0.468293,0.004836,0.195675,0.005025
CRWD,2022-08-30,0.645819,0.00863,0.259745,0.005923
CRWD,2019-12-05,0.507834,0.005983,0.30814,0.005838
CASH,2021-01-27,0.290308,0.009002,0.115217,0.015275
CASH,2021-10-27,0.515986,0.013616,0.097799,0.008701
CASH,2021-07-28,0.355817,0.008551,0.180711,0.012052
CASH,2019-04-25,0.287905,0.006744,0.194221,0.009671
CASH,2020-01-29,0.29164,0.011096,0.178841,0.014508
CASH,2020-10-28,0.160919,0.010864,0.142635,0.010189
CASH,2019-10-24,0.441702,0.008679,0.140884,0.017684
CASH,2020-07-22,0.196778,0.00551,0.113668,0.01301
CASH,2019-01-28,0.338316,0.008671,0.148298,0.010936
CASH,2019-07-30,0.289077,0.00789,0.131882,0.010671
CASH,2020-04-22,0.039293,0.011682,0.11211,0.012152
CASH,2021-04-27,0.241199,0.008712,0.195945,0.014352
PSX,2020-07-31,-0.126444,0.007357,0.070078,0.009991
PSX,2022-01-28,0.312531,0.005804,0.184671,0.007793
PSX,2023-05-03,0.285545,0.004627,0.260102,0.006495
PSX,2020-05-01,0.031714,0.005527,0.084918,0.009861
PSX,2024-01-31,0.179969,0.006041,0.149889,0.008443
PSX,2023-01-31,0.029488,0.003256,0.129418,0.011713
PSX,2018-07-27,0.416679,0.005405,0.19425,0.011411
PSX,2023-10-27,0.385239,0.004561,0.261771,0.011127
PSX,2019-04-30,0.064768,0.005066,0.148686,0.013064
PSX,2022-07-29,0.257773,0.006912,0.250858,0.009847
PSX,2017-10-27,-0.01912,0.004136,0.124798,0.007302
PSX,2021-08-03,0.265466,0.003564,0.207246,0.00845
PSX,2020-10-30,0.155186,0.0042,0.190332,0.010004
PSX,2020-01-31,0.088364,0.00609,0.068579,0.012959
PSX,2024-07-30,0.383108,0.00838,0.257358,0.008752
PSX,2019-10-25,0.198202,0.005469,0.129047,0.009437
PSX,2022-11-01,-0.090279,0.00418,0.156625,0.009539
PSX,2019-07-26,0.395168,0.006193,0.167179,0.011832
PSX,2022-04-29,0.011262,0.005857,0.241795,0.008131
PSX,2021-04-30,0.240959,0.003918,0.166305,0.007758
PSX,2021-01-29,0.096095,0.005938,0.179262,0.00777
PSX,2021-10-29,0.33158,0.005528,0.147948,0.008423
PSX,2023-08-02,0.173376,0.006861,0.239662,0.009072
PSX,2018-10-26,0.25728,0.005083,0.209372,0.00943
PSX,2019-02-08,0.331858,0.0051,0.125148,0.010176
PSX,2024-04-26,0.149493,0.005566,0.196962,0.007245
MRK,2020-07-31,0.478809,0.010155,0.191461,0.011956
MRK,2018-10-25,0.541185,0.007713,0.131834,0.008617
MRK,2024-04-25,0.503166,0.007096,0.203437,0.0092
MRK,2018-02-02,0.528433,0.010046,0.177093,0.009597
MRK,2023-08-01,0.552077,0.008625,0.24236,0.007155
MRK,2024-02-01,0.516425,0.00949,0.1609,0.010859
MRK,2021-04-29,0.443588,0.005741,0.191269,0.00699
MRK,2020-02-05,0.524388,0.007773,0.191766,0.00716
MRK,2022-02-03,0.604558,0.008903,0.177945,0.010317
MRK,2019-02-01,0.562727,0.008969,0.214796,0.009642
MRK,2023-10-26,0.526489,0.007712,0.261472,0.005509
MRK,2018-05-01,0.479475,0.007338,0.27306,0.008122
MRK,2021-07-29,0.641319,0.005617,0.211238,0.006383
MRK,2019-04-30,0.527211,0.00621,0.184248,0.008964
MRK,2020-10-27,0.528939,0.006962,0.170133,0.009341
MRK,2024-07-30,0.566908,0.00647,0.135551,0.009658
MRK,2023-02-02,0.64092,0.007427,0.170439,0.006992
MRK,2022-07-28,0.559945,0.00651,0.189878,0.009063
MRK,2020-04-28,0.272474,0.008111,0.054774,0.014782
MRK,2021-02-04,0.503016,0.009089,0.146501,0.008553
MRK,2019-10-29,0.518564,0.010094,0.22556,0.008066
MRK,2023-04-27,0.593376,0.008638,0.163334,0.011131
MRK,2019-07-30,0.527742,0.006936,0.163717,0.008712
MRK,2022-10-27,0.607755,0.0076,0.212259,0.01001
MRK,2021-10-28,0.656931,0.005737,0.232734,0.011274
MRK,2022-04-28,0.543449,0.006663,0.208032,0.010066
JNJ,2020-01-22,0.324302,0.008613,0.354826,0.007118
JNJ,2018-07-17,0.338933,0.009181,0.263275,0.008702
JNJ,2022-01-25,0.411072,0.00979,0.300328,0.009458
JNJ,2021-01-26,0.21836,0.00652,0.316263,0.009493
JNJ,2023-10-17,0.377525,0.008563,0.362534,0.008665
JNJ,2018-04-17,0.289665,0.012788,0.253401,0.005997
JNJ,2020-10-13,0.381391,0.008236,0.271444,0.009464
JNJ,2020-07-16,0.05949,0.008988,0.157448,0.010589
JNJ,2022-10-18,0.429313,0.008634,0.334757,0.010048
JNJ,2023-07-20,0.422079,0.007692,0.361766,0.006031
JNJ,2019-07-16,0.371228,0.005254,0.323892,0.006593
JNJ,2022-04-19,0.295537,0.008177,0.301183,0.007624
JNJ,2021-04-20,0.498963,0.008367,0.36226,0.009314
JNJ,2024-01-23,0.349266,0.007348,0.29144,0.007379
JNJ,2021-10-19,0.264077,0.008662,0.307054,0.008057
JNJ,2018-10-16,0.408648,0.012525,0.278806,0.012667
JNJ,2023-01-24,0.324116,0.008248,0.23824,0.010374
JNJ,2024-04-16,0.475826,0.007995,0.400669,0.006489
JNJ,2017-10-17,0.290382,0.010172,0.2138,0.005857
JNJ,2022-07-19,0.386,0.008558,0.355019,0.006274
JNJ,2019-04-16,0.386988,0.006173,0.207504,0.008513
JNJ,2024-07-17,0.471238,0.008144,0.348632,0.008836
JNJ,2019-10-15,0.435277,0.009945,0.366688,0.006857
JNJ,2020-04-14,0.241863,0.009701,0.179076,0.007998
JNJ,2021-07-21,0.559444,0.007505,0.255619,0.007222
JNJ,2019-01-22,0.506738,0.007041,0.309183,0.006347
ACCD,2021-01-07,0.317385,0.005801,0.216219,0.008925
ACCD,2021-05-05,0.369585,0.006092,0.193744,0.010604
ACCD,2021-10-07,0.253082,0.006256,0.178574,0.008087
ACCD,2020-10-14,0.329796,0.005123,0.244377,0.00645
ACCD,2022-06-30,0.40036,0.005783,0.303251,0.007848
ACCD,2021-07-08,0.202993,0.007839,0.241319,0.006922
ACCD,2022-01-10,0.352483,0.008117,0.164964,0.009733
ACCD,2022-04-28,0.424779,0.006419,0.147188,0.008476
INVH,2021-02-17,0.427676,0.011491,0.170588,0.00963
INVH,2018-11-05,0.338876,0.009154,0.114645,0.008211
INVH,2021-04-29,0.428793,0.011188,0.228671,0.009454
INVH,2020-10-29,0.499188,0.010138,0.162996,0.010432
INVH,2020-08-04,0.361294,0.00934,0.275436,0.009098
INVH,2019-10-30,0.409817,0.008297,0.155145,0.010299
INVH,2020-02-19,0.478374,0.007958,0.160124,0.009276
INVH,2020-05-07,0.351266,0.014002,0.128381,0.01338
INVH,2021-07-29,0.398183,0.010484,0.104261,0.010445
INVH,2019-02-15,0.420872,0.008788,0.194893,0.008739
INVH,2019-05-07,0.360318,0.005747,0.14331,0.009013
INVH,2018-08-10,0.497045,0.00928,0.123175,0.008727
INVH,2021-10-28,0.465971,0.012021,0.148866,0.007421
INVH,2019-07-31,0.425623,0.006299,0.196282,0.011261
QCOM,2024-01-31,0.351,0.004028,0.258687,0.006274
QCOM,2024-07-31,0.527441,0.005575,0.215248,0.005142
QCOM,2024-05-01,0.517774,0.006101,0.260578,0.004771
QCOM,2018-11-07,0.270023,0.010111,0.031158,0.007282
QCOM,2018-01-31,0.319232,0.007208,0.199261,0.00934
AGEN,2022-05-10,0.432909,0.00589,0.122574,0.008181
AGEN,2022-11-08,0.181154,0.00597,0.172945,0.006984
AGEN,2020-03-12,0.260282,0.00753,0.163778,0.016182
AGEN,2022-08-09,0.380922,0.004608,0.161423,0.012484
AGEN,2020-10-29,0.303614,0.006343,0.107754,0.007438
AGEN,2023-05-09,0.311783,0.007501,0.161937,0.010664
AGEN,2019-05-09,0.391498,0.005822,0.076932,0.008475
AGEN,2019-03-14,0.476121,0.006512,0.193645,0.011475
AGEN,2023-03-14,0.435871,0.00503,0.124784,0.010943
AGEN,2020-08-06,0.374979,0.004481,0.122766,0.008246
AGEN,2020-05-08,0.376216,0.005763,0.138082,0.01524
AGEN,2019-08-08,0.246313,0.006222,0.12307,0.012777
AGEN,2019-11-04,0.352641,0.002948,0.163096,0.009333
AGEN,2022-03-01,0.346333,0.004172,0.16768,0.019541
AGEN,2024-08-08,0.349344,0.004244,0.153661,0.012484
AGEN,2021-08-09,0.201651,0.007911,0.167508,0.006452
AGEN,2024-03-14,0.370727,0.006629,0.129062,0.012477
AGEN,2021-11-12,0.281562,0.004593,0.107656,0.0115
AGEN,2021-05-06,0.10472,0.006583,0.175234,0.01295
AGEN,2024-05-07,0.383464,0.006355,0.143941,0.008037
AGEN,2021-03-15,0.36739,0.006238,0.16647,0.014271
AXNX,2020-03-04,0.308422,0.009019,0.145634,0.007878
AXNX,2019-08-05,0.282215,0.010518,0.178344,0.010573
AXNX,2020-05-05,0.207228,0.012025,0.100514,0.009528
AXNX,2021-11-04,0.176134,0.01006,0.156377,0.009434
AXNX,2019-11-14,0.318062,0.010046,0.168601,0.008635
BAC,2019-10-16,0.396333,0.0061,0.167368,0.007529
BAC,2021-07-14,0.212812,0.00484,0.048797,0.008045
BAC,2020-10-14,0.061307,0.008808,0.133344,0.007571
BAC,2019-01-16,0.449713,0.007507,0.188525,0.009446
BAC,2020-01-15,0.425173,0.005185,0.163403,0.008018
BAC,2018-07-16,0.305212,0.006549,0.18649,0.006365
BAC,2023-10-17,0.23689,0.004997,0.155838,0.007478
BAC,2023-07-18,0.191244,0.006318,0.068155,0.005212
BAC,2018-10-15,0.351624,0.004474,0.181437,0.006113
BAC,2017-10-13,0.349316,0.005937,0.071096,0.007165
BAC,2020-07-16,0.14687,0.006163,-0.014398,0.006795
BAC,2021-04-15,0.38845,0.006638,0.145222,0.00752
BAC,2022-01-19,0.42584,0.003666,0.182987,0.007187
BAC,2018-04-16,0.380042,0.003809,0.133999,0.006715
BAC,2021-10-14,0.387146,0.004747,0.150955,0.007534
BAC,2023-01-13,0.281345,0.004978,0.08252,0.007628
BAC,2021-01-19,0.172395,0.004423,0.073057,0.007014
BAC,2022-10-17,0.254859,0.004517,0.127685,0.006904
BAC,2022-04-18,0.2122,0.006794,0.163447,0.007549
BAC,2019-07-17,0.244458,0.006895,0.144205,0.007415
BAC,2024-04-16,0.276085,0.00446,0.159436,0.009149
BAC,2018-01-17,0.343976,0.007522,0.195538,0.006447
BAC,2024-01-12,0.125125,0.004053,0.124691,0.005436
BAC,2020-04-15,0.112742,0.006335,0.023255,0.009369
BAC,2019-04-16,0.236936,0.00449,0.114768,0.006183
BAC,2024-07-16,0.327258,0.004134,0.112451,0.006843
BAC,2022-07-18,0.292794,0.005342,0.131079,0.00487
CF,2019-08-01,0.315977,0.008628,0.077647,0.006557
CF,2019-05-02,0.273987,0.010239,0.070833,0.007883
CF,2020-02-13,0.416101,0.012676,0.139456,0.008104
CF,2021-08-10,0.304198,0.011752,0.266197,0.006465
CF,2019-10-31,0.527777,0.011905,0.11464,0.009258
CF,2020-11-05,0.39562,0.008734,0.116109,0.006747
CF,2020-05-07,0.307077,0.009993,0.023646,0.008144
CF,2020-08-06,0.31897,0.014313,0.049439,0.006653
CF,2018-11-01,0.199785,0.013849,0.048514,0.012101
CF,2019-02-14,0.439214,0.013286,0.033927,0.008118
CF,2021-11-04,0.288358,0.010335,0.142428,0.008815
CF,2021-05-06,0.311521,0.010945,0.082931,0.007359
CF,2021-02-18,0.368472,0.007701,0.096864,0.009491
EXAS,2023-11-01,0.47834,0.005083,0.178025,0.005526
EXAS,2024-05-08,0.463527,0.002872,0.21508,0.00821
EXAS,2022-02-22,0.277997,0.007886,0.214369,0.008944
EXAS,2023-08-01,0.469464,0.003289,0.156948,0.007505
EXAS,2022-04-26,0.305194,0.00672,0.208589,0.009336
EXAS,2021-05-04,0.35661,0.005363,0.130162,0.008968
EXAS,2021-02-16,0.309878,0.006468,0.160359,0.008631
EXAS,2024-02-21,0.400557,0.004112,0.18002,0.007342
EXAS,2020-07-30,0.278993,0.007713,0.232041,0.006666
EXAS,2023-02-21,0.392093,0.004994,0.258769,0.007318
EXAS,2021-07-28,0.362452,0.00649,0.197337,0.010038
EXAS,2020-05-06,0.032433,0.004262,0.172377,0.008084
EXAS,2022-08-02,0.327434,0.006353,0.173217,0.007691
EXAS,2023-05-09,0.408573,0.004667,0.268048,0.00735
EXAS,2022-11-03,0.365409,0.005342,0.207156,0.005911
EXAS,2024-07-31,0.610978,0.002793,0.203001,0.007062
EXAS,2018-08-01,0.586285,0.003804,0.216094,0.006975
EXAS,2021-11-02,0.267263,0.007551,0.106619,0.007627
EXAS,2019-10-29,0.449591,0.0047,0.18961,0.006941
EXAS,2019-07-30,0.511442,0.010657,0.308004,0.007904
EXAS,2020-02-11,0.450944,0.006005,0.271923,0.005344
IT,2020-02-04,0.412188,0.004398,0.253581,0.006655
IT,2020-11-03,0.28168,0.004554,0.275859,0.007266
IT,2021-05-04,0.421296,0.002118,0.330068,0.008447
IT,2020-08-04,0.085768,0.005826,0.045921,0.007528
IT,2019-10-31,0.330989,0.002687,0.221112,0.006868
IT,2020-05-07,0.060814,0.006417,-0.004504,0.009061
IT,2019-05-07,0.348584,0.004527,0.158563,0.00439
IT,2021-08-03,0.48039,0.003359,0.211361,0.006616
IT,2021-02-09,0.26622,0.004307,0.316453,0.007907
IT,2018-08-01,0.430078,0.002219,0.174997,0.005299
IT,2021-11-02,0.428576,0.001725,0.334001,0.00561
IT,2018-11-01,0.354049,0.00302,0.203859,0.006047
IT,2019-07-30,0.40001,0.00369,0.19517,0.007091
IT,2019-02-05,0.488683,0.003998,0.221771,0.005505
BAND,2019-05-02,0.495815,0.010427,0.253154,0.007213
BAND,2020-04-30,0.501407,0.0078,0.192841,0.006885
BAND,2019-11-06,0.313409,0.007752,0.177679,0.006287
BAND,2020-02-20,0.560635,0.00558,0.271145,0.010207
BAND,2019-02-13,0.432011,0.007711,0.293746,0.004838
BAND,2021-11-08,0.426708,0.006305,0.226838,0.005857
BAND,2019-07-31,0.429689,0.008533,0.252488,0.010804
BIDU,2020-08-14,0.453662,0.006789,0.214219,0.008947
BIDU,2022-05-26,0.484785,0.00517,0.404457,0.00622
BIDU,2023-11-21,0.524903,0.006063,0.430071,0.005045
BIDU,2020-02-28,0.434937,0.004436,0.153561,0.006317
BIDU,2022-11-22,0.447308,0.006632,0.431188,0.008202
BIDU,2021-11-17,0.524198,0.005778,0.187215,0.009493
BIDU,2019-11-07,0.465928,0.005319,0.236613,0.006068
BIDU,2018-07-31,0.362475,0.007659,0.1592,0.007047
BIDU,2021-05-18,0.561815,0.005732,0.218727,0.006866
BIDU,2018-02-13,0.438201,0.004345,0.258718,0.005269
BIDU,2024-05-16,0.47412,0.005027,0.532767,0.004101
BIDU,2024-02-28,0.508018,0.004239,0.449294,0.005472
BIDU,2024-08-22,0.458963,0.003187,0.417934,0.005588
BIDU,2023-02-22,0.404751,0.005008,0.345124,0.006952
BIDU,2022-03-01,0.509272,0.00711,0.431418,0.009461
BIDU,2022-08-30,0.472266,0.006611,0.356719,0.006835
BIDU,2019-05-17,0.493089,0.005912,0.144553,0.008407
BIDU,2019-08-19,0.336909,0.005318,0.126783,0.006621
BIDU,2020-11-17,0.49715,0.005824,0.250111,0.005459
BIDU,2021-08-12,0.480605,0.00404,0.20376,0.005345
BIDU,2023-08-22,0.498429,0.003658,0.421931,0.006961
BIDU,2018-02-21,0.495543,0.005073,0.187774,0.006353
BIDU,2021-02-18,0.587498,0.005029,0.142368,0.004866
BIDU,2020-05-19,0.237506,0.005366,0.225977,0.007202
BIDU,2023-05-16,0.478082,0.005293,0.504271,0.005116
BIDU,2018-10-30,0.423346,0.006823,0.100486,0.008494
CYBR,2020-02-12,0.469569,0.007846,0.226268,0.005969
CYBR,2021-05-05,0.378311,0.005769,0.208247,0.009529
CYBR,2019-05-14,0.527774,0.007451,0.204575,0.006373
CYBR,2021-02-11,0.481701,0.007209,0.239522,0.011088
CYBR,2020-08-04,0.339564,0.008535,0.19342,0.007302
CYBR,2019-08-07,0.495291,0.005547,0.181778,0.007482
CYBR,2019-11-06,0.50772,0.007617,0.126905,0.005467
CYBR,2020-11-10,0.540311,0.005739,0.198713,0.007726
CYBR,2020-05-13,0.373289,0.009134,0.151214,0.006263
CYBR,2019-02-14,0.552882,0.00578,0.186232,0.006636
CYBR,2021-11-04,0.553885,0.006999,0.195987,0.004926
CYBR,2018-11-07,0.591848,0.00611,0.330233,0.006944
CYBR,2021-08-12,0.519424,0.005538,0.315782,0.008577
AVAH,2022-03-29,0.199926,0.010466,0.107743,0.00785
AVAH,2021-11-16,0.417077,0.008706,0.143938,0.006616
AVAH,2022-05-12,0.199699,0.009673,0.135684,0.007041
AVAH,2022-08-11,0.428098,0.009427,0.186621,0.008553
AVAH,2021-08-12,0.591561,0.007061,0.241787,0.007782
BBWI,2019-11-21,0.189885,0.008147,0.148413,0.006357
BBWI,2019-05-23,0.222128,0.010941,0.216693,0.006305
BBWI,2020-05-21,0.212169,0.008114,0.18603,0.007825
BBWI,2020-11-19,0.124783,0.012658,0.24729,0.007357
BBWI,2018-08-23,0.266349,0.004174,0.134366,0.007857
BBWI,2021-02-25,0.517576,0.008763,0.232004,0.007408
BBWI,2018-11-20,0.042694,0.003356,0.160804,0.006077
BBWI,2021-05-20,0.392823,0.007505,0.231904,0.006338
BBWI,2020-08-20,0.189443,0.010081,0.239042,0.005178
BBWI,2019-08-22,0.232461,0.012295,0.172183,0.007359
BBWI,2019-02-28,0.089017,0.006757,0.2002,0.007311
BBWI,2020-02-27,0.125978,0.009401,0.094533,0.011196
BOKF,2020-01-22,0.038368,0.006013,0.114024,0.008335
BOKF,2019-07-24,0.415981,0.003807,0.099859,0.009129
BOKF,2021-10-20,0.211433,0.005924,0.186883,0.010812
BOKF,2019-04-24,0.195058,0.006887,0.087236,0.008792
BOKF,2021-01-20,0.156632,0.005932,0.162098,0.007929
BOKF,2019-01-30,0.240038,0.004272,0.089965,0.009137
BOKF,2020-07-22,0.453514,0.010968,0.168005,0.01116
BOKF,2021-04-21,0.138648,0.008646,0.212187,0.008507
BOKF,2020-10-21,0.374519,0.009955,0.175788,0.011014
BOKF,2021-07-21,0.212066,0.007183,0.141766,0.008646
BOKF,2020-04-22,0.183974,0.007867,0.0828,0.009253
BOKF,2019-10-23,0.142767,0.006452,0.084078,0.007752
BNTX,2024-03-20,0.349676,0.008751,0.214585,0.01119
BNTX,2021-03-30,0.415959,0.007635,0.1031,0.012226
BNTX,2020-05-12,0.324177,0.007075,0.066383,0.008415
BNTX,2020-11-10,0.2617,0.005126,0.107573,0.012421
BNTX,2020-08-11,0.281173,0.009192,0.111315,0.012837
BNTX,2020-03-31,0.240511,0.005479,0.149112,0.009048
BNTX,2024-05-06,0.362246,0.008439,0.144121,0.008267
BNTX,2024-08-05,0.387649,0.009646,0.262511,0.00925
CDLX,2020-11-02,0.206147,0.007955,0.139116,0.009506
CDLX,2021-03-01,0.24619,0.007722,0.133251,0.011282
CDLX,2021-05-04,0.496848,0.005528,0.132076,0.009241
CDLX,2022-08-02,0.238038,0.009274,0.042818,0.005796
CDLX,2020-03-03,0.384141,0.006835,0.143453,0.006809
CDLX,2020-08-04,0.112009,0.009593,0.14882,0.011211
CDLX,2019-05-09,0.306914,0.006648,0.164226,0.005716
CDLX,2018-08-14,0.470777,0.009224,0.189554,0.006642
CDLX,2020-05-11,0.246843,0.006324,0.105714,0.008223
CDLX,2022-05-02,0.470744,0.007647,0.129301,0.012384
CDLX,2021-08-03,0.335193,0.009701,0.117179,0.009546
CDLX,2021-11-02,0.331237,0.009081,0.0488,0.011095
CDLX,2019-08-08,0.455175,0.008869,0.213021,0.009116
CDLX,2019-11-12,0.443427,0.008679,0.305225,0.008359
CDLX,2022-03-01,0.357998,0.011727,0.184666,0.008842
CDLX,2019-03-05,0.42167,0.005438,0.158686,0.005674
DHI,2021-07-22,0.305199,0.005194,0.125708,0.008924
DHI,2021-04-24,0.399809,0.004628,0.309966,0.009222
DHI,2018-11-08,0.371888,0.005309,0.095998,0.010036
DHI,2022-02-02,0.373258,0.005521,0.199471,0.011267
DHI,2022-07-21,0.126592,0.006827,0.087405,0.010465
DHI,2022-11-09,-0.000946,0.00724,0.219609,0.009672
DHI,2022-04-26,0.308266,0.005341,0.199297,0.010346
DHI,2021-01-26,0.356644,0.004435,0.291356,0.008234
DHI,2024-07-18,0.281629,0.005839,0.197451,0.008172
DHI,2023-11-07,0.25272,0.006063,0.23092,0.009552
DHI,2019-04-25,0.276332,0.005481,0.229164,0.009332
DHI,2024-04-18,0.212851,0.007136,0.25459,0.010047
DHI,2023-07-20,0.187482,0.004382,0.214899,0.009538
DHI,2020-11-10,0.42387,0.006433,0.305776,0.009949
DHI,2019-01-25,0.328241,0.003609,0.173971,0.00987
DHI,2024-01-23,0.203219,0.008068,0.191394,0.008866
DHI,2020-01-27,0.219089,0.005561,0.168537,0.007401
DHI,2020-04-28,0.091093,0.008244,0.114451,0.012895
DHI,2023-01-24,0.024218,0.006635,0.1902,0.010699
DHI,2019-11-12,0.31637,0.008061,0.249747,0.007991
DHI,2019-07-30,0.33573,0.005293,0.225708,0.00944
DHI,2021-11-09,0.368456,0.004583,0.245094,0.012121
DHI,2020-07-28,0.237646,0.009043,0.204589,0.011543
LW,2022-04-07,0.103876,0.007963,0.153837,0.007392
LW,2021-01-07,-0.104179,0.008666,0.149209,0.009851
LW,2019-04-02,0.510085,0.005689,0.165982,0.011589
LW,2018-01-04,0.506811,0.005553,0.215516,0.007009
LW,2020-04-01,-0.112722,0.004557,0.121614,0.007649
LW,2021-10-07,0.216877,0.008342,0.069456,0.010193
LW,2020-01-03,0.571017,0.004948,0.289003,0.010681
LW,2022-07-27,0.261111,0.005507,0.151008,0.006958
LW,2019-07-23,0.56905,0.005877,0.172605,0.010533
LW,2018-10-02,0.537986,0.006395,0.184022,0.012123
LW,2020-10-07,0.200662,0.007546,0.183093,0.010314
LW,2021-07-27,0.361869,0.00783,0.141771,0.012868
LW,2019-01-04,0.369446,0.005526,0.190524,0.005645
LW,2022-01-06,0.279619,0.008838,0.200965,0.009285
LW,2018-04-05,0.487212,0.004857,0.21174,0.009154
LW,2019-10-02,0.449951,0.008396,0.110989,0.009855
LW,2020-07-28,-0.061585,0.008671,0.027252,0.011728
LW,2021-04-07,0.009282,0.010337,0.145415,0.01118
LHX,2020-05-05,0.39194,0.009985,0.169216,0.011507
LHX,2018-01-30,0.43759,0.005017,0.295033,0.011566
LHX,2021-04-30,0.607155,0.008197,0.170118,0.008979
LHX,2021-01-29,0.532604,0.005085,0.265512,0.00609
LHX,2021-10-29,0.380173,0.006412,0.239198,0.009722
BNR,2021-05-25,0.096806,0.008356,0.079765,0.010699
BNR,2021-08-31,0.209784,0.00697,0.210086,0.004425
BNR,2022-03-22,0.250135,0.005788,0.238243,0.007476
BNR,2022-05-31,0.272814,0.006963,0.15419,0.007712
BNR,2021-03-11,0.144974,0.005503,0.167523,0.005348
BNR,2021-11-16,0.245602,0.006961,0.28378,0.01159
BNR,2022-08-31,0.185996,0.006247,0.317675,0.01032
FE,2019-07-24,0.241209,0.007296,0.169126,0.006382
FE,2020-11-02,0.25629,0.008371,0.131524,0.009658
FE,2021-07-23,0.395777,0.003807,0.223074,0.01196
FE,2019-04-24,0.432053,0.00662,0.153006,0.007977
FE,2019-02-20,0.417814,0.004657,0.169296,0.005695
FE,2021-04-23,0.333241,0.006632,0.161969,0.009257
FE,2020-04-24,0.131954,0.008594,0.108532,0.007483
FE,2019-11-04,0.200913,0.004335,0.126231,0.008371
FE,2020-02-07,0.28848,0.007839,0.144705,0.008457
FE,2021-10-29,0.632796,0.006016,0.237911,0.006536
FE,2021-02-18,0.38667,0.004942,0.157963,0.008622
FE,2020-07-24,0.29858,0.008217,0.048027,0.009873
FE,2018-10-26,0.317791,0.009282,0.105552,0.007734
CASI,2020-08-10,0.142971,0.009376,0.101346,0.012687
BBY,2018-08-28,0.329286,0.010103,0.237548,0.00517
BBY,2019-05-23,0.339691,0.007869,0.229439,0.007417
BBY,2019-02-27,0.358231,0.009675,0.233474,0.008935
BBY,2023-11-21,0.15642,0.009885,0.206679,0.006611
BBY,2020-05-21,0.092955,0.010253,0.179767,0.010073
BBY,2022-11-22,0.122718,0.008726,0.150616,0.006479
BBY,2023-05-25,0.143296,0.012316,0.134619,0.006568
BBY,2020-11-24,0.372287,0.008711,0.154796,0.007989
BBY,2019-11-26,0.323865,0.006631,0.2237,0.006469
BBY,2020-08-25,0.245776,0.011179,0.236366,0.008294
BBY,2023-08-29,0.307033,0.010661,0.183262,0.007203
BBY,2021-11-23,0.448732,0.006815,0.214506,0.006809
BBY,2021-02-25,0.332136,0.008951,0.204079,0.010165
BBY,2019-08-29,0.429214,0.008312,0.187252,0.01149
BBY,2018-11-20,0.372437,0.007163,0.205068,0.005544
BBY,2023-03-02,0.152609,0.01134,0.174057,0.010849
BBY,2024-02-29,0.244078,0.00925,0.252576,0.007155
BBY,2021-05-27,0.506327,0.01016,0.257139,0.00849
BBY,2024-05-30,0.181383,0.009196,0.2053,0.009691
BBY,2022-08-30,0.012916,0.009763,0.128378,0.007549
BBY,2017-11-16,0.339095,0.008705,0.163899,0.00716
BBY,2021-08-24,0.380303,0.009113,0.203114,0.008726
BBY,2024-08-29,0.231542,0.00922,0.123417,0.009573
BBY,2020-02-27,0.412052,0.00803,0.060096,0.009893
AVDL,2020-03-12,0.265849,0.010108,0.18004,0.011074
AVDL,2020-11-09,0.331448,0.012847,0.189253,0.011323
AVDL,2020-05-11,0.211852,0.011895,0.147277,0.010433
AVDL,2020-08-10,0.393319,0.00805,0.162034,0.009457
AVDL,2021-03-09,0.332044,0.007959,0.226097,0.009727
AVDL,2021-08-09,0.417657,0.007134,0.243281,0.009341
AVDL,2021-05-10,0.354355,0.006749,0.175322,0.006076
AVDL,2021-11-08,0.340303,0.009027,0.190748,0.010651
IRM,2018-10-25,0.458112,0.003817,0.131331,0.005491
IRM,2019-08-01,0.388913,0.006075,0.157414,0.006135
IRM,2022-08-04,0.621848,0.004293,0.342381,0.008018
IRM,2020-02-13,0.4957,0.00969,0.068522,0.007108
IRM,2022-02-24,0.718915,0.005854,0.334571,0.007868
IRM,2024-05-02,0.608373,0.005306,0.366217,0.005529
IRM,2023-05-04,0.524382,0.004317,0.314446,0.00673
IRM,2022-11-03,0.527936,0.007358,0.324926,0.008584
IRM,2024-08-01,0.654234,0.004589,0.365008,0.007376
IRM,2019-10-31,0.425029,0.005949,0.166131,0.006236
IRM,2019-04-25,0.304238,0.006809,0.157402,0.0051
IRM,2020-11-05,0.362082,0.006658,0.126994,0.007563
IRM,2020-05-07,0.219801,0.010683,0.16161,0.007901
IRM,2023-02-23,0.586986,0.004954,0.305319,0.010101
IRM,2020-08-06,0.096245,0.01048,0.020194,0.005672
IRM,2021-02-24,0.431859,0.004043,0.217989,0.006796
IRM,2019-02-14,0.562536,0.00511,0.18219,0.004373
IRM,2021-08-05,0.615349,0.00551,0.257747,0.006333
IRM,2024-02-22,0.677985,0.005585,0.330249,0.00809
IRM,2023-08-03,0.513466,0.004334,0.199221,0.007288
IRM,2021-11-04,0.704404,0.002517,0.346777,0.00625
IRM,2021-05-06,0.474901,0.004618,0.28203,0.004983
IRM,2022-04-28,0.57154,0.006466,0.260926,0.003721
IRM,2023-11-02,0.690519,0.005749,0.405635,0.00661
BJRI,2022-07-21,0.4781,0.006521,0.249709,0.007309
BJRI,2019-07-25,0.390324,0.009067,0.141823,0.010565
BJRI,2020-10-22,0.437436,0.010446,0.121726,0.010593
BJRI,2021-02-11,0.273909,0.011848,0.137871,0.0081
BJRI,2023-10-26,0.457978,0.006926,0.143445,0.00693
BJRI,2022-04-21,0.524694,0.00493,0.168734,0.008026
BJRI,2024-05-02,0.278699,0.007094,0.222884,0.007089
BJRI,2019-02-21,0.470982,0.008664,0.144311,0.009635
BJRI,2021-04-22,0.353132,0.009196,0.126171,0.008935
BJRI,2024-07-25,0.515126,0.007883,0.167135,0.00816
BJRI,2023-02-16,0.441625,0.006703,0.268847,0.010729
BJRI,2019-04-25,0.476878,0.009151,0.09842,0.005703
BJRI,2021-10-21,0.116126,0.006771,0.100655,0.009442
BJRI,2020-05-07,0.168151,0.010559,0.104755,0.009472
BJRI,2021-07-29,0.478353,0.007131,0.180277,0.007597
BJRI,2020-02-20,0.374978,0.009647,0.206331,0.007453
BJRI,2019-10-24,0.242457,0.00932,0.185145,0.009024
BJRI,2020-07-23,0.294364,0.01009,0.077456,0.010724
BJRI,2022-10-20,0.529543,0.007189,0.151105,0.009928
BJRI,2023-04-27,0.548418,0.006367,0.136265,0.009134
BJRI,2023-07-27,0.433231,0.004811,0.185368,0.006979
BJRI,2024-02-15,0.41679,0.008323,0.144241,0.005916
BJRI,2022-02-17,0.516202,0.004451,0.131564,0.009039
BJRI,2018-10-30,0.367845,0.010107,0.129216,0.006683
TSLA,2021-01-27,0.272868,0.008465,0.120831,0.006908
TSLA,2019-07-24,0.394779,0.010542,0.096347,0.006982
TSLA,2018-10-24,0.150281,0.006576,0.127773,0.010703
TSLA,2019-04-24,0.244516,0.008573,0.110512,0.009409
TSLA,2019-01-30,0.174956,0.012847,0.105215,0.010367
TSLA,2020-01-29,0.29307,0.006583,0.09414,0.009185
TSLA,2020-04-29,0.303541,0.004352,0.128318,0.008051
TSLA,2021-07-26,0.142185,0.007986,0.017959,0.010779
TSLA,2020-07-22,0.1139,0.007955,0.138574,0.008539
TSLA,2018-08-01,0.240931,0.007201,0.095071,0.009871
TSLA,2021-04-26,0.060452,0.011472,0.220306,0.008417
TSLA,2020-10-21,0.31696,0.008617,0.075824,0.011071
TSLA,2019-10-23,0.259875,0.005391,0.191785,0.009321
EM,2021-11-30,0.280308,0.005433,0.264985,0.007233
EM,2022-09-08,0.073222,0.00476,0.053506,0.007785
EM,2022-03-11,0.299781,0.005072,0.132699,0.004874
EM,2022-06-15,0.038148,0.003479,-0.092249,0.009151
FCAP,2020-05-06,0.238252,0.012069,0.079731,0.009312
FCAP,2020-11-04,0.324304,0.004813,0.104434,0.006781
FCAP,2020-08-07,0.348464,0.00805,0.213641,0.013095
AXDX,2019-11-07,0.225289,0.005956,0.230959,0.004453
AXDX,2019-05-09,0.422952,0.005224,0.220804,0.00382
AXDX,2020-05-07,0.097666,0.00562,0.204059,0.004666
AXDX,2019-02-19,0.357268,0.010215,0.238358,0.01062
AXDX,2019-08-08,0.103014,0.006642,0.223618,0.005638
AXDX,2020-02-27,0.359658,0.005501,0.220472,0.004393
DGX,2021-07-22,0.385173,0.014734,0.223004,0.010696
DGX,2020-10-22,0.428407,0.010363,0.124852,0.010398
DGX,2021-04-22,0.217013,0.011447,0.123627,0.010304
DGX,2018-10-23,0.260705,0.009456,0.151281,0.007615
DGX,2021-10-21,0.144863,0.015044,0.1758,0.010735
DGX,2020-07-23,0.044027,0.013646,0.07274,0.014034
DGX,2021-02-04,0.187487,0.011793,0.135259,0.009696
DGX,2019-02-14,0.184013,0.009406,0.095513,0.009661
DGX,2020-04-22,0.0313,0.012612,0.098749,0.013042
CRM,2022-08-24,0.370335,0.009786,0.190659,0.005058
CRM,2019-06-04,0.44243,0.007331,0.129182,0.007446
CRM,2024-05-29,0.431102,0.005699,0.162215,0.006718
CRM,2022-05-31,0.525486,0.009076,0.228979,0.003745
CRM,2020-02-25,0.296757,0.009323,0.194741,0.006555
CRM,2021-11-30,0.412316,0.006057,0.27182,0.006077
CRM,2018-08-29,0.450985,0.007135,0.178461,0.005741
CRM,2018-02-28,0.493498,0.007625,0.229146,0.005367
CRM,2023-08-30,0.408375,0.003522,0.226786,0.002832
CRM,2023-03-01,0.38688,0.005585,0.266203,0.005518
CRM,2020-08-25,0.468877,0.011394,0.230898,0.005075
CRM,2020-05-28,0.295527,0.010003,0.248821,0.005774
CRM,2019-12-03,0.375686,0.01256,0.153629,0.006393
CRM,2023-05-31,0.48079,0.006687,0.127436,0.003443
CRM,2024-02-28,0.358835,0.004866,0.197071,0.0046
CRM,2021-02-25,0.348982,0.008595,0.202029,0.006291
CRM,2023-11-29,0.436415,0.005988,0.204942,0.005974
CRM,2020-12-01,0.325403,0.008271,0.220958,0.005079
CRM,2017-05-29,0.342736,0.00815,0.168637,0.006366
CRM,2021-05-27,0.409924,0.006999,0.221912,0.003734
CRM,2022-03-01,0.410117,0.007439,0.173488,0.003325
CRM,2024-08-28,0.359332,0.004924,0.207026,0.005013
CRM,2021-08-25,0.423194,0.007954,0.363778,0.007347
CRM,2019-03-04,0.449851,0.007212,0.191075,0.002894
CRM,2022-11-30,0.33683,0.007855,0.20397,0.006897
CRM,2019-08-22,0.327598,0.012513,0.19142,0.003949
CRM,2018-11-27,0.343819,0.005454,0.133175,0.005108
ASTE,2021-05-05,0.20125,0.00438,0.235413,0.005914
ASTE,2020-03-04,-0.041909,0.003219,0.173251,0.008071
ASTE,2021-03-01,0.448292,0.003896,0.244715,0.009736
ASTE,2019-04-23,-0.248861,0.006941,-0.001462,0.011987
ASTE,2021-08-06,0.535747,0.003435,0.169598,0.005116
ASTE,2020-05-06,0.186651,0.005411,0.107416,0.017051
ASTE,2018-10-23,-0.028817,0.005475,0.139765,0.010956
ASTE,2019-07-23,-0.268738,0.005829,0.17721,0.011151
ASTE,2019-03-01,0.044532,0.003954,0.064884,0.016529
ASTE,2021-11-03,0.58375,0.004031,0.315365,0.00776
ASTE,2019-10-29,-0.08959,0.002222,0.044225,0.005733
EQR,2021-04-28,0.361405,0.00603,0.124373,0.009773
EQR,2018-10-24,0.522847,0.009346,0.143007,0.010408
EQR,2021-10-27,0.423355,0.00651,0.143821,0.009487
EQR,2021-07-28,0.363331,0.008746,0.152186,0.009619
EQR,2021-02-11,0.335605,0.008381,0.104736,0.00846
EQR,2020-05-06,0.158357,0.007021,-0.041598,0.009383
EQR,2019-01-30,0.370452,0.007973,0.065,0.010636
EQR,2020-01-29,0.299808,0.010964,0.155348,0.011169
EQR,2020-10-28,0.096843,0.006399,0.00695,0.010139
EQR,2019-05-01,0.383044,0.006806,0.118028,0.010766
EQR,2020-07-29,0.00347,0.011101,0.033256,0.008549
EQR,2019-07-31,0.252239,0.009496,0.08383,0.010443
EQR,2019-10-23,0.186605,0.009463,0.025942,0.00924
ACIC,2021-11-11,-0.07977,0.020419,0.118212,0.017668
ACIC,2021-05-05,0.030791,0.018934,-0.001777,0.009781
ACIC,2019-10-31,0.047929,0.011082,0.040047,0.005426
ACIC,2020-05-07,0.22126,0.012202,0.122315,0.008821
ACIC,2019-05-07,0.315669,0.010692,0.083549,0.009777
ACIC,2020-02-20,0.311756,0.013356,0.083805,0.01061
ACIC,2019-02-19,0.057946,0.010854,0.064108,0.006831
ACIC,2021-02-24,0.353562,0.016216,0.059439,0.013292
ACIC,2018-11-01,0.242485,0.010954,0.000334,0.006947
ACIC,2021-08-04,0.065397,0.016965,0.106401,0.011831
ACIC,2019-07-31,0.206496,0.011387,0.146068,0.006495
COST,2022-03-03,0.298009,0.004513,0.182747,0.0101
COST,2022-05-26,0.226875,0.005938,0.18046,0.010676
COST,2020-03-05,0.076347,0.006302,0.040492,0.008381
COST,2019-03-07,0.126031,0.006048,0.101946,0.007164
COST,2023-05-25,0.168699,0.007191,0.158573,0.005288
COST,2024-03-07,0.394867,0.006452,0.1309,0.00847
COST,2022-12-08,0.025574,0.005221,0.123693,0.007566
COST,2023-09-26,0.136528,0.006079,0.141357,0.00727
COST,2022-09-22,0.216257,0.005688,0.12143,0.006598
COST,2017-05-31,0.269953,0.006608,0.104315,0.007741
COST,2018-12-13,0.100311,0.006092,0.016739,0.007668
COST,2020-09-24,0.171911,0.004888,0.107454,0.009063
COST,2020-05-28,-0.058145,0.008587,0.094949,0.006387
COST,2021-03-04,0.188752,0.006159,0.131291,0.008481
COST,2018-03-07,0.311873,0.006828,0.074506,0.00699
COST,2021-12-09,0.235372,0.005178,0.185606,0.011905
COST,2023-03-02,0.004444,0.007152,0.172395,0.005078
COST,2019-05-30,0.209519,0.006734,0.178807,0.006525
COST,2023-12-14,0.461418,0.006634,0.142261,0.00761
COST,2021-09-23,0.254762,0.005535,0.128083,0.007745
COST,2021-05-27,0.130255,0.006154,0.181815,0.009676
COST,2024-05-30,0.317289,0.007025,0.279867,0.007046
COST,2020-12-10,0.22396,0.005915,0.107406,0.011962
COST,2019-10-03,0.354168,0.006152,0.136806,0.007098
COST,2019-12-12,0.202731,0.009836,0.130947,0.008181
FDS,2019-06-25,0.606135,0.007013,0.154912,0.008532
FDS,2021-12-21,0.498272,0.004593,0.300579,0.007781
FDS,2019-03-26,0.529725,0.006632,0.165397,0.007116
FDS,2018-09-25,0.494229,0.007501,0.18242,0.010712
FDS,2019-09-26,0.663953,0.007488,0.15999,0.012601
FDS,2021-06-29,0.516135,0.005785,0.240293,0.006562
FDS,2021-03-30,0.641495,0.004553,0.248404,0.006544
FDS,2018-06-26,0.417421,0.007201,0.207847,0.005881
FDS,2020-09-24,0.479015,0.012127,0.191905,0.011329
FDS,2018-03-27,0.341166,0.00755,0.096191,0.00814
FDS,2019-12-19,0.581776,0.006356,0.150082,0.008515
FDS,2020-12-21,0.653597,0.005307,0.153701,0.011561
FDS,2021-09-28,0.710242,0.004247,0.300228,0.007658
FDS,2020-03-26,0.380074,0.011155,0.140182,0.010968
FDS,2020-06-25,0.464946,0.009676,0.308858,0.008965
AEIS,2021-05-05,0.344397,0.006652,0.285865,0.012452
AEIS,2020-05-06,0.182595,0.008187,0.137139,0.00914
AEIS,2020-02-18,0.242627,0.007179,0.174382,0.009132
AEIS,2019-08-06,0.156823,0.008611,0.103364,0.010693
AEIS,2020-08-05,0.461971,0.009743,0.22286,0.007441
AEIS,2022-08-03,0.512441,0.010688,0.251626,0.012774
AEIS,2022-02-09,0.329575,0.008846,0.207163,0.008516
AEIS,2021-02-10,0.326391,0.006547,0.275819,0.005189
AEIS,2019-05-07,0.094826,0.008816,0.220459,0.011765
AEIS,2019-11-12,0.308815,0.00782,0.142988,0.005613
AEIS,2022-05-04,0.425602,0.010187,0.240995,0.008468
AEIS,2019-02-05,0.12994,0.009206,0.088866,0.009894
AEIS,2021-11-08,0.36309,0.010331,0.251934,0.01705
AEIS,2021-08-04,0.424434,0.006789,0.183081,0.010677
ADVM,2020-03-12,0.452264,0.008581,0.151401,0.014221
ADVM,2021-03-01,0.24576,0.006592,0.144598,0.012614
ADVM,2020-05-28,0.346425,0.009519,0.123431,0.016184
ADVM,2020-08-10,0.32327,0.003318,0.117661,0.006484
ADVM,2019-11-08,0.399112,0.009387,0.140001,0.008308
ADVM,2019-08-08,0.264404,0.007533,0.139876,0.013494
ADPT,2021-05-05,0.537589,0.008066,0.176361,0.0091
ADPT,2022-02-15,0.413727,0.004508,0.241821,0.006607
ADPT,2022-08-03,0.52012,0.005242,0.212222,0.007749
ADPT,2020-05-12,0.34703,0.011201,0.108713,0.010299
ADPT,2021-11-03,0.587582,0.005706,0.252421,0.009259
ADPT,2020-11-10,0.427218,0.0055,0.14912,0.006697
ADPT,2020-08-10,0.331589,0.008106,0.197539,0.007985
ADPT,2021-02-24,0.416981,0.006894,0.136353,0.010042
ADPT,2020-02-26,0.438672,0.008639,0.196506,0.008505
ADPT,2022-05-04,0.44024,0.005441,0.219051,0.008282
ADPT,2021-08-04,0.447387,0.008855,0.152024,0.008587
BAX,2019-07-25,0.333165,0.011115,0.25823,0.009014
BAX,2019-01-31,0.331579,0.011337,0.204519,0.008343
BAX,2019-04-25,0.112256,0.010738,0.287281,0.007285
BAX,2020-04-30,0.363164,0.008732,0.151084,0.010249
BAX,2021-07-29,0.298196,0.010245,0.199823,0.008885
BAX,2021-02-04,0.060796,0.006588,0.141865,0.011276
BAX,2018-10-31,0.312069,0.013737,0.189232,0.007691
DHR,2021-07-22,0.644091,0.01457,0.302885,0.011765
DHR,2019-04-18,0.413963,0.006973,0.298613,0.008223
DHR,2020-10-22,0.446463,0.010114,0.298701,0.008088
DHR,2019-07-18,0.459189,0.007552,0.314007,0.008844
DHR,2021-04-22,0.582335,0.01043,0.32168,0.007957
DHR,2018-10-18,0.573487,0.008416,0.239614,0.009744
DHR,2021-10-21,0.549349,0.011333,0.288803,0.008455
DHR,2020-05-07,0.11529,0.007644,0.166816,0.010463
DHR,2019-01-29,0.558042,0.006563,0.358647,0.013858
DHR,2019-10-24,0.525583,0.011623,0.237645,0.011096
DHR,2020-01-30,0.610739,0.010024,0.264265,0.012118
DHR,2018-04-19,0.570328,0.009241,0.346278,0.010087
DHR,2020-07-23,0.288791,0.009464,0.266409,0.007742
DHR,2021-01-28,0.525057,0.009927,0.269279,0.010795
CNOB,2019-07-25,0.345195,0.010353,0.166262,0.012674
CNOB,2020-01-23,0.442057,0.007074,0.085174,0.015633
CNOB,2019-04-25,0.490845,0.011033,0.17576,0.018083
CNOB,2020-04-30,0.31225,0.009597,0.120843,0.008274
CNOB,2019-10-24,0.524813,0.01149,0.093206,0.010219
CNOB,2019-01-24,0.486067,0.009648,0.230857,0.0102
GOOGL,2024-01-30,0.516536,0.002222,0.238405,0.004276
GOOGL,2021-10-26,0.468844,0.003762,0.242146,0.004848
GOOGL,2018-10-25,0.366996,0.003554,0.240692,0.006647
GOOGL,2024-07-23,0.514209,0.002843,0.301169,0.004712
GOOGL,2024-04-25,0.475465,0.003204,0.213156,0.006201
GOOGL,2022-10-25,0.247301,0.00361,0.230297,0.006009
GOOGL,2022-04-26,0.405269,0.004327,0.270204,0.005946
GOOGL,2023-07-25,0.53162,0.003048,0.277849,0.00506
GOOGL,2019-07-25,0.35853,0.004047,0.234691,0.005127
GOOGL,2020-07-30,0.209126,0.005427,0.249224,0.005832
GOOGL,2020-10-29,0.48221,0.005109,0.279205,0.009021
GOOGL,2022-07-26,0.36255,0.003905,0.175835,0.009667
GOOGL,2019-04-29,0.372421,0.00345,0.209362,0.007356
GOOGL,2020-02-03,0.508844,0.004145,0.237236,0.006525
GOOGL,2019-10-28,0.387218,0.005039,0.229543,0.008778
GOOGL,2021-07-27,0.439018,0.004494,0.299511,0.005186
GOOGL,2023-02-02,0.294379,0.003211,0.289458,0.002664
GOOGL,2020-04-28,0.147447,0.006804,0.196578,0.007977
GOOGL,2021-02-02,0.420182,0.004724,0.299172,0.005199
GOOGL,2019-02-04,0.411987,0.003578,0.234288,0.006112
GOOGL,2018-02-01,0.462287,0.002792,0.203497,0.006649
GOOGL,2021-04-27,0.457513,0.003827,0.251694,0.005571
GOOGL,2022-02-01,0.492938,0.00391,0.251455,0.005325
WEC,2020-11-03,0.359793,0.006742,0.2095,0.008194
WEC,2022-02-03,0.395593,0.008134,0.133767,0.00994
WEC,2021-05-03,0.495536,0.007136,0.198379,0.009987
WEC,2022-08-02,0.425642,0.007692,0.131044,0.008338
WEC,2019-04-25,0.227562,0.007851,0.145722,0.008812
WEC,2019-11-06,0.167883,0.007262,0.121316,0.009152
WEC,2020-05-04,0.253398,0.008834,0.146933,0.007938
WEC,2020-01-30,0.322383,0.009984,0.161848,0.007271
WEC,2019-08-05,0.07591,0.006834,0.188475,0.005525
WEC,2021-08-03,0.635707,0.005292,0.141026,0.008264
WEC,2021-11-02,0.418498,0.00755,0.161875,0.006148
WEC,2021-02-04,0.253323,0.006155,0.1813,0.009055
WEC,2018-10-31,0.284657,0.007585,0.114872,0.008139
WEC,2019-02-12,0.345513,0.006703,0.121943,0.007224
ALB,2018-11-08,0.315263,0.00604,0.125179,0.008992
ALB,2022-08-04,0.604519,0.007564,0.144366,0.010538
ALB,2018-08-08,0.308564,0.008373,0.126312,0.009434
ALB,2024-05-02,0.455201,0.003697,0.124563,0.008183
ALB,2019-11-07,0.312903,0.007133,0.114447,0.006567
ALB,2019-02-21,0.516301,0.007271,0.071167,0.009821
ALB,2019-05-09,0.286718,0.003308,0.129644,0.012684
ALB,2023-05-04,0.390949,0.006664,0.057028,0.011502
ALB,2022-11-03,0.436426,0.004502,0.101522,0.008765
ALB,2024-08-01,0.434658,0.004196,0.104664,0.0067
ALB,2023-02-16,0.36449,0.007273,0.18163,0.007199
ALB,2020-11-05,0.164458,0.004367,0.099162,0.008902
ALB,2020-02-20,0.284366,0.007515,0.011337,0.01161
ALB,2020-08-06,-0.055069,0.005284,-0.022426,0.012506
ALB,2020-05-08,-0.106159,0.006785,-0.002507,0.008591
ALB,2019-08-08,0.115506,0.005279,0.09243,0.008848
ALB,2021-08-05,0.401799,0.003635,0.148743,0.010796
ALB,2023-08-03,0.489563,0.006935,0.155078,0.006692
ALB,2021-11-04,0.352809,0.001935,0.127149,0.009114
ALB,2021-05-06,0.337117,0.002023,0.163192,0.008043
ALB,2024-02-15,0.335467,0.004276,0.052865,0.009362
ALB,2021-02-18,0.359611,0.004811,0.156501,0.008584
ALB,2022-05-05,0.536263,0.007419,0.147469,0.011015
ALB,2023-11-02,0.258118,0.004673,0.003198,0.008528
ALB,2022-02-17,0.529166,0.005802,0.167074,0.008619
MOS,2022-11-08,0.052137,0.008114,0.045117,0.01268
MOS,2020-11-03,0.200797,0.007827,0.048997,0.009285
MOS,2021-05-04,0.1091,0.008488,0.107243,0.014191
MOS,2022-02-23,0.263036,0.010167,0.075918,0.011696
MOS,2024-08-07,0.406536,0.006893,0.156157,0.011642
MOS,2019-02-26,0.494488,0.00975,0.05023,0.007346
MOS,2022-08-02,0.008422,0.010625,-0.072932,0.009376
MOS,2024-05-02,0.469701,0.010078,0.079956,0.010395
MOS,2020-08-04,0.173695,0.008714,0.117275,0.011823
MOS,2023-05-04,0.186668,0.010878,-0.032592,0.011664
MOS,2019-08-06,0.072245,0.007202,-0.017781,0.009223
MOS,2019-11-05,0.310138,0.007535,0.122829,0.011119
MOS,2019-05-07,0.285107,0.007979,-0.040996,0.012791
MOS,2023-02-23,0.164988,0.010772,0.061938,0.010621
MOS,2020-02-20,0.225007,0.008926,0.101473,0.013043
MOS,2021-08-03,0.197161,0.00661,0.084667,0.011162
MOS,2022-05-03,0.230676,0.012668,0.116691,0.011908
MOS,2021-11-02,0.168922,0.005095,0.210715,0.008988
MOS,2023-11-08,0.139176,0.007097,0.172671,0.011312
MOS,2024-02-22,0.31412,0.006854,0.262592,0.0076
MOS,2018-11-06,0.464965,0.007825,0.041313,0.009688
MOS,2023-08-02,0.206424,0.00921,0.038321,0.013676
MOS,2021-02-18,0.088698,0.008422,0.078111,0.00591
MOS,2018-08-07,0.30943,0.008243,0.093049,0.011941
DOCU,2018-09-05,0.396361,0.01145,0.275544,0.008708
DOCU,2023-12-07,0.655504,0.006232,0.280892,0.006846
DOCU,2020-09-03,0.355978,0.009256,0.245391,0.007523
DOCU,2021-06-03,0.398699,0.005562,0.208803,0.005757
DOCU,2020-03-12,0.366426,0.008942,0.27396,0.008402
DOCU,2023-06-08,0.481768,0.007415,0.227527,0.007011
DOCU,2022-09-08,0.467304,0.004903,0.252089,0.006265
DOCU,2024-03-07,0.529146,0.006841,0.313759,0.005249
DOCU,2022-12-08,0.453799,0.007876,0.2125,0.008641
DOCU,2021-03-11,0.402758,0.010105,0.255987,0.008547
DOCU,2023-09-07,0.522722,0.006991,0.224711,0.005791
DOCU,2020-12-03,0.390794,0.012903,0.256392,0.010467
DOCU,2018-12-06,0.262217,0.008498,0.207433,0.008865
DOCU,2024-06-06,0.500544,0.00874,0.298607,0.008813
DOCU,2019-03-14,0.462193,0.003738,0.202143,0.008838
DOCU,2021-09-02,0.503386,0.006318,0.211034,0.007128
DOCU,2022-03-10,0.54027,0.005533,0.186501,0.006784
DOCU,2019-09-05,0.283304,0.010101,0.279528,0.009334
DOCU,2022-06-09,0.570895,0.005899,0.080934,0.010429
DOCU,2019-12-05,0.313436,0.008559,0.25326,0.006542
DOCU,2020-06-04,0.361766,0.014015,0.213928,0.009012
DOCU,2023-03-09,0.42304,0.006723,0.25555,0.007705
DOCU,2021-12-02,0.454024,0.006419,0.251733,0.007267
DOCU,2019-06-06,0.427277,0.009909,0.199107,0.007346
WM,2021-10-26,0.548577,0.006862,0.154757,0.00755
WM,2022-02-02,0.644485,0.007931,0.134461,0.010258
WM,2018-10-25,0.560031,0.005531,0.200714,0.008724
WM,2024-04-25,0.606503,0.006268,0.206108,0.009798
WM,2020-11-02,0.394605,0.004354,0.173919,0.008506
WM,2022-04-26,0.53477,0.00722,0.138322,0.008725
WM,2018-02-15,0.405974,0.006142,0.140614,0.006655
WM,2020-02-13,0.485478,0.006381,0.161907,0.010954
WM,2019-07-25,0.50091,0.00672,0.169762,0.007428
WM,2020-07-30,0.287707,0.006713,0.107574,0.007994
WM,2020-05-06,0.269115,0.009871,0.043944,0.008035
WM,2022-07-27,0.632629,0.007062,0.116795,0.00732
WM,2024-07-25,0.590216,0.00493,0.11818,0.009687
WM,2023-02-01,0.547653,0.007805,0.165529,0.009945
WM,2019-04-25,0.571189,0.00654,0.175771,0.00758
WM,2018-07-25,0.460938,0.007506,0.212974,0.008047
WM,2021-07-27,0.624181,0.005219,0.255641,0.007098
WM,2024-02-13,0.630361,0.007974,0.22641,0.012347
WM,2023-10-25,0.5298,0.006227,0.161124,0.008859
WM,2019-02-14,0.540874,0.006008,0.203631,0.008018
WM,2023-04-27,0.49466,0.006574,0.207807,0.007963
WM,2023-07-26,0.468065,0.006937,0.111775,0.00944
WM,2022-10-26,0.596722,0.007919,0.132492,0.00654
WM,2021-02-18,0.609196,0.004948,0.215967,0.009338
WM,2021-04-27,0.597031,0.004444,0.200309,0.009887
WM,2019-10-23,0.423161,0.008034,0.116284,0.008943
ICE,2019-08-01,0.478082,0.006562,0.139101,0.008986
ICE,2019-02-07,0.396221,0.009706,0.23458,0.005824
ICE,2019-05-02,0.431145,0.009512,0.185083,0.004625
ICE,2021-04-29,0.438177,0.006704,0.236281,0.009677
ICE,2020-07-30,0.448091,0.007241,0.216418,0.005989
ICE,2020-10-29,0.490833,0.008525,0.164768,0.005014
ICE,2018-08-02,0.381152,0.00662,0.151344,0.007105
ICE,2019-10-31,0.590098,0.007299,0.213295,0.005555
ICE,2020-04-30,0.68462,0.011278,0.187042,0.00691
ICE,2021-07-29,0.492005,0.007891,0.195968,0.007041
ICE,2021-02-04,0.537065,0.008015,0.206419,0.006706
ICE,2018-05-03,0.46136,0.0074,0.226764,0.007814
ICE,2018-10-31,0.465752,0.007731,0.144305,0.010155
ICE,2021-10-28,0.456819,0.010456,0.222421,0.005938
ICE,2020-02-06,0.405378,0.006866,0.16474,0.008214
CDXS,2019-02-26,0.478436,0.004051,0.272128,0.014363
CDXS,2019-08-06,0.483545,0.00252,0.254003,0.008382
CDXS,2020-05-07,0.289623,0.005943,0.144706,0.011232
CDXS,2019-11-05,0.452637,0.004035,0.221572,0.009594
CDXS,2019-05-06,0.393471,0.003864,0.22926,0.010237
CDXS,2021-11-04,0.546744,0.005793,0.251627,0.01042
CDXS,2020-02-27,0.357861,0.006623,0.217591,0.008254
LVS,2021-01-27,0.21587,0.009515,0.198663,0.009458
LVS,2019-07-24,0.398577,0.010638,0.102825,0.010626
LVS,2022-04-27,0.290215,0.009677,0.158642,0.008418
LVS,2022-07-20,0.389049,0.013378,0.216193,0.005915
LVS,2022-10-19,0.458972,0.005208,0.198102,0.008724
LVS,2021-10-20,0.316657,0.011905,0.216877,0.008819
LVS,2024-07-24,0.372859,0.006417,0.182981,0.007532
LVS,2020-01-29,0.602576,0.007278,0.154513,0.008298
LVS,2023-07-19,0.282197,0.013298,0.343841,0.006592
LVS,2023-01-25,0.472449,0.0059,0.221638,0.006392
LVS,2024-04-17,0.549074,0.005566,0.178137,0.007924
LVS,2020-07-22,0.406321,0.009221,0.083984,0.011614
LVS,2021-04-21,0.235546,0.010687,0.228175,0.009522
LVS,2020-10-21,0.515109,0.00597,0.188922,0.007718
LVS,2024-01-24,0.474222,0.007143,0.289132,0.00912
LVS,2019-01-23,0.361601,0.009434,0.153669,0.006714
LVS,2022-01-26,0.379458,0.01,0.170901,0.010387
LVS,2023-10-18,0.441917,0.010471,0.25142,0.007784
LVS,2019-04-17,0.464987,0.008065,0.202753,0.007708
LVS,2021-07-21,0.250893,0.011236,0.19213,0.009522
LVS,2020-04-22,0.473486,0.008197,0.175389,0.011765
LVS,2019-10-23,0.512883,0.008547,0.199633,0.006793
RHI,2021-07-22,0.32574,0.008722,0.253384,0.006255
RHI,2019-04-23,0.303696,0.008656,0.113705,0.006242
RHI,2020-10-22,-0.09119,0.007522,0.131828,0.01218
RHI,2018-10-23,0.424561,0.006505,0.303033,0.005733
RHI,2019-07-23,0.210671,0.007683,0.155316,0.006545
RHI,2021-10-21,0.334416,0.008123,0.084645,0.007052
RHI,2019-01-29,0.377631,0.007132,0.279624,0.003717
RHI,2020-01-30,0.070459,0.006286,0.204154,0.006471
RHI,2021-04-21,0.052263,0.007733,0.20287,0.005564
RHI,2018-07-24,0.374851,0.008025,0.284829,0.006418
RHI,2020-04-23,0.089877,0.007874,0.032345,0.008021
RHI,2021-01-28,0.037655,0.007981,0.170682,0.009357
RHI,2019-10-23,0.189855,0.009148,0.138483,0.010701
RHI,2018-04-24,0.528081,0.008479,0.253042,0.006595
EXPI,2021-03-11,0.482661,0.002073,0.152384,0.009888
EXPI,2021-11-03,0.256704,0.005471,0.136023,0.005576
EXPI,2020-11-10,0.406356,0.003854,0.216616,0.007605
EXPI,2020-08-07,0.038253,0.0,0.188568,0.007413
EXPI,2021-05-06,0.291048,0.003275,0.189063,0.008425
EXPI,2021-08-04,0.181965,0.00448,0.176767,0.007959
APYX,2019-11-11,0.442916,0.008137,0.265783,0.007487
APYX,2019-08-07,0.447544,0.008325,0.230553,0.007343
APYX,2020-05-11,-0.019803,0.005786,0.094396,0.009715
APYX,2020-03-16,0.244789,0.008072,0.035008,0.014024
CCL,2019-03-26,0.447342,0.005871,0.209537,0.010966
CCL,2021-01-11,0.491806,0.004902,0.156239,0.012632
CCL,2020-07-10,0.282343,0.008516,0.081299,0.010086
CCL,2022-03-22,0.392925,0.007378,0.230276,0.009479
CCL,2018-03-22,0.638127,0.004558,0.244751,0.008425
CCL,2021-12-20,0.638776,0.005224,0.13347,0.010876
CCL,2023-12-21,0.755785,0.004795,0.217413,0.008643
CCL,2019-09-26,0.332832,0.006432,0.080658,0.009187
CCL,2024-03-27,0.696265,0.003412,0.294758,0.01118
CCL,2021-06-24,0.563434,0.003985,0.196952,0.006596
CCL,2019-12-20,0.19561,0.007842,0.130771,0.010938
CCL,2024-06-25,0.658997,0.004635,0.240378,0.00757
CCL,2022-06-24,0.48821,0.004381,0.207552,0.009267
CCL,2019-06-20,0.17932,0.005184,0.158092,0.008502
CCL,2018-06-25,0.600307,0.001945,0.182007,0.006441
CCL,2023-09-29,0.672001,0.00619,0.223613,0.009829
CCL,2018-09-27,0.618618,0.003303,0.217811,0.007063
CCL,2021-09-24,0.462465,0.005464,0.227628,0.009866
CCL,2023-06-26,0.671858,0.003493,0.237665,0.009615
CCL,2022-12-21,0.705774,0.004455,0.214744,0.008348
CCL,2021-04-07,0.586238,0.004615,0.206764,0.010502
CCL,2022-09-30,0.489734,0.004436,0.154885,0.011734
TMO,2022-02-02,0.468344,0.004991,0.304993,0.008085
TMO,2019-07-24,0.345507,0.007294,0.225219,0.009453
TMO,2021-02-01,0.462642,0.00765,0.268606,0.006969
TMO,2021-04-29,0.550118,0.005728,0.230311,0.009642
TMO,2024-04-24,0.380165,0.007409,0.263098,0.007679
TMO,2018-10-24,0.380379,0.005443,0.337156,0.008739
TMO,2024-01-31,0.268713,0.005245,0.312885,0.007775
TMO,2021-07-28,0.588953,0.005683,0.215383,0.006109
TMO,2019-04-24,0.419348,0.006168,0.251473,0.008393
TMO,2023-02-01,0.262378,0.006662,0.214021,0.009684
TMO,2024-07-24,0.359325,0.006165,0.386047,0.007265
TMO,2019-01-30,0.382297,0.008502,0.306321,0.011658
TMO,2020-01-30,0.345353,0.006193,0.186715,0.009665
TMO,2020-07-22,0.358367,0.009233,0.271691,0.008456
TMO,2022-07-28,0.518856,0.006095,0.315416,0.006946
TMO,2023-10-25,0.35392,0.008322,0.176717,0.00787
TMO,2020-10-21,0.55594,0.006041,0.279279,0.008594
TMO,2023-07-26,0.100198,0.011683,0.098928,0.007781
TMO,2021-10-29,0.462485,0.005146,0.268802,0.009125
TMO,2022-10-26,0.350713,0.006369,0.293652,0.010012
TMO,2020-04-22,0.208219,0.007549,0.148201,0.008924
TMO,2022-04-28,0.434052,0.004965,0.268878,0.007801
TMO,2019-10-23,0.404589,0.006798,0.367748,0.007033
AIZ,2020-02-12,0.387005,0.012093,0.213845,0.010473
AIZ,2021-05-05,0.393429,0.005663,0.21228,0.008164
AIZ,2020-11-03,0.364052,0.00827,0.258501,0.008464
AIZ,2020-05-06,0.201736,0.01313,0.054633,0.009001
AIZ,2019-08-07,0.322413,0.009501,0.189128,0.008385
AIZ,2020-08-05,0.255234,0.010166,0.184462,0.010082
AIZ,2019-11-06,0.329471,0.008539,0.117961,0.007894
AIZ,2021-02-10,0.375771,0.009188,0.279242,0.009327
AIZ,2019-05-07,0.432043,0.007073,0.186269,0.009187
AIZ,2021-11-03,0.452005,0.006486,0.287426,0.008699
AIZ,2019-02-13,0.424306,0.009658,0.183367,0.006926
AIZ,2018-11-07,0.471553,0.006319,0.225627,0.008517
AIZ,2021-08-04,0.40507,0.005634,0.228058,0.007075
PHM,2021-10-26,0.174411,0.006569,0.115077,0.012293
PHM,2019-04-23,0.13612,0.010802,0.132438,0.010755
PHM,2020-10-22,0.285957,0.006903,0.125367,0.008911
PHM,2020-01-28,0.36445,0.0071,0.211863,0.009611
PHM,2018-10-23,0.248765,0.010693,0.076997,0.011042
PHM,2019-07-23,0.187619,0.007923,0.154725,0.007322
PHM,2022-07-26,0.067168,0.007268,0.144929,0.009542
PHM,2019-01-29,0.235685,0.010672,0.049559,0.009161
PHM,2020-07-23,0.150184,0.006624,0.198693,0.011553
PHM,2019-10-22,0.355908,0.007485,0.239199,0.0076
PHM,2020-04-23,0.040506,0.006773,0.076847,0.01274
PHM,2021-01-28,0.385319,0.007737,0.121052,0.008659
PHM,2021-04-27,0.391643,0.006873,0.197156,0.010009
PHM,2022-02-01,0.260237,0.007928,0.202224,0.011149
PHM,2022-04-28,0.278353,0.006793,0.204845,0.012079
MSFT,2024-01-30,0.394093,0.00573,0.148604,0.006593
MSFT,2021-10-26,0.428188,0.006526,0.191914,0.007106
MSFT,2024-04-25,0.336711,0.006899,0.198923,0.008481
MSFT,2022-10-25,0.165278,0.008909,0.197202,0.007117
MSFT,2022-04-26,0.309576,0.008236,0.179752,0.008897
MSFT,2023-07-25,0.289209,0.00593,0.185139,0.005716
MSFT,2022-01-25,0.449595,0.006611,0.274933,0.005349
MSFT,2021-01-26,0.588448,0.008391,0.229337,0.006765
MSFT,2018-04-26,0.57031,0.005363,0.246872,0.006048
MSFT,2018-10-24,0.442573,0.005838,0.190723,0.007089
MSFT,2019-07-18,0.378807,0.00569,0.272034,0.003012
MSFT,2019-04-24,0.417025,0.004251,0.266322,0.00682
MSFT,2019-01-30,0.379567,0.004797,0.170351,0.00631
MSFT,2022-07-26,0.176321,0.007567,0.166622,0.004598
MSFT,2020-01-29,0.473235,0.004955,0.190036,0.005382
MSFT,2023-10-24,0.368212,0.008541,0.327633,0.004382
MSFT,2020-04-29,0.299122,0.00565,0.187845,0.005933
MSFT,2020-10-27,0.356383,0.006075,0.204948,0.007603
MSFT,2021-07-27,0.439465,0.00711,0.249303,0.006669
MSFT,2020-07-22,0.347638,0.004259,0.223677,0.006325
MSFT,2024-07-30,0.364292,0.008581,0.277504,0.006667
MSFT,2023-01-24,0.094435,0.008026,0.208669,0.006629
MSFT,2021-04-27,0.41814,0.00758,0.220973,0.007092
MSFT,2019-10-23,0.395257,0.004254,0.261218,0.007355
TGT,2020-11-18,0.423,0.005824,0.311041,0.006238
TGT,2020-05-20,0.309959,0.007063,0.34016,0.007983
TGT,2019-08-21,0.565592,0.004084,0.341013,0.006485
TGT,2023-08-16,0.388151,0.004037,0.32452,0.008122
TGT,2020-08-19,0.454417,0.008269,0.323438,0.008819
TGT,2019-05-22,0.430788,0.00193,0.374448,0.007923
TGT,2019-11-20,0.553188,0.003756,0.329216,0.007291
TGT,2021-11-17,0.541908,0.003373,0.342292,0.01088
TGT,2020-03-03,0.365448,0.006135,0.249272,0.007202
TGT,2024-05-22,0.492653,0.0032,0.33782,0.006062
TGT,2021-05-19,0.530435,0.005066,0.316228,0.007465
TGT,2024-08-21,0.472807,0.002476,0.347491,0.006591
TGT,2022-05-18,0.364629,0.006098,0.315685,0.012272
TGT,2024-03-05,0.309397,0.004155,0.261057,0.003907
TGT,2022-11-16,0.327179,0.005606,0.179166,0.008464
TGT,2018-11-20,0.486071,0.002429,0.2447,0.008554
TGT,2018-05-23,0.508368,0.00208,0.298654,0.006037
TGT,2021-08-18,0.449434,0.005467,0.323061,0.008203
TGT,2022-08-17,0.356339,0.006404,0.177719,0.009709
TGT,2023-11-15,0.26675,0.004483,0.256821,0.008564
TGT,2023-05-17,0.282652,0.004418,0.214778,0.007717
TGT,2021-03-02,0.380377,0.00534,0.298214,0.005825
TGT,2019-03-05,0.35859,0.004043,0.190397,0.004622
TGT,2017-03-06,0.264589,0.00418,0.211599,0.005303
ALL,2019-02-06,0.373549,0.002639,0.121303,0.006491
ALL,2019-05-02,0.180822,0.014502,0.097126,0.006352
ALL,2020-02-05,0.286792,0.003279,0.134076,0.009317
ALL,2020-05-06,0.040741,0.007261,0.11495,0.009268
ALL,2019-10-30,0.331458,0.006988,0.091949,0.005188
ALL,2020-08-05,0.405292,0.002484,0.107112,0.00665
ALL,2020-11-05,0.211876,0.004368,0.110396,0.008804
ALL,2021-02-04,0.481038,0.002285,0.176668,0.004502
ALL,2018-11-01,0.509977,0.003922,0.164956,0.007505
ALL,2021-08-05,0.525604,0.003373,0.218438,0.007439
ALL,2021-11-04,0.45645,0.005588,0.199248,0.00557
ALL,2021-05-06,0.429259,0.005092,0.158312,0.006221
ALL,2019-07-31,0.464819,0.008958,0.123482,0.009577
META,2022-02-02,0.233253,0.005202,0.091967,0.008059
META,2021-01-27,0.241498,0.005376,0.117793,0.006405
META,2019-07-24,0.248858,0.009522,0.152685,0.006758
META,2021-04-28,0.377177,0.004912,0.142704,0.005162
META,2022-04-27,0.290465,0.005933,0.124915,0.008094
META,2020-07-30,0.260766,0.009003,0.103742,0.007997
META,2021-07-28,0.34821,0.003739,0.145026,0.006333
META,2020-10-29,0.276076,0.007848,0.17678,0.005781
META,2022-07-27,0.149978,0.005915,0.140731,0.005185
META,2019-04-24,0.163886,0.009119,0.125952,0.006786
META,2019-10-30,0.223615,0.010845,0.139173,0.006285
META,2019-01-30,0.359398,0.007204,0.133484,0.0073
META,2020-01-29,0.317095,0.00554,0.124039,0.004652
META,2020-04-29,0.129656,0.007749,0.095933,0.009095
META,2018-07-25,0.216732,0.007857,0.121142,0.006545
META,2018-04-25,0.296041,0.00751,0.13966,0.007796
META,2018-01-31,0.291831,0.006426,0.145567,0.007862
META,2021-10-25,0.195117,0.006536,0.150162,0.004178
META,2018-10-30,0.278329,0.007609,0.175022,0.005841
BSX,2022-02-02,0.513441,0.006297,0.270162,0.008204
BSX,2019-07-24,0.427622,0.008945,0.26001,0.005204
BSX,2021-04-28,0.500817,0.007034,0.351367,0.008036
BSX,2022-04-27,0.567471,0.007634,0.256089,0.008654
BSX,2019-02-06,0.469355,0.011617,0.287183,0.007632
BSX,2020-02-05,0.34967,0.010626,0.202756,0.010036
BSX,2018-10-24,0.374746,0.008553,0.283044,0.009089
BSX,2021-10-27,0.439856,0.007378,0.330693,0.007249
BSX,2022-07-27,0.42257,0.007836,0.245943,0.006022
BSX,2019-04-24,0.37701,0.008974,0.262458,0.008906
BSX,2020-04-29,-0.07099,0.013098,0.201002,0.00959
BSX,2021-07-27,0.491105,0.008284,0.317332,0.007497
BSX,2021-02-03,0.046973,0.006903,0.255044,0.007983
BSX,2019-10-23,0.402356,0.009673,0.320851,0.009309
FAST,2018-04-11,0.269522,0.007293,0.04892,0.009042
FAST,2019-01-17,0.352615,0.004146,0.149859,0.006086
FAST,2019-04-11,0.266109,0.008099,0.123069,0.010775
FAST,2021-10-12,0.261891,0.005192,0.032259,0.0123
FAST,2018-10-10,0.213801,0.004821,0.105816,0.00933
CVCO,2020-07-31,-0.15431,0.011839,0.089132,0.008987
CVCO,2021-08-06,0.257167,0.009075,0.077045,0.007748
CVCO,2020-05-27,-0.077862,0.012998,0.095651,0.011107
CVCO,2019-05-24,0.091799,0.012953,0.179608,0.007207
CVCO,2020-10-30,0.050423,0.011011,0.051227,0.010083
CVCO,2020-01-31,0.361564,0.01444,0.200466,0.010952
CVCO,2019-10-29,0.365194,0.012613,0.014425,0.007143
CVCO,2021-05-27,0.429466,0.011665,0.142825,0.008141
CVCO,2019-07-30,0.327695,0.010775,0.198826,0.008825
CVCO,2021-01-29,0.251242,0.0082,0.134573,0.008221
CVCO,2021-11-05,0.361705,0.010295,0.163213,0.009209
ELV,2021-01-27,0.383028,0.00852,0.207391,0.011458
ELV,2019-07-24,0.613713,0.008345,0.231284,0.008589
ELV,2022-07-20,0.505125,0.006714,0.227711,0.006855
ELV,2022-10-19,0.573202,0.011542,0.269819,0.006272
ELV,2021-10-20,0.518255,0.010042,0.214977,0.007937
ELV,2019-04-24,0.564563,0.010284,0.249181,0.00815
ELV,2024-04-18,0.578033,0.006022,0.265502,0.009725
ELV,2019-01-30,0.476078,0.007867,0.240161,0.005958
ELV,2022-04-20,0.665969,0.006421,0.233227,0.007217
ELV,2020-01-29,0.546422,0.008293,0.219621,0.007953
ELV,2020-10-28,0.31094,0.008917,0.219568,0.008554
ELV,2023-07-19,0.423234,0.007546,0.266133,0.007538
ELV,2023-01-25,0.508688,0.01206,0.341495,0.005337
ELV,2020-04-29,0.39025,0.009686,0.141409,0.006962
ELV,2021-04-21,0.560705,0.006525,0.20566,0.008897
ELV,2018-10-31,0.421248,0.006871,0.177357,0.00669
ELV,2024-01-24,0.502547,0.008578,0.312571,0.00835
ELV,2020-07-29,0.444985,0.010562,0.104288,0.01074
ELV,2022-01-26,0.608895,0.013154,0.234958,0.007423
ELV,2023-10-18,0.497006,0.009373,0.22641,0.006081
ELV,2024-07-17,0.624793,0.008808,0.266928,0.008325
ELV,2021-07-21,0.449769,0.006949,0.17226,0.007794
ELV,2019-10-23,0.45399,0.007581,0.224966,0.007635
ACTG,2021-08-16,0.272324,0.009397,0.092582,0.009964
ACTG,2021-11-15,0.163934,0.008804,0.079877,0.009654
COMM,2021-02-17,0.238391,0.00543,0.067134,0.006994
COMM,2019-02-21,0.197044,0.00765,0.178745,0.011026
COMM,2019-05-09,0.138924,0.006828,0.229306,0.008172
COMM,2020-11-05,0.339527,0.002576,0.162172,0.008047
COMM,2020-02-20,0.065214,0.005507,0.157186,0.009836
COMM,2020-08-07,0.269621,0.006957,0.188715,0.010132
COMM,2019-08-08,0.211689,0.005956,0.166436,0.008983
COMM,2021-08-05,0.489108,0.00517,0.114123,0.008733
COMM,2021-11-04,0.282424,0.004945,0.133383,0.005126
COMM,2021-05-06,0.418223,0.004788,0.11175,0.007267
SWK,2021-04-28,0.670573,0.009889,0.194349,0.013626
SWK,2018-07-20,0.423653,0.008752,0.186022,0.010446
SWK,2020-07-30,0.077149,0.010263,0.214158,0.014611
SWK,2019-04-24,0.4102,0.00812,0.219188,0.00966
SWK,2019-07-23,0.547315,0.006263,0.202225,0.010846
SWK,2020-04-30,-0.013413,0.010896,0.109751,0.01276
SWK,2020-01-29,0.423344,0.009103,0.160484,0.008591
SWK,2019-10-24,0.531132,0.005691,0.211505,0.009424
SWK,2020-10-27,0.511666,0.009382,0.27491,0.012488
SWK,2021-07-27,0.660433,0.010968,0.158737,0.014074
SWK,2021-10-28,0.464872,0.008391,0.188619,0.012199
SWK,2021-01-28,0.565781,0.009967,0.213879,0.013459
SWK,2019-01-22,0.444697,0.00816,0.101099,0.010206
CTLT,2021-08-30,0.530922,0.003712,0.289501,0.006471
CTLT,2020-11-03,0.40275,0.006912,0.250223,0.010745
CTLT,2022-08-29,0.214634,0.006012,0.22616,0.007645
CTLT,2021-05-04,0.260731,0.005539,0.260753,0.005229
CTLT,2019-08-27,0.427617,0.008077,0.328809,0.009035
CTLT,2020-02-03,0.406371,0.009729,0.252811,0.008337
CTLT,2019-11-05,0.382985,0.005126,0.258514,0.006942
CTLT,2019-05-07,0.275711,0.006316,0.249819,0.00732
CTLT,2022-05-03,0.511487,0.004376,0.19609,0.00588
CTLT,2021-11-02,0.632904,0.003381,0.353641,0.005604
CTLT,2020-05-05,0.322866,0.010144,0.305362,0.007645
CTLT,2020-08-31,0.410655,0.008253,0.320153,0.008507
CTLT,2018-11-06,0.127893,0.006739,0.208858,0.005064
CTLT,2021-02-02,0.424343,0.006698,0.282395,0.008416
CTLT,2022-02-01,0.486116,0.005839,0.27365,0.008386
MOH,2020-07-31,0.268727,0.012887,0.129871,0.010632
MOH,2020-05-01,0.217337,0.009585,0.065403,0.012335
MOH,2021-02-11,0.151521,0.015789,0.113116,0.012329
MOH,2020-10-29,0.313218,0.011221,0.154936,0.01097
MOH,2019-10-30,0.369991,0.008799,0.181032,0.011342
MOH,2021-07-29,0.290358,0.014331,0.070988,0.011554
MOH,2019-04-30,0.327957,0.012488,0.221205,0.009829
MOH,2018-11-01,0.370503,0.014255,0.253565,0.009173
MOH,2021-04-30,0.281763,0.013123,0.11248,0.014064
MOH,2021-10-29,0.40085,0.014891,0.049797,0.013263
MOH,2020-02-11,0.460363,0.013547,0.066694,0.012457
MOH,2019-02-12,0.358052,0.014135,0.159789,0.010758
MOH,2019-07-31,0.461244,0.00993,0.207534,0.009776
ABBV,2020-07-31,0.480805,0.012645,0.272515,0.009092
ABBV,2022-02-02,0.56376,0.014064,0.192536,0.008003
ABBV,2019-11-01,0.528057,0.010694,0.180178,0.006592
ABBV,2020-05-01,0.322306,0.011076,0.161535,0.011795
ABBV,2022-10-28,0.507988,0.012246,0.168793,0.012424
ABBV,2018-11-02,0.514808,0.00683,0.214206,0.013711
ABBV,2024-07-25,0.545794,0.012885,0.253713,0.006679
ABBV,2019-04-25,0.492402,0.01179,0.154666,0.006057
ABBV,2023-10-27,0.446641,0.010738,0.232047,0.009148
ABBV,2022-07-29,0.517365,0.011523,0.194269,0.010411
ABBV,2021-07-30,0.55411,0.01431,0.215422,0.01333
ABBV,2020-10-30,0.668902,0.007521,0.228267,0.009353
ABBV,2023-04-27,0.415661,0.011562,0.166821,0.010196
ABBV,2019-07-26,0.463975,0.016369,0.134886,0.010038
ABBV,2022-04-29,0.437853,0.012007,0.179709,0.010186
ABBV,2021-04-30,0.541845,0.011466,0.239511,0.007998
ABBV,2024-02-02,0.494201,0.015178,0.226346,0.006811
ABBV,2023-02-09,0.497536,0.01426,0.16139,0.010259
ABBV,2021-02-03,0.580818,0.016641,0.218404,0.010034
ABBV,2020-02-07,0.530907,0.01323,0.194828,0.007816
ABBV,2021-10-29,0.621692,0.012402,0.210908,0.008215
ABBV,2023-07-27,0.585573,0.011086,0.210636,0.008285
ABBV,2024-04-26,0.491096,0.010823,0.16422,0.010577
AFL,2018-10-25,0.493228,0.008071,0.063563,0.007346
AFL,2021-04-29,0.279787,0.006545,0.102284,0.00951
AFL,2020-02-05,0.253563,0.009427,0.100091,0.007672
AFL,2020-04-30,0.159424,0.012922,0.047064,0.007876
AFL,2020-10-28,0.104566,0.010366,0.132176,0.010055
AFL,2021-07-29,0.424774,0.00663,0.129408,0.009569
AFL,2019-04-26,0.239568,0.008872,0.069278,0.009105
AFL,2019-10-25,0.292893,0.009537,-0.04385,0.00827
AFL,2021-02-04,0.096341,0.007368,0.216138,0.008372
AFL,2019-07-26,0.41997,0.009925,0.057489,0.007188
AFL,2020-07-29,0.150173,0.010384,0.114002,0.009351
AFL,2021-10-28,0.290048,0.008422,0.099225,0.007325
OTIS,2021-02-01,0.50623,0.006603,0.334218,0.00745
OTIS,2024-04-24,0.531364,0.006696,0.272741,0.006488
OTIS,2024-01-31,0.568415,0.012698,0.232564,0.003111
OTIS,2022-07-27,0.347311,0.006403,0.183239,0.006953
OTIS,2023-02-01,0.63801,0.00953,0.288354,0.0055
OTIS,2024-07-24,0.32717,0.008672,0.212232,0.007647
OTIS,2021-07-26,0.552994,0.005118,0.320149,0.006569
OTIS,2023-10-25,0.49263,0.010531,0.144417,0.009749
OTIS,2021-04-26,0.650707,0.004936,0.357716,0.006887
OTIS,2023-07-26,0.613871,0.00613,0.229197,0.007383
OTIS,2022-01-31,0.528008,0.007847,0.273408,0.004799
OTIS,2022-10-26,0.273891,0.007917,0.158105,0.008126
OTIS,2021-10-25,0.544306,0.005435,0.206783,0.009839
MCD,2021-04-29,0.457617,0.004224,0.266207,0.008191
MCD,2018-04-30,0.583093,0.002311,0.157517,0.009169
MCD,2021-10-27,0.555702,0.004696,0.214248,0.009694
MCD,2021-07-28,0.423095,0.003047,0.221072,0.008991
MCD,2018-10-23,0.556063,0.002807,0.125613,0.007534
MCD,2018-07-26,0.493158,0.002212,0.1091,0.010199
MCD,2019-01-30,0.598764,0.004334,0.091043,0.011113
MCD,2020-04-30,0.151924,0.006536,0.079173,0.012477
MCD,2020-01-29,0.536562,0.004574,0.139223,0.009625
MCD,2019-04-30,0.440152,0.003546,0.215598,0.005411
MCD,2019-07-26,0.449012,0.003962,0.337303,0.00744
MCD,2019-10-22,0.576578,0.003772,0.19476,0.007849
MCD,2018-01-30,0.493734,0.005146,0.290466,0.006022
MCD,2020-07-28,0.236501,0.012417,0.08359,0.008302
MCD,2021-01-28,0.439427,0.006376,0.227787,0.010848
ALGT,2019-07-24,0.289204,0.006839,0.101057,0.010602
ALGT,2021-05-04,0.213614,0.009161,0.092801,0.008439
ALGT,2018-10-24,0.215083,0.010101,0.107617,0.011406
ALGT,2021-10-27,0.357602,0.009196,0.122791,0.012218
ALGT,2021-07-28,0.557197,0.008574,0.133423,0.010248
ALGT,2019-04-24,0.373648,0.007034,0.111317,0.005565
ALGT,2019-01-30,0.380316,0.006266,0.108117,0.009268
ALGT,2020-01-29,0.41154,0.006971,0.149883,0.009045
ALGT,2020-05-12,0.199241,0.009581,0.012966,0.011501
ALGT,2019-10-24,0.248524,0.006497,0.185608,0.008456
ALGT,2021-02-03,0.338844,0.01115,0.145989,0.011076
RMD,2018-10-25,0.488494,0.005253,0.265024,0.004951
RMD,2019-05-02,0.457199,0.003886,0.16889,0.006547
RMD,2021-04-29,0.358862,0.004487,0.203309,0.006266
RMD,2019-07-25,0.435377,0.004294,0.264902,0.005868
RMD,2020-10-29,0.536767,0.004787,0.225333,0.0057
RMD,2020-04-30,0.452149,0.0048,0.127436,0.00485
RMD,2020-08-05,0.418972,0.005018,0.145688,0.008312
RMD,2019-10-24,0.524676,0.003728,0.283062,0.004939
RMD,2020-01-30,0.498589,0.004293,0.154017,0.008042
RMD,2019-01-24,0.396474,0.005719,0.252366,0.005249
RMD,2021-08-05,0.394944,0.004887,0.193124,0.005978
RMD,2021-10-28,0.368507,0.004089,0.138088,0.006723
RMD,2022-01-27,0.44646,0.004307,0.21837,0.006425
RMD,2022-08-11,0.523905,0.003008,0.236421,0.005944
RMD,2021-01-28,0.390717,0.004769,0.214217,0.006494
RMD,2022-04-28,0.407392,0.003052,0.142981,0.005945
CHRD,2021-05-06,0.35363,0.007388,0.215427,0.014379
CHRD,2021-08-04,0.185671,0.007976,0.178111,0.00833
AJG,2018-10-25,0.363496,0.008471,0.134278,0.01203
AJG,2021-04-29,0.556757,0.011676,0.153005,0.018989
AJG,2019-07-25,0.468312,0.009054,0.183394,0.010342
AJG,2019-01-31,0.33686,0.009198,0.134474,0.011006
AJG,2019-04-25,0.263728,0.011014,0.170395,0.015804
AJG,2020-04-30,0.009818,0.014777,0.044269,0.016046
AJG,2021-07-29,0.516272,0.009562,0.145328,0.014396
AJG,2019-10-24,0.447483,0.010544,0.163633,0.011832
AJG,2020-01-30,0.368139,0.012144,0.208037,0.009802
AJG,2021-10-28,0.442412,0.012876,0.189095,0.007112
AJG,2021-01-28,0.380566,0.011554,0.171827,0.010361
IFF,2020-02-13,0.55848,0.006637,0.083473,0.009877
IFF,2021-08-06,0.664439,0.00588,0.17742,0.010479
IFF,2021-02-11,0.358354,0.008275,0.142405,0.009911
IFF,2019-08-06,0.459314,0.011753,0.045899,0.008401
IFF,2019-11-05,0.497489,0.010809,0.264026,0.007255
IFF,2019-05-07,0.234269,0.01255,0.175097,0.005248
IFF,2020-05-12,0.300897,0.007065,0.120546,0.012143
IFF,2020-11-10,0.320915,0.008047,0.069959,0.012101
IFF,2020-08-11,0.211717,0.00884,0.122261,0.010688
IFF,2019-02-14,0.38065,0.011228,0.197809,0.007625
IFF,2021-11-09,0.450586,0.005848,0.15999,0.008623
IFF,2018-11-06,0.40755,0.010434,0.131028,0.010843
IFF,2021-05-11,0.49258,0.007393,0.200935,0.008888
COHU,2018-11-05,0.358034,0.011252,0.076509,0.010083
COHU,2020-02-13,0.15157,0.013596,0.128268,0.010336
COHU,2021-04-29,0.207638,0.010633,0.216021,0.006682
COHU,2021-02-11,0.4712,0.009333,0.125483,0.009915
COHU,2019-08-05,0.093631,0.012865,-0.011635,0.010614
COHU,2021-07-30,0.254115,0.010168,0.151688,0.01154
COHU,2020-05-05,-0.079511,0.015451,0.050955,0.012496
COHU,2019-05-06,0.242087,0.011619,0.295015,0.00525
COHU,2019-11-04,0.252936,0.015336,0.149309,0.010176
COHU,2021-10-28,0.38951,0.011333,0.127781,0.009143
COHU,2019-03-12,0.157571,0.015435,0.058504,0.010251
CGBD,2019-02-27,0.262812,0.01042,0.10664,0.009963
CGBD,2020-05-06,0.183847,0.012587,0.157879,0.005418
CGBD,2019-08-07,0.23785,0.00729,0.148358,0.004719
CGBD,2020-08-05,0.298849,0.013282,0.062044,0.012725
CGBD,2019-11-06,0.094784,0.010643,0.098473,0.007941
CGBD,2020-11-05,0.333279,0.006154,0.124668,0.007809
CGBD,2020-02-26,0.378424,0.009217,0.172846,0.00705
PGR,2023-11-01,0.119406,0.013943,0.211424,0.009458
PGR,2023-05-03,0.192752,0.021956,0.162515,0.011896
PGR,2021-05-05,0.202098,0.013256,0.111692,0.009937
PGR,2020-03-04,0.244489,0.005722,0.098822,0.009279
PGR,2019-05-02,0.112451,0.012503,0.098537,0.008058
PGR,2020-05-06,0.223517,0.011162,0.074963,0.010626
PGR,2020-11-04,0.166723,0.013556,0.185284,0.008904
PGR,2019-11-07,0.233466,0.009,0.074863,0.0091
PGR,2022-11-02,0.285552,0.015106,0.109046,0.011932
PGR,2020-08-05,0.101677,0.023649,0.152451,0.01001
PGR,2024-02-27,0.449388,0.005779,0.161917,0.00835
PGR,2022-08-03,0.328914,0.011041,0.121365,0.008602
PGR,2021-11-03,0.446734,0.011299,0.090001,0.012648
PGR,2022-05-03,0.196928,0.014909,0.152177,0.007175
PGR,2019-08-08,0.398808,0.005335,0.137349,0.00836
PGR,2018-11-01,0.220837,0.008192,0.097237,0.012053
PGR,2022-03-01,0.17287,0.007455,0.138762,0.011935
PGR,2021-03-02,0.165349,0.011765,0.195182,0.009507
PGR,2019-02-28,0.222832,0.006906,0.114861,0.009288
PGR,2023-08-02,0.037884,0.009208,0.102602,0.010077
PGR,2023-02-28,0.209863,0.007854,0.180502,0.012357
PGR,2021-08-04,0.382848,0.00615,0.137457,0.010444
HPE,2018-08-28,0.483746,0.003002,0.181887,0.008146
HPE,2020-05-21,0.209133,0.00534,0.131368,0.005471
HPE,2022-06-01,0.513624,0.005268,0.177566,0.005588
HPE,2021-11-30,0.690067,0.002116,0.306607,0.006088
HPE,2019-08-27,0.59171,0.003436,0.230309,0.005338
HPE,2020-03-03,0.447722,0.004744,0.104447,0.005896
HPE,2018-12-04,0.557184,0.001809,0.148317,0.00567
HPE,2019-02-21,0.483975,0.003744,0.275237,0.006871
HPE,2019-05-24,0.458484,0.004588,0.14532,0.009284
HPE,2020-08-25,0.457489,0.004651,0.119646,0.006871
HPE,2021-09-02,0.707768,0.002973,0.237133,0.005172
HPE,2018-05-22,0.6211,0.003977,0.213788,0.005143
HPE,2019-11-25,0.534261,0.003267,0.143856,0.007995
HPE,2020-12-01,0.668731,0.004396,0.307315,0.008477
HPE,2022-03-01,0.497201,0.005009,0.206326,0.006982
HPE,2022-08-30,0.535518,0.002701,0.222703,0.007886
HPE,2021-03-02,0.517475,0.005076,0.351535,0.007552
HPE,2021-06-01,0.691195,0.002784,0.283791,0.008165
CEG,2022-08-04,0.392371,0.008124,0.181757,0.008867
CEG,2022-05-12,0.383546,0.006327,0.210588,0.007866
BBCP,2019-09-16,0.370218,0.011834,0.163289,0.00973
BBCP,2022-01-12,0.520101,0.007609,0.164209,0.010497
BBCP,2020-01-14,0.483493,0.010403,0.26555,0.008667
BBCP,2022-09-08,0.583182,0.009163,0.197072,0.008581
BBCP,2020-09-09,0.41007,0.013204,0.194357,0.011034
BBCP,2022-06-07,0.644909,0.007185,0.322523,0.017086
BBCP,2022-03-10,0.623054,0.006834,0.291377,0.010568
BBCP,2019-05-17,0.366122,0.004498,0.202847,0.008523
BBCP,2021-09-08,0.46453,0.007004,0.114034,0.007478
BBCP,2021-01-12,0.29589,0.012342,0.229366,0.013543
BBCP,2020-06-09,0.359247,0.012142,0.173961,0.008078
EFX,2021-07-22,0.508174,0.003986,0.239481,0.006541
EFX,2020-04-21,0.28705,0.00362,0.09399,0.008682
EFX,2018-10-25,0.107447,0.004655,0.221063,0.006477
EFX,2020-02-13,0.231336,0.005763,0.193836,0.006491
EFX,2019-07-25,0.279791,0.004336,0.281595,0.006625
EFX,2020-10-22,0.35755,0.004394,0.148039,0.005973
EFX,2021-02-11,0.429169,0.005178,0.262761,0.007609
EFX,2019-02-21,0.133284,0.004156,0.165709,0.005574
EFX,2021-04-22,0.41852,0.005571,0.269369,0.006166
EFX,2021-10-21,0.419777,0.007049,0.218477,0.00518
EFX,2019-10-24,0.282976,0.003908,0.238758,0.006376
EFX,2020-07-23,0.257839,0.004186,0.131604,0.00738
EFX,2019-05-10,0.133318,0.005813,0.229882,0.00789
MET,2019-08-01,0.300618,0.007137,0.099431,0.009733
MET,2019-02-07,0.141948,0.009439,0.162475,0.008985
MET,2019-05-02,0.396646,0.007903,0.126908,0.008312
MET,2018-11-02,0.116177,0.013052,0.167515,0.01272
MET,2018-08-02,0.21582,0.011433,0.206539,0.016736
MET,2019-10-31,0.063421,0.009855,0.101803,0.012037
MET,2020-11-05,0.230219,0.011198,0.199864,0.007355
MET,2020-05-07,0.19925,0.012253,0.049013,0.010081
MET,2020-08-06,0.062704,0.009533,0.132757,0.010049
MET,2021-02-04,0.337607,0.009022,0.207406,0.010932
MET,2021-08-05,0.36197,0.010133,0.201565,0.009091
MET,2020-02-06,0.363353,0.008521,0.054642,0.008002
MET,2021-11-04,0.292411,0.013889,0.07345,0.00824
MET,2021-05-06,0.253917,0.014136,0.236188,0.008581
CAMP,2021-12-21,0.095016,0.007624,0.184836,0.008854
CAMP,2019-09-26,0.247776,0.006762,0.265077,0.014996
CAMP,2021-04-22,0.422475,0.008009,0.193681,0.006725
CAMP,2021-06-24,0.282985,0.00941,0.28156,0.010067
CAMP,2019-12-20,0.298739,0.005925,0.304463,0.010784
CAMP,2018-06-27,0.419809,0.008929,0.263689,0.010944
CAMP,2020-09-24,0.400395,0.010804,0.237814,0.009034
CAMP,2019-04-30,0.084815,0.009479,0.144237,0.010169
CAMP,2020-05-05,0.147255,0.00922,0.215647,0.006412
CAMP,2020-12-17,0.502042,0.011232,0.194602,0.00742
CAMP,2021-09-23,0.219142,0.008264,0.242306,0.008128
CAMP,2019-06-27,0.281806,0.009211,0.255963,0.011078
CAMP,2020-06-25,0.324404,0.008715,0.17316,0.010466
SPLK,2019-11-21,0.390689,0.005771,0.189258,0.006515
SPLK,2019-05-23,0.398453,0.005644,0.230716,0.006174
SPLK,2022-08-24,0.46937,0.008213,0.154437,0.007627
SPLK,2019-08-21,0.482746,0.006522,0.161889,0.008995
SPLK,2021-12-01,0.39059,0.007692,0.229319,0.007383
SPLK,2020-03-04,0.361096,0.005696,0.196854,0.009333
SPLK,2018-11-29,0.328348,0.006037,0.149015,0.005917
SPLK,2021-06-02,0.441255,0.005922,0.237447,0.004739
SPLK,2020-05-21,0.368229,0.008909,0.280486,0.007648
SPLK,2022-03-02,0.453337,0.005607,0.220057,0.008734
SPLK,2020-12-02,0.136853,0.010604,0.137201,0.00985
SPLK,2023-03-01,0.53456,0.010689,0.332348,0.006447
SPLK,2023-05-24,0.551511,0.009444,0.334293,0.00576
SPLK,2018-08-23,0.46693,0.004415,0.267584,0.00485
SPLK,2020-08-26,0.392715,0.008333,0.219218,0.008193
SPLK,2023-08-23,0.539161,0.007478,0.360075,0.007772
SPLK,2021-08-25,0.522008,0.006442,0.300841,0.008036
SPLK,2022-11-30,0.543277,0.007835,0.313708,0.005988
SPLK,2017-11-16,0.500449,0.004416,0.286462,0.006178
SPLK,2019-02-28,0.507662,0.005098,0.268628,0.006402
SPLK,2022-05-25,0.440805,0.00631,0.296052,0.008396
SPLK,2021-03-03,0.217755,0.007877,0.309361,0.005414
EWCZ,2022-03-15,0.657211,0.00807,0.175318,0.011019
EWCZ,2022-08-04,0.565346,0.008941,0.267211,0.008538
EWCZ,2021-11-04,0.580084,0.005432,0.355317,0.00495
COR,2019-08-01,0.496412,0.003552,0.271568,0.005149
COR,2019-05-02,0.406361,0.004675,0.283474,0.008094
COR,2019-11-07,0.460631,0.003873,0.290635,0.006849
COR,2019-01-31,0.403617,0.005874,0.082505,0.012372
COR,2020-08-05,0.299582,0.004408,0.243003,0.007145
COR,2020-11-05,0.748007,0.004579,0.26114,0.006995
COR,2020-05-07,0.365121,0.005479,0.085048,0.008621
COR,2020-01-30,0.347413,0.003202,0.23781,0.00911
COR,2021-02-04,0.588013,0.001557,0.249191,0.007914
COR,2018-11-06,0.466619,0.004124,0.244448,0.007627
COR,2021-11-04,0.631331,0.003247,0.257813,0.007034
COR,2021-05-06,0.591189,0.00553,0.259862,0.008598
COR,2021-08-04,0.660001,0.002454,0.250325,0.004834
CMBM,2020-05-12,0.207962,0.007139,0.149782,0.012112
CMBM,2020-02-10,0.355384,0.007096,0.208761,0.006099
AGRX,2021-03-01,0.379246,0.011839,0.147392,0.007933
AGRX,2021-05-04,0.35577,0.013823,0.160916,0.00797
AGRX,2021-07-26,0.467691,0.012505,0.125433,0.008107
AGRX,2022-03-30,0.298005,0.013991,0.234213,0.007108
AGRX,2022-05-12,0.282521,0.012906,0.169945,0.006343
AGRX,2022-08-11,0.478046,0.014599,0.207469,0.00565
EQIX,2023-05-03,0.589283,0.006735,0.274643,0.00953
EQIX,2020-02-12,0.625309,0.003731,0.183868,0.007204
EQIX,2021-04-28,0.568232,0.005122,0.244348,0.010478
EQIX,2022-04-27,0.604109,0.005758,0.3463,0.008992
EQIX,2018-08-08,0.56208,0.004831,0.182621,0.009334
EQIX,2024-08-07,0.66011,0.005592,0.205513,0.007539
EQIX,2024-05-09,0.581489,0.004792,0.237853,0.007597
EQIX,2021-07-28,0.568191,0.005919,0.252049,0.006438
EQIX,2020-05-06,0.629102,0.005433,0.13682,0.009028
EQIX,2022-07-27,0.678439,0.006144,0.292105,0.009414
EQIX,2019-10-30,0.647467,0.004708,0.27875,0.008917
EQIX,2022-11-02,0.65485,0.005273,0.280711,0.007463
EQIX,2021-02-10,0.580056,0.005703,0.232883,0.007689
EQIX,2021-11-03,0.532411,0.004707,0.265513,0.006732
EQIX,2023-02-15,0.646051,0.007615,0.342481,0.004861
EQIX,2018-11-01,0.64334,0.005806,0.210724,0.010808
EQIX,2023-10-25,0.658052,0.00509,0.303881,0.007611
EQIX,2022-02-16,0.659937,0.008608,0.274507,0.009771
EQIX,2019-05-01,0.589435,0.006046,0.21672,0.009689
EQIX,2024-02-14,0.593157,0.006751,0.233036,0.009751
EQIX,2020-07-29,0.684591,0.007318,0.27862,0.00783
EQIX,2023-08-02,0.444962,0.00801,0.179806,0.009663
EQIX,2019-07-31,0.596188,0.004456,0.323128,0.00744
LYB,2021-11-30,0.586274,0.005034,0.268401,0.006182
TDG,2022-05-10,0.403287,0.012449,0.158815,0.013379
TDG,2020-02-04,0.184876,0.013649,0.112693,0.011601
TDG,2022-08-09,0.157267,0.008104,0.204758,0.014152
TDG,2021-08-10,0.485501,0.013514,0.146181,0.009164
TDG,2020-11-12,-0.032303,0.016706,0.096273,0.01504
TDG,2022-02-08,0.205453,0.01132,0.129697,0.011605
TDG,2020-08-04,-0.109942,0.014874,0.118439,0.012959
TDG,2019-08-06,0.333199,0.012346,0.072121,0.012195
TDG,2021-11-16,0.335391,0.014988,0.117398,0.01038
TDG,2019-05-07,0.383481,0.011772,0.078225,0.011445
TDG,2021-02-09,0.097549,0.012765,0.098075,0.010876
TDG,2020-05-05,-0.078644,0.011898,0.007866,0.013634
TDG,2019-11-19,0.320607,0.013894,0.088653,0.010291
TDG,2019-02-05,0.384645,0.008709,0.130931,0.0158
TDG,2018-11-06,0.341373,0.015688,0.125421,0.010744
TDG,2021-05-11,0.130289,0.014503,0.10219,0.010532
TDG,2018-08-07,0.298247,0.009711,0.072798,0.012957
NFLX,2020-04-21,0.00962,0.013158,0.157047,0.007298
NFLX,2018-07-16,0.016279,0.013699,0.191631,0.005432
NFLX,2018-01-22,0.013144,0.012195,0.173661,0.007818
NFLX,2018-04-16,0.021431,0.0125,0.144571,0.008931
NFLX,2018-10-16,0.010137,0.013514,0.126556,0.011442
NFLX,2019-07-17,0.015974,0.013158,0.194929,0.00638
NFLX,2020-01-21,0.001206,0.012987,0.211253,0.007996
CNTY,2022-05-06,0.440267,0.007996,0.161667,0.00988
CNTY,2020-05-20,0.213596,0.012684,0.126369,0.008748
CNTY,2020-03-13,0.328094,0.005118,0.101651,0.008725
CNTY,2022-08-05,0.038152,0.008083,0.09391,0.007605
CNTY,2019-03-11,0.057788,0.008065,0.198455,0.006711
CNTY,2021-08-06,0.582322,0.008668,0.138281,0.008425
CNTY,2019-05-09,0.38957,0.007831,0.248455,0.012146
CNTY,2022-03-08,0.598585,0.006523,0.185347,0.008306
CNTY,2021-03-12,0.216749,0.010315,0.226903,0.011438
CNTY,2020-11-06,0.222469,0.009626,0.182678,0.012585
CNTY,2019-08-08,0.528968,0.00791,0.089677,0.007949
CNTY,2019-11-04,0.434128,0.008433,0.144501,0.014187
CNTY,2021-05-07,0.521039,0.013514,0.249365,0.006897
CNTY,2021-11-05,0.567662,0.005901,0.097543,0.010849
CWST,2019-11-01,0.410648,0.007255,0.12443,0.010646
CWST,2020-05-10,0.259377,0.010446,0.007957,0.008316
CWST,2020-08-04,0.366411,0.009737,0.124019,0.008833
CWST,2021-07-30,0.559349,0.007508,0.164278,0.010307
CWST,2020-10-30,0.220881,0.007494,0.156632,0.011767
CWST,2019-02-22,0.353292,0.007087,0.204183,0.008757
CWST,2020-02-21,0.354891,0.008063,0.125664,0.009226
CWST,2021-02-19,0.183465,0.008655,0.125154,0.010328
CWST,2021-04-30,0.376951,0.007156,0.135321,0.011236
CWST,2019-05-01,0.369124,0.007568,0.14754,0.011127
CWST,2021-10-29,0.512169,0.006969,0.140849,0.009752
CWST,2019-08-02,0.502547,0.006889,0.182555,0.008485
PNR,2021-10-26,0.518673,0.010674,0.179176,0.011856
PNR,2020-01-28,0.36326,0.010999,0.176563,0.009967
PNR,2021-04-22,0.504978,0.009644,0.237179,0.008217
PNR,2018-10-23,0.410641,0.012201,0.151224,0.009239
PNR,2019-07-23,0.114183,0.015152,0.162204,0.005952
PNR,2020-04-30,-0.056683,0.013368,0.007727,0.007029
PNR,2019-01-29,0.53,0.013573,0.148333,0.011741
PNR,2020-07-23,0.193129,0.01425,0.216968,0.008506
PNR,2021-07-27,0.461646,0.01354,0.26211,0.009591
PNR,2019-04-17,-0.006013,0.014678,0.043429,0.008853
PNR,2021-01-28,0.368684,0.009445,0.216068,0.010664
PNR,2020-10-20,0.373949,0.008959,0.204458,0.00908
PNR,2019-10-23,0.250574,0.01901,0.154595,0.010349
KEY,2019-04-18,0.337512,0.004975,0.17401,0.012308
KEY,2019-01-17,0.453599,0.007627,0.142133,0.008922
KEY,2020-04-16,0.068076,0.006538,0.123203,0.013072
KEY,2019-10-17,0.177489,0.006837,0.186849,0.010901
KEY,2020-01-23,0.212201,0.007472,0.198352,0.00775
KEY,2022-04-21,0.19046,0.007004,0.160981,0.007449
KEY,2021-01-21,0.40318,0.004929,0.192522,0.009678
KEY,2019-07-23,0.565164,0.004831,0.103685,0.009892
KEY,2018-10-18,0.372109,0.004673,0.167042,0.008491
KEY,2021-10-21,0.274811,0.003668,0.174938,0.009228
KEY,2022-01-20,0.434191,0.003592,0.150017,0.009142
KEY,2021-04-20,0.30503,0.002825,0.225021,0.006402
KEY,2020-07-22,0.366599,0.00429,0.152401,0.011478
KEY,2020-10-21,0.269203,0.00521,0.154115,0.009807
KEY,2021-07-20,0.460744,0.002643,0.087662,0.010051
ACN,2021-12-16,0.431473,0.006746,0.158528,0.007417
ACN,2018-03-22,0.421015,0.007421,0.144511,0.007857
ACN,2019-09-26,0.497507,0.005207,0.24952,0.005836
ACN,2020-03-19,0.499248,0.00613,0.114908,0.009638
ACN,2021-06-24,0.511436,0.007984,0.33354,0.005396
ACN,2020-09-24,0.305473,0.007756,0.166998,0.006022
ACN,2018-06-28,0.513682,0.007027,0.217385,0.005161
ACN,2019-12-19,0.448728,0.005112,0.209081,0.005732
ACN,2020-12-17,0.438037,0.007903,0.336107,0.003968
ACN,2021-09-23,0.518756,0.00625,0.232801,0.006249
ACN,2021-03-18,0.521199,0.00754,0.278328,0.005547
ACN,2018-12-20,0.560928,0.005709,0.200081,0.010611
ACN,2019-06-27,0.51509,0.007098,0.211097,0.007226
ACN,2018-09-27,0.574674,0.00622,0.174293,0.011153
ACN,2019-03-28,0.527294,0.00548,0.218513,0.008156
ACN,2020-06-25,0.301654,0.009109,0.175025,0.005513
CROX,2021-07-22,0.622544,0.006086,0.282086,0.008719
CROX,2019-08-01,0.39841,0.014194,0.229124,0.005462
CROX,2022-08-04,0.441568,0.012019,0.304956,0.006807
CROX,2020-07-30,0.161632,0.008475,0.204052,0.008621
CROX,2019-10-30,0.513622,0.012158,0.299469,0.005588
CROX,2022-11-03,0.510172,0.008723,0.288397,0.007084
CROX,2024-08-01,0.450166,0.005596,0.279899,0.009511
CROX,2023-02-16,0.47933,0.010856,0.284141,0.00837
CROX,2021-10-21,0.594847,0.009302,0.247729,0.009096
CROX,2019-05-07,0.439057,0.009316,0.238876,0.004812
CROX,2020-10-27,0.53534,0.006027,0.297109,0.006068
CROX,2020-05-05,0.050982,0.008934,0.040734,0.008075
CROX,2023-04-27,0.651869,0.011621,0.367733,0.00578
CROX,2022-02-16,0.578962,0.011971,0.196646,0.008386
CROX,2018-05-08,0.263693,0.010864,0.222464,0.005611
CROX,2021-02-23,0.556634,0.011536,0.295093,0.006784
CROX,2019-02-28,0.443575,0.010681,0.223583,0.007833
CROX,2023-07-27,0.555734,0.007902,0.227588,0.007822
CROX,2024-02-15,0.416895,0.007169,0.291927,0.006868
CROX,2024-05-07,0.506497,0.006177,0.176049,0.009867
CROX,2021-04-27,0.700719,0.006587,0.380108,0.007221
CROX,2022-05-05,0.461896,0.007192,0.366355,0.00871
CROX,2023-11-02,-0.156654,0.012569,0.156746,0.009932
CROX,2020-02-27,0.541874,0.009513,0.092438,0.007561
ANDE,2021-02-17,0.170981,0.007791,0.152729,0.010587
ANDE,2021-05-05,0.267436,0.007209,0.25163,0.008595
ANDE,2020-02-13,0.051183,0.007542,0.119449,0.003574
ANDE,2020-05-06,-0.036672,0.009125,0.041037,0.005128
ANDE,2020-11-04,0.195459,0.007937,0.25949,0.009457
ANDE,2019-08-07,0.159204,0.009419,0.095903,0.007478
ANDE,2020-08-05,-0.041427,0.010296,0.174821,0.011121
ANDE,2019-11-06,-0.106184,0.00468,0.153918,0.013328
ANDE,2019-05-07,0.079964,0.009143,0.078834,0.010157
ANDE,2021-11-03,0.269485,0.007781,0.289287,0.01123
ANDE,2019-02-14,0.32118,0.011561,0.226624,0.00841
ANDE,2021-08-04,0.496665,0.009156,0.251398,0.012668
ALHC,2021-08-09,0.537295,0.008125,0.167531,0.008645
ALHC,2021-11-04,0.512044,0.010961,0.074062,0.009613
CINF,2023-07-28,0.40829,0.006394,0.173309,0.009991
CINF,2023-02-07,0.532983,0.009901,0.18302,0.01184
CINF,2019-02-07,0.36327,0.006963,0.212923,0.008445
CINF,2021-04-29,0.380941,0.00765,0.201704,0.011754
CINF,2021-02-11,0.425326,0.009415,0.178979,0.008701
CINF,2023-04-28,0.327197,0.008157,0.156207,0.011752
CINF,2019-04-25,0.3349,0.007366,0.0958,0.015157
CINF,2024-02-07,0.395175,0.00765,0.214882,0.008163
CINF,2023-10-27,0.320232,0.007499,0.226839,0.00953
CINF,2021-07-29,0.300164,0.005086,0.280508,0.016416
CINF,2020-10-27,0.334383,0.006979,0.135867,0.011083
CINF,2024-07-26,0.347831,0.006138,0.15669,0.011981
CINF,2022-07-28,0.118843,0.005273,0.107426,0.009263
CINF,2019-10-25,0.368095,0.009827,0.152066,0.01049
CINF,2022-11-01,0.220688,0.009643,0.203618,0.011017
CINF,2020-04-28,-0.002906,0.008304,0.105445,0.0114
CINF,2022-02-16,0.555259,0.007759,0.216525,0.008584
CINF,2022-04-29,0.361478,0.007117,0.074841,0.009333
CINF,2021-10-28,0.265564,0.005831,0.179362,0.008802
CINF,2020-02-06,0.51575,0.011058,0.162582,0.012814
CINF,2020-07-28,0.337824,0.004604,0.095665,0.009868
CINF,2019-07-31,0.444226,0.006318,0.146831,0.008219
CINF,2018-10-26,0.385701,0.007104,0.156112,0.011739
CINF,2024-04-26,0.432494,0.008974,0.187381,0.010262
COO,2022-03-03,0.497358,0.011561,0.167096,0.009356
COO,2020-09-03,0.113237,0.008754,0.144228,0.008942
COO,2021-06-03,0.645832,0.008252,0.25484,0.008392
COO,2020-03-05,0.354011,0.010709,0.074554,0.011173
COO,2018-05-07,0.540556,0.011138,0.138883,0.008341
COO,2020-12-03,0.307256,0.009461,0.083619,0.010329
COO,2018-12-06,0.25657,0.011283,0.191794,0.011013
COO,2021-03-04,0.599335,0.006225,0.235312,0.00908
COO,2021-09-02,0.677281,0.006922,0.165391,0.008855
COO,2019-08-29,0.476575,0.011373,0.214692,0.009327
COO,2019-05-30,0.412358,0.007822,0.26722,0.010719
COO,2022-06-02,0.377231,0.008866,0.160654,0.008282
COO,2019-12-05,0.434657,0.009663,0.187618,0.007043
COO,2018-08-30,0.489398,0.007682,0.243267,0.007543
COO,2020-06-04,-0.032945,0.011058,0.061371,0.012069
COO,2021-12-02,0.506611,0.010618,0.134803,0.008399
COO,2019-03-05,0.561096,0.010301,0.163294,0.011753
COO,2022-08-31,0.452055,0.010642,0.195711,0.00858
AEP,2021-07-22,0.237981,0.004456,0.182344,0.006875
AEP,2018-10-25,0.336764,0.002638,0.171919,0.010486
AEP,2019-07-24,0.08101,0.005197,0.142755,0.010492
AEP,2020-10-22,0.020284,0.005438,0.10828,0.011591
AEP,2020-05-06,0.062336,0.008119,0.052326,0.011204
AEP,2021-04-22,0.023004,0.004937,0.165317,0.009057
AEP,2019-04-25,0.16314,0.002467,0.133393,0.007196
AEP,2020-02-20,0.250368,0.004982,0.168044,0.009057
AEP,2019-10-24,0.216104,0.003103,0.203934,0.007248
AEP,2021-02-25,0.239468,0.004568,0.176429,0.009731
AEP,2020-08-06,0.214854,0.006537,0.188946,0.007647
AEP,2019-01-24,0.122259,0.005521,0.133835,0.008776
AEP,2017-10-26,0.167652,0.004186,0.107933,0.012086
AEP,2021-10-28,0.251083,0.00462,0.173904,0.009434
CENX,2019-08-01,-0.028219,0.00578,0.089006,0.010559
CENX,2021-05-05,0.358001,0.004531,0.058429,0.007039
CENX,2020-04-30,-0.277311,0.007226,0.08376,0.011167
CENX,2019-11-05,-0.242765,0.005798,-0.00012,0.008873
CENX,2021-11-03,0.356033,0.006522,0.027356,0.008647
CENX,2020-02-20,0.153342,0.008625,0.046184,0.011952
CENX,2021-02-18,0.172251,0.009821,0.083419,0.006105
CENX,2021-08-04,0.455934,0.006344,0.220088,0.005887
CHRW,2021-10-26,0.572162,0.007179,0.211487,0.011409
CHRW,2021-01-27,0.376602,0.008367,0.433981,0.00493
CHRW,2019-10-30,-0.078459,0.008021,0.09589,0.004945
CHRW,2020-01-29,-0.233885,0.009549,-0.022649,0.006821
CHRW,2020-10-28,-0.023119,0.007724,0.182919,0.008986
CHRW,2020-04-29,-0.008132,0.007578,0.086642,0.007697
CHRW,2021-07-27,0.505386,0.005597,0.137982,0.011839
CHRW,2018-10-31,0.460223,0.006892,0.177425,0.007238
CHRW,2019-05-01,0.424375,0.004297,0.153504,0.006998
CHRW,2020-07-29,-0.086404,0.010351,0.237743,0.006889
CHRW,2021-04-27,0.416637,0.004882,0.139984,0.009732
CHRW,2019-07-31,0.121405,0.006931,0.065578,0.004911
COF,2021-07-22,0.151503,0.004564,0.165251,0.006162
COF,2021-10-26,0.264897,0.00562,0.199324,0.006909
COF,2024-07-23,0.226724,0.005308,0.121985,0.008413
COF,2024-04-25,0.004227,0.00688,0.159041,0.010552
COF,2022-07-21,0.388027,0.005302,0.099022,0.009867
COF,2022-04-26,0.221153,0.003487,0.126671,0.010687
COF,2022-01-25,0.267416,0.004146,0.158206,0.008179
COF,2021-01-26,0.108486,0.007828,0.207049,0.010392
COF,2020-10-22,0.137782,0.008547,0.010054,0.011071
COF,2023-10-26,0.24807,0.007519,0.099115,0.009502
COF,2020-07-21,-0.004266,0.008857,0.042475,0.009373
COF,2019-07-18,0.36456,0.005181,0.216683,0.007502
COF,2018-10-23,0.171729,0.007204,0.076521,0.010727
COF,2019-04-25,0.395715,0.005139,0.126844,0.007792
COF,2018-01-23,0.08313,0.005641,0.066572,0.010832
COF,2023-07-20,-0.082478,0.006138,0.019808,0.009576
COF,2019-10-24,0.209171,0.005944,0.197756,0.005967
COF,2023-01-24,0.368541,0.005514,0.106178,0.01069
COF,2023-04-27,0.182778,0.007222,0.000439,0.013267
COF,2020-04-23,0.156766,0.010819,0.006268,0.011521
COF,2022-10-27,0.429148,0.006862,0.075815,0.010638
COF,2019-01-22,0.254307,0.006342,0.097786,0.008278
COF,2024-01-25,0.08549,0.008557,0.113363,0.007629
COF,2021-04-27,0.183103,0.007515,0.158879,0.009151
COF,2020-01-21,0.346151,0.006147,0.111875,0.00844
LYV,2019-05-02,0.488548,0.005645,0.22011,0.006464
LYV,2019-07-25,0.526102,0.005142,0.21548,0.005956
LYV,2019-10-31,0.521227,0.005697,0.158645,0.007301
LYV,2020-08-05,-0.067209,0.011457,0.133224,0.009251
LYV,2020-11-05,0.010224,0.00861,0.153043,0.010384
LYV,2020-05-07,-0.009129,0.013614,0.112578,0.009716
LYV,2021-02-25,0.204385,0.012129,0.171304,0.008321
LYV,2021-08-03,0.640692,0.006438,0.16559,0.007157
LYV,2018-11-01,0.612401,0.009423,0.225042,0.00575
LYV,2021-11-04,0.544499,0.006734,0.224807,0.006068
LYV,2019-02-28,0.571254,0.005321,0.194612,0.00962
LYV,2021-05-06,0.41439,0.00587,0.176191,0.006448
LYV,2020-02-27,0.514114,0.005487,0.081926,0.01015
VMC,2019-05-02,0.29289,0.005464,0.231548,0.005526
VMC,2021-05-04,0.541533,0.00544,0.167345,0.008468
VMC,2021-02-16,0.347433,0.00954,0.205869,0.008996
VMC,2019-07-25,0.472212,0.005025,0.235279,0.005025
VMC,2020-05-06,0.293609,0.009157,0.145106,0.008603
VMC,2020-08-04,0.35812,0.008109,0.158199,0.00843
VMC,2020-02-18,0.414788,0.007407,0.17711,0.008234
VMC,2019-11-06,0.511089,0.003769,0.207598,0.006593
VMC,2020-11-05,0.238941,0.009115,0.171571,0.008991
VMC,2019-02-14,0.439171,0.007673,0.311917,0.008818
VMC,2021-11-04,0.483216,0.003534,0.263422,0.007054
VMC,2021-08-04,0.423519,0.004184,0.331426,0.007697
VMC,2018-10-30,0.400843,0.007082,0.277928,0.005521
ALGN,2022-02-02,0.362258,0.008046,0.176357,0.00854
ALGN,2019-07-24,0.418875,0.00911,0.167208,0.005847
ALGN,2021-04-28,0.434683,0.007134,0.165558,0.008129
ALGN,2022-04-27,0.103055,0.007665,0.103771,0.008314
ALGN,2024-04-24,0.320808,0.010218,0.224168,0.010496
ALGN,2018-10-24,0.261538,0.007117,0.108533,0.007753
ALGN,2021-10-27,0.334458,0.007306,0.120168,0.010442
ALGN,2024-01-31,0.156479,0.010811,0.223597,0.012984
ALGN,2021-07-28,0.480943,0.006958,0.165583,0.006853
ALGN,2022-07-27,0.092292,0.008776,0.134565,0.007908
ALGN,2019-04-24,0.316417,0.009189,0.183025,0.010232
ALGN,2023-02-01,-0.145453,0.010531,0.157783,0.010822
ALGN,2024-07-24,0.101785,0.011179,0.156078,0.010232
ALGN,2020-01-29,0.365641,0.013993,0.080332,0.007942
ALGN,2020-04-29,0.087627,0.008012,0.125858,0.007262
ALGN,2019-01-29,0.381995,0.009218,0.169559,0.006661
ALGN,2018-07-25,0.501078,0.007353,0.248049,0.009073
ALGN,2020-07-22,0.00615,0.007026,0.189313,0.00845
ALGN,2023-10-25,-0.123226,0.009868,0.067877,0.00837
ALGN,2020-10-21,0.538572,0.007094,0.208905,0.006992
ALGN,2023-07-26,0.438989,0.008758,0.214371,0.008395
ALGN,2021-02-03,0.420782,0.007005,0.201681,0.006161
ALGN,2022-10-26,-0.007882,0.009578,0.10081,0.007568
ALGN,2019-10-23,0.439213,0.00781,0.184077,0.006283
HSY,2021-04-29,0.029866,0.03537,0.21118,0.010692
HSY,2021-07-29,0.032526,0.035256,0.074335,0.009845
HSY,2020-11-06,-0.021413,0.034375,0.249744,0.010335
HSY,2020-07-23,0.027993,0.035484,0.19165,0.011683
HSY,2021-02-04,0.026831,0.033537,0.16047,0.011573
HSY,2021-10-28,0.016452,0.033133,0.210362,0.010142
FIVN,2021-04-29,0.557008,0.007474,0.231925,0.00488
FIVN,2020-08-03,0.454357,0.007939,0.197095,0.008462
FIVN,2020-10-29,0.427024,0.008798,0.199398,0.006797
FIVN,2020-02-19,0.462009,0.009737,0.15212,0.004729
FIVN,2019-11-05,0.335627,0.009644,0.180846,0.00684
FIVN,2020-05-04,0.321877,0.009983,0.19159,0.008722
FIVN,2019-02-19,0.445161,0.007106,0.256761,0.007073
FIVN,2021-02-23,0.480488,0.008446,0.200007,0.003589
FIVN,2019-05-01,0.423345,0.009471,0.208972,0.005528
FIVN,2021-11-08,0.506822,0.006275,0.20293,0.008442
FIVN,2019-07-31,0.39262,0.009137,0.272881,0.005421
FFIC,2019-07-24,0.323636,0.009573,0.087766,0.013743
FFIC,2019-02-01,0.394714,0.009615,0.192894,0.013249
FFIC,2019-10-30,0.426668,0.009504,0.024234,0.016921
FFIC,2020-04-29,0.439291,0.009094,0.034066,0.009317
FFIC,2020-01-31,0.530632,0.009663,0.055112,0.010753
FFIC,2019-05-01,0.460245,0.007963,0.107486,0.011736
ETSY,2019-08-01,0.477867,0.007972,0.217863,0.006899
ETSY,2021-05-05,0.482547,0.007753,0.19525,0.005552
ETSY,2019-10-30,0.482945,0.008836,0.161904,0.008998
ETSY,2019-05-08,0.45618,0.008857,0.235827,0.007214
ETSY,2020-08-05,0.530332,0.009467,0.174133,0.007193
ETSY,2020-10-28,0.336674,0.005,0.197957,0.008525
ETSY,2020-05-07,0.389555,0.010769,0.141162,0.008205
ETSY,2021-11-03,0.536251,0.007866,0.168124,0.005724
ETSY,2021-02-25,0.577827,0.00898,0.172508,0.005356
ETSY,2020-02-26,0.491229,0.009168,0.201202,0.00736
ETSY,2018-08-06,0.49032,0.00912,0.250841,0.005021
ETSY,2018-05-08,0.472693,0.009886,0.348352,0.007774
ETSY,2019-02-25,0.467782,0.014706,0.211667,0.006963
ETSY,2018-11-06,0.409377,0.006266,0.214377,0.00599
ETSY,2021-08-04,0.520513,0.007924,0.157747,0.006065
T,2021-07-22,0.461784,0.008077,0.228748,0.007283
T,2021-01-27,0.322703,0.004506,0.212354,0.006116
T,2019-07-24,0.361332,0.003901,0.20478,0.00548
T,2022-07-21,0.449167,0.005617,0.176287,0.006104
T,2024-04-24,0.390028,0.005857,0.168999,0.010069
T,2018-10-24,0.458004,0.00299,0.324429,0.006138
T,2020-10-22,0.384967,0.004213,0.245567,0.006599
T,2022-04-21,0.457222,0.004682,0.201324,0.008343
T,2021-04-22,0.553954,0.005851,0.254798,0.00997
T,2019-04-24,0.451051,0.003807,0.302916,0.006941
T,2024-07-24,0.393251,0.008197,0.234997,0.006386
T,2019-01-30,0.428196,0.00358,0.276864,0.005004
T,2021-10-21,0.493573,0.007414,0.262333,0.006388
T,2020-01-29,0.551007,0.004413,0.315447,0.008043
T,2023-01-25,0.574977,0.009425,0.204704,0.008749
T,2022-10-20,0.684315,0.004076,0.250866,0.007162
T,2018-04-25,0.261507,0.005466,0.219881,0.011129
T,2024-01-24,0.377438,0.003393,0.266034,0.009451
T,2023-07-26,0.51667,0.007215,0.187032,0.008156
T,2022-01-26,0.528542,0.00595,0.205325,0.007816
T,2023-10-19,0.575126,0.003774,0.174278,0.006601
T,2018-01-31,0.385651,0.005716,0.209024,0.006347
T,2020-04-22,0.159956,0.006605,0.031408,0.008124
HPQ,2019-05-23,0.364806,0.005618,0.190219,0.013193
HPQ,2019-02-27,0.402656,0.007209,0.138175,0.012542
HPQ,2020-02-24,0.334557,0.007092,0.180023,0.007977
HPQ,2021-08-26,0.420851,0.003797,0.240035,0.004781
HPQ,2018-11-29,0.381106,0.004199,0.200415,0.008354
HPQ,2020-11-24,0.371289,0.005036,0.18548,0.0068
HPQ,2020-05-27,0.12075,0.006828,0.133897,0.008257
HPQ,2019-11-26,0.40785,0.004837,0.171324,0.007082
HPQ,2018-08-23,0.489803,0.003633,0.3019,0.008059
HPQ,2021-02-25,0.482595,0.00548,0.288315,0.00735
HPQ,2020-08-27,0.181508,0.006829,0.098877,0.00983
HPQ,2021-05-27,0.561877,0.003642,0.228993,0.006686
HPQ,2018-05-29,0.553502,0.00344,0.172096,0.007928
HPQ,2019-08-22,0.411557,0.004482,0.121662,0.008006
HPQ,2017-11-21,0.455286,0.005596,0.135928,0.005862
ALNT,2019-11-01,0.418238,0.008026,0.218222,0.006341
ALNT,2020-03-12,0.440211,0.009052,0.259512,0.010753
ALNT,2019-05-02,0.348631,0.011278,0.198943,0.007697
ALNT,2020-11-06,0.308247,0.012452,0.099434,0.007474
ALNT,2019-03-14,0.410042,0.009893,0.268353,0.005915
ALNT,2020-08-06,0.219764,0.011083,0.23405,0.006542
ALNT,2020-05-08,0.34107,0.011851,0.243841,0.006758
ALNT,2019-08-02,0.48351,0.010405,0.23333,0.008012
EXPO,2021-04-29,0.231157,0.011571,0.210154,0.008113
EXPO,2020-10-29,-0.223733,0.013573,0.076295,0.009585
EXPO,2019-01-31,0.290131,0.009761,0.088806,0.006514
EXPO,2018-10-18,0.326701,0.012316,0.320425,0.012536
EXPO,2021-07-29,0.403061,0.013408,0.173342,0.008394
EXPO,2018-07-19,0.159834,0.012981,0.212233,0.008422
EXPO,2021-10-28,0.391775,0.009511,0.251102,0.007521
ORCL,2018-03-19,0.480847,0.01123,0.130516,0.005984
ORCL,2023-12-11,0.399042,0.008704,0.113685,0.003303
ORCL,2021-06-15,0.461017,0.010753,0.236887,0.008539
ORCL,2020-03-12,0.242412,0.007833,0.07583,0.007379
ORCL,2022-09-12,0.374796,0.006805,0.174352,0.003079
ORCL,2023-06-12,0.526672,0.00656,0.154421,0.005678
ORCL,2020-06-16,0.278629,0.008588,0.158423,0.006106
ORCL,2024-03-11,0.301577,0.008678,0.156031,0.004768
ORCL,2021-03-10,0.15092,0.007028,0.181871,0.001489
ORCL,2019-06-19,0.229853,0.009356,0.105523,0.006389
ORCL,2022-12-12,0.269136,0.004008,0.183953,0.003192
ORCL,2023-09-11,0.43774,0.008361,0.180167,0.004105
ORCL,2019-03-14,0.393915,0.008061,0.168345,0.005309
ORCL,2018-09-17,0.36173,0.009186,0.200601,0.005618
ORCL,2021-12-09,0.217657,0.007143,0.158967,0.004717
ORCL,2019-09-12,0.215323,0.009504,0.095156,0.004435
ORCL,2022-03-10,0.290435,0.005387,0.218164,0.002581
ORCL,2020-09-10,0.3354,0.009267,0.129865,0.00522
ORCL,2022-06-13,0.389607,0.006033,0.171542,0.002101
ORCL,2024-06-11,0.336579,0.008562,0.103002,0.007256
ORCL,2020-12-10,0.293294,0.009326,0.19986,0.005191
ORCL,2023-03-09,0.442676,0.005452,0.123072,0.002598
ORCL,2019-12-12,0.176468,0.006152,0.1439,0.005562
ORCL,2021-09-13,0.285389,0.008479,0.148445,0.006664
ORCL,2018-06-19,0.341443,0.010209,0.061096,0.006397
CBRE,2020-07-31,0.031418,0.006234,0.120876,0.010831
CBRE,2019-08-01,0.502784,0.008216,0.288925,0.009424
CBRE,2021-04-29,0.329821,0.008076,0.130521,0.009402
CBRE,2019-05-08,0.429154,0.007433,0.137925,0.007465
CBRE,2019-11-06,0.323484,0.009276,0.190815,0.007605
CBRE,2021-07-29,0.462299,0.007402,0.067641,0.008948
CBRE,2020-05-08,0.004529,0.008624,0.067232,0.01261
CBRE,2018-11-01,0.399754,0.00939,0.208354,0.008268
CBRE,2021-02-23,0.412098,0.006936,0.194824,0.007346
CBRE,2019-02-13,0.568789,0.00554,0.244743,0.006324
CBRE,2021-10-28,0.603373,0.009732,0.12398,0.007784
CBRE,2020-02-27,0.375202,0.011974,0.153729,0.010664
BLFS,2021-05-13,0.339504,0.011566,0.193553,0.008929
BLFS,2021-11-11,0.317455,0.009778,0.09728,0.0087
BLFS,2019-05-09,0.404962,0.013221,0.213543,0.007837
BLFS,2020-11-05,0.208974,0.008497,0.137862,0.0079
BLFS,2019-03-14,0.408509,0.013142,0.242812,0.014538
BLFS,2020-08-06,0.308498,0.010379,0.297327,0.009305
BLFS,2019-08-08,0.305388,0.010059,0.187823,0.010949
BLFS,2019-11-12,0.214624,0.008604,0.129886,0.013883
BLFS,2021-03-22,0.365836,0.00932,0.154142,0.013584
BLFS,2020-03-11,0.127277,0.009752,0.092012,0.011546
BLFS,2020-05-14,0.325921,0.009636,0.144931,0.013122
BLFS,2021-08-12,0.360468,0.008418,0.25247,0.008936
CHTR,2020-07-31,0.224112,0.007257,0.157729,0.009075
CHTR,2018-04-27,0.242544,0.006135,0.144995,0.006113
CHTR,2020-05-01,0.26343,0.008485,0.081539,0.008531
CHTR,2019-01-31,0.137719,0.006893,0.110077,0.005719
CHTR,2019-04-30,0.248692,0.006057,0.124134,0.006516
CHTR,2021-07-30,0.435079,0.004237,0.168998,0.006399
CHTR,2020-10-30,0.356018,0.005682,0.213256,0.005575
CHTR,2020-01-31,0.272092,0.005982,0.112258,0.004692
CHTR,2019-10-25,0.259723,0.006308,0.217395,0.004463
CHTR,2019-07-26,0.323512,0.006711,0.156604,0.003237
CHTR,2021-04-30,0.286391,0.006131,0.153077,0.009103
CHTR,2021-01-29,0.330543,0.008966,0.124899,0.007243
CHTR,2021-10-29,0.272141,0.00599,0.130513,0.006657
CHTR,2018-10-26,0.199204,0.004164,0.081539,0.005818
BCPC,2020-07-31,0.359406,0.006594,0.181404,0.009757
BCPC,2019-08-01,0.3393,0.007943,0.185668,0.01083
BCPC,2019-05-03,-0.050574,0.006031,0.230533,0.006194
BCPC,2022-02-18,0.595904,0.005185,0.305495,0.008212
BCPC,2020-05-01,0.316682,0.008364,0.096928,0.009931
BCPC,2020-10-28,0.314495,0.009673,0.170523,0.011485
BCPC,2019-11-05,0.357963,0.008086,0.172531,0.00997
BCPC,2022-07-29,0.548783,0.007479,0.197108,0.010726
BCPC,2021-07-30,0.086794,0.00653,0.185177,0.008924
BCPC,2020-02-21,0.398792,0.005919,0.178239,0.015822
BCPC,2022-04-29,0.480823,0.005814,0.288081,0.01196
BCPC,2021-02-19,0.464793,0.006037,0.125847,0.009415
BCPC,2021-04-30,0.436365,0.003367,0.358872,0.00949
BCPC,2018-11-06,0.34841,0.003988,0.242575,0.009598
BCPC,2021-10-29,0.38017,0.005554,0.226315,0.010421
DUK,2018-05-10,0.451136,0.005965,0.144598,0.009225
DUK,2020-02-13,0.790425,0.002273,0.213949,0.010484
DUK,2021-02-11,0.630982,0.004661,0.193447,0.009754
DUK,2018-11-02,0.453245,0.004828,0.202655,0.009098
DUK,2019-05-09,0.337407,0.005338,0.129612,0.009365
DUK,2019-08-06,0.444899,0.006658,0.176719,0.010273
DUK,2020-11-05,0.532502,0.005742,0.224596,0.009802
DUK,2020-05-12,0.323485,0.008806,0.202891,0.010031
DUK,2020-08-10,0.354027,0.005891,0.16779,0.008405
DUK,2019-11-08,0.480561,0.005297,0.237321,0.008324
DUK,2019-02-14,0.623326,0.002543,0.161534,0.010259
DUK,2021-08-05,0.514113,0.005335,0.171419,0.011317
DUK,2018-02-20,0.654439,0.003517,0.195034,0.011057
DUK,2021-05-10,0.467465,0.004318,0.229678,0.009739
DUK,2021-11-04,0.576891,0.004125,0.175402,0.009524
TAP,2020-02-12,0.329708,0.003622,0.304323,0.009095
TAP,2021-04-29,0.179327,0.005036,0.285623,0.007937
TAP,2020-07-30,0.229651,0.005618,0.198573,0.010991
TAP,2021-02-11,0.301245,0.007526,0.251117,0.010085
TAP,2020-10-29,0.258709,0.006583,0.195461,0.008868
TAP,2019-10-30,0.188391,0.004275,0.153528,0.005708
TAP,2020-04-30,-0.09676,0.005721,0.208,0.00831
TAP,2021-07-29,0.479281,0.007668,0.223786,0.008245
TAP,2018-10-31,0.511937,0.00411,0.191274,0.007468
TAP,2019-05-01,0.359124,0.002187,0.256544,0.007551
TAP,2021-10-28,0.403549,0.00669,0.325127,0.007631
TAP,2019-02-12,0.386559,0.003548,0.176165,0.007373
TAP,2019-07-31,0.362084,0.002149,0.252636,0.005329
NUE,2021-07-22,0.606951,0.007949,0.261222,0.006853
NUE,2019-04-23,0.455646,0.008594,0.04283,0.008852
NUE,2020-10-22,0.464362,0.009531,0.252601,0.00848
NUE,2020-01-28,0.414997,0.009705,0.240998,0.009578
NUE,2019-07-18,0.233991,0.011292,0.002178,0.007394
NUE,2021-04-22,0.510184,0.008647,0.229947,0.007846
NUE,2018-10-18,0.469647,0.010055,0.150434,0.008621
NUE,2021-10-21,0.372967,0.009097,0.190569,0.010176
NUE,2019-01-29,0.493188,0.010833,0.151331,0.006577
NUE,2018-04-19,0.5785,0.005684,0.198788,0.01056
NUE,2020-07-23,0.541357,0.005976,0.166068,0.011413
NUE,2020-04-28,0.460723,0.007918,0.175405,0.011272
NUE,2019-10-22,0.338662,0.010739,0.14991,0.008091
NUE,2018-07-19,0.439842,0.007334,0.230742,0.008043
NUE,2021-01-28,0.332972,0.007789,0.158299,0.010643
FFIV,2022-04-26,0.123907,0.008416,0.068024,0.005364
MCK,2022-02-02,0.502691,0.01068,0.285421,0.007706
MCK,2018-10-25,0.262417,0.008616,0.265257,0.011751
MCK,2023-11-01,0.303382,0.011641,0.217142,0.005015
MCK,2020-05-20,0.37209,0.011391,0.129174,0.009163
MCK,2020-02-04,0.467125,0.009001,0.234657,0.009589
MCK,2020-11-03,0.428855,0.008227,0.241264,0.008974
MCK,2024-08-07,0.559491,0.01043,0.174063,0.007346
MCK,2020-08-03,0.150016,0.012428,0.13812,0.013629
MCK,2021-11-01,0.518705,0.007909,0.176453,0.007166
MCK,2019-01-31,0.233605,0.009572,0.287194,0.009967
MCK,2019-10-30,0.441997,0.00642,0.263863,0.007683
MCK,2023-02-01,0.490692,0.009211,0.326405,0.011876
MCK,2019-05-08,0.35433,0.008694,0.265306,0.008987
MCK,2024-02-07,0.415367,0.010716,0.269974,0.007186
MCK,2023-05-08,0.477528,0.008205,0.248508,0.006906
MCK,2022-08-03,0.439716,0.010062,0.232562,0.007016
MCK,2022-11-01,0.394608,0.00969,0.132602,0.008026
MCK,2018-05-24,0.226762,0.011912,0.230375,0.011517
MCK,2021-02-02,0.386437,0.007478,0.234311,0.007643
MCK,2021-05-06,0.556364,0.010763,0.284204,0.008587
MCK,2024-05-07,0.538023,0.008787,0.284656,0.009231
MCK,2018-02-01,0.291737,0.009059,0.19178,0.009911
MCK,2023-08-02,0.520296,0.00853,0.263909,0.008772
MCK,2021-08-04,0.4911,0.009108,0.189999,0.008897
MCK,2019-07-31,0.289479,0.010315,0.227719,0.007314
MCK,2022-05-05,0.488817,0.009787,0.106099,0.010426
A,2021-05-25,0.613605,0.004798,0.285903,0.008841
A,2020-08-18,0.229995,0.007785,0.239582,0.011889
A,2022-02-22,0.650362,0.005096,0.292153,0.009715
A,2018-02-14,0.538384,0.001828,0.264545,0.010355
A,2019-05-14,0.296792,0.006899,0.174597,0.010931
A,2021-02-16,0.635978,0.005648,0.29344,0.009236
A,2020-05-21,0.101162,0.00885,0.116163,0.012348
A,2020-11-23,0.533156,0.005551,0.260645,0.011411
A,2021-08-17,0.56241,0.005527,0.301806,0.010863
A,2020-02-18,0.126518,0.006649,0.241522,0.011548
A,2018-08-14,0.49902,0.004092,0.231655,0.010874
A,2018-11-19,0.411428,0.004863,0.231697,0.01034
A,2019-02-20,0.542921,0.004247,0.282607,0.01114
A,2022-08-16,0.616358,0.00219,0.289076,0.009873
A,2018-05-14,0.438192,0.004216,0.162479,0.010356
A,2019-11-25,0.399968,0.00716,0.235429,0.013236
A,2021-11-22,0.596029,0.006271,0.264021,0.010628
A,2022-05-24,0.521528,0.004175,0.253396,0.008202
A,2019-08-14,0.440602,0.004414,0.226859,0.009109
BYND,2024-05-08,0.067905,0.007304,0.176842,0.006333
BYND,2022-08-04,-0.026953,0.012246,0.139978,0.006038
BYND,2019-07-29,0.4643,0.007188,0.236855,0.006567
BYND,2022-11-09,0.117854,0.008547,0.147521,0.005998
BYND,2021-11-10,0.105915,0.010991,0.161648,0.007437
BYND,2024-08-07,0.065159,0.004918,0.224506,0.006635
BYND,2022-05-11,0.346309,0.007754,0.19719,0.005941
BYND,2022-02-24,0.367755,0.007762,0.288206,0.005628
BYND,2023-08-07,-0.013524,0.009124,0.147618,0.006665
BYND,2020-08-04,0.408225,0.007619,0.239986,0.006328
BYND,2020-11-09,0.220373,0.007437,0.186115,0.005828
BYND,2024-02-27,0.065857,0.007396,0.179711,0.003986
BYND,2019-10-28,0.43159,0.006028,0.219624,0.006315
BYND,2023-02-23,0.103548,0.007838,0.11602,0.006822
BYND,2021-02-25,0.260484,0.007298,0.239725,0.007126
BYND,2023-05-10,0.231047,0.007715,0.178531,0.005855
BYND,2020-05-05,0.398653,0.007203,0.167401,0.008434
BYND,2023-11-08,-0.068329,0.009785,0.131259,0.005359
BYND,2021-08-05,0.305766,0.008084,0.197568,0.007821
BYND,2021-05-06,0.272501,0.007294,0.221153,0.006188
BYND,2020-02-27,0.390318,0.007762,0.210484,0.005896
AIG,2021-02-17,0.447652,0.0088,0.223444,0.010698
AIG,2019-11-01,0.329809,0.011939,0.106433,0.010968
AIG,2020-02-13,0.374819,0.008738,0.071431,0.009341
AIG,2022-08-09,0.321949,0.010151,0.197456,0.014246
AIG,2021-08-06,0.528006,0.008827,0.133078,0.0085
AIG,2020-08-04,0.289389,0.009163,0.0351,0.011292
AIG,2018-08-03,0.503732,0.010919,0.131437,0.006957
AIG,2019-05-07,0.346621,0.012348,0.117205,0.013832
AIG,2020-11-06,0.327479,0.010004,0.188466,0.011017
AIG,2020-05-05,0.220735,0.012848,0.024938,0.011973
AIG,2019-08-08,0.433407,0.010626,0.117771,0.007641
AIG,2018-11-01,0.319958,0.01361,0.059164,0.009837
AIG,2019-02-14,0.202705,0.014544,0.088384,0.015942
AIG,2022-05-04,0.329709,0.007899,0.153237,0.008806
AIG,2021-05-07,0.493941,0.00959,0.112702,0.010345
AIG,2021-11-05,0.360022,0.011165,0.126702,0.009555
AIG,2022-02-17,0.465727,0.008003,0.157787,0.007465
CCAP,2022-05-10,0.391761,0.01438,0.135383,0.020087
CCAP,2021-05-13,0.383018,0.010482,0.247019,0.007252
CCAP,2021-11-11,0.423565,0.011939,0.108065,0.016021
CCAP,2022-02-24,0.293155,0.012008,0.184764,0.011364
CCAP,2022-08-11,0.233475,0.014069,-0.030112,0.013798
CCAP,2021-08-12,0.413431,0.010845,0.285415,0.006951
CNXN,2019-08-01,0.404403,0.005529,0.143245,0.012418
CNXN,2019-02-07,0.392697,0.003728,0.264999,0.005647
CNXN,2021-02-24,-0.077522,0.006071,0.185304,0.006546
CNXN,2021-11-04,0.112213,0.006645,0.246521,0.007273
BVS,2022-05-10,0.422419,0.010208,0.29974,0.009591
BVS,2021-08-10,0.507121,0.011119,0.242533,0.010873
BVS,2022-03-10,0.540162,0.006739,0.212983,0.009836
BVS,2021-11-09,0.625477,0.00521,0.377311,0.007724
BVS,2022-08-11,0.476189,0.007026,0.284277,0.010572
EZPW,2019-08-01,0.290176,0.00488,0.186482,0.011417
EZPW,2019-01-31,0.378369,0.005957,0.126684,0.011111
EZPW,2019-05-09,0.244639,0.005975,0.19753,0.009043
EZPW,2018-11-15,0.454321,0.005388,0.165855,0.008713
EZPW,2020-05-12,0.164179,0.006028,0.058662,0.017288
EZPW,2021-11-18,0.446131,0.00327,0.175449,0.008584
EZPW,2021-08-05,0.13153,0.003126,0.258236,0.00611
EZPW,2019-12-05,0.234907,0.005718,0.053575,0.012594
EZPW,2021-05-06,0.091707,0.003383,0.254511,0.007149
EBAY,2021-08-11,0.360129,0.007937,0.214128,0.004702
EBAY,2021-04-28,0.539544,0.007312,0.195895,0.006328
EBAY,2018-01-29,0.345861,0.008691,0.263177,0.006464
EBAY,2019-04-23,0.245832,0.006354,0.173516,0.006871
EBAY,2021-10-27,0.419536,0.010656,0.225736,0.004727
EBAY,2020-01-28,0.225341,0.008307,0.235725,0.007635
EBAY,2020-10-28,0.400714,0.005572,0.165522,0.008757
EBAY,2020-04-29,0.412957,0.006797,0.222663,0.008725
EBAY,2019-07-17,0.385825,0.004735,0.186846,0.008197
EBAY,2021-02-03,0.625492,0.006278,0.230547,0.004117
EBAY,2020-07-28,0.483716,0.007713,0.28195,0.003956
EBAY,2018-07-18,0.361178,0.008444,0.172098,0.00715
EBAY,2018-01-31,0.44564,0.007593,0.238159,0.00941
EBAY,2019-10-23,0.335122,0.006667,0.148946,0.005663
EBAY,2018-10-30,0.435111,0.007246,0.220152,0.006788
DPZ,2021-07-22,0.446594,0.00592,0.182057,0.011382
DPZ,2021-04-29,0.576175,0.005943,0.217677,0.006269
DPZ,2019-02-21,0.28337,0.004969,0.171095,0.006554
DPZ,2019-04-24,0.494221,0.004395,0.155566,0.008018
DPZ,2020-10-08,0.362601,0.008602,0.213009,0.007002
DPZ,2020-07-16,0.335655,0.006869,0.258805,0.006857
DPZ,2021-10-14,0.230443,0.008308,0.122063,0.006266
DPZ,2019-07-16,0.557018,0.003143,0.202048,0.006466
DPZ,2020-02-20,0.519641,0.005532,0.17239,0.005724
DPZ,2021-02-25,0.504116,0.006454,0.246355,0.007832
DPZ,2019-10-08,0.460708,0.005724,0.190366,0.006092
DPZ,2018-10-16,0.373902,0.003432,0.213284,0.006999
DPZ,2020-04-23,0.089513,0.011456,0.159621,0.007306
WY,2020-07-31,-0.064814,0.010199,0.110176,0.010079
WY,2020-05-01,-0.056058,0.010578,0.059847,0.008723
WY,2019-02-01,-0.13263,0.010099,0.085952,0.008615
WY,2019-04-26,0.011242,0.008774,0.147433,0.011102
WY,2021-07-30,0.273349,0.013128,0.096381,0.00876
WY,2020-10-30,0.181703,0.009848,0.168948,0.005541
WY,2020-01-31,0.027063,0.006441,0.098876,0.007997
WY,2019-10-25,-0.062589,0.008631,0.121424,0.006745
WY,2021-04-30,0.3922,0.006969,0.152367,0.00639
WY,2021-01-29,0.297006,0.011273,0.223739,0.010245
WY,2021-10-29,0.101893,0.00727,0.080577,0.009949
WY,2018-10-26,-0.162511,0.01186,0.0672,0.011177
F,2019-07-24,0.391082,0.002993,0.177566,0.006828
F,2020-02-04,0.155114,0.003934,0.097068,0.006663
F,2021-04-28,0.276539,0.006385,0.198829,0.012046
F,2022-04-27,0.360333,0.005387,0.163184,0.008475
F,2023-05-02,0.428406,0.007901,0.196165,0.00749
F,2024-04-24,0.412555,0.007166,0.107691,0.009302
F,2018-10-24,0.345264,0.003794,0.120515,0.007021
F,2022-02-03,0.549395,0.006325,0.256463,0.00813
F,2021-10-27,0.459663,0.007415,0.185671,0.00889
F,2020-07-30,0.42448,0.005077,0.270479,0.009799
F,2021-07-28,0.354487,0.005089,0.168358,0.00827
F,2023-10-26,0.342524,0.006244,0.129193,0.006472
F,2022-07-27,0.418787,0.004984,0.069607,0.008794
F,2024-02-06,0.110638,0.010499,0.287138,0.004622
F,2024-07-24,0.38215,0.002912,0.143913,0.009504
F,2019-04-25,0.41666,0.003422,0.207606,0.008496
F,2020-10-28,0.443774,0.004149,0.190519,0.005407
F,2018-07-25,0.148357,0.003707,0.108164,0.006423
F,2023-02-02,0.357466,0.00438,0.098326,0.008144
F,2020-04-28,0.06932,0.005014,0.094087,0.004079
F,2021-02-04,0.381956,0.004055,0.249292,0.006586
F,2019-01-23,0.171921,0.00396,0.158847,0.006492
F,2022-10-27,0.388217,0.00518,0.144632,0.009482
F,2023-07-27,0.514506,0.005138,0.128064,0.007606
F,2019-10-23,0.254458,0.004272,0.097794,0.003993
CIGI,2020-02-12,0.419601,0.004873,0.233858,0.008852
CIGI,2021-05-04,0.628376,0.006889,0.253226,0.010399
CIGI,2021-02-11,0.372872,0.005807,0.298501,0.01075
CIGI,2020-10-27,0.152152,0.009825,0.241905,0.008561
CIGI,2020-08-07,0.054102,0.009796,0.279023,0.007918
CIGI,2020-04-28,0.070561,0.011066,0.076048,0.012586
CIGI,2021-11-02,0.625459,0.009352,0.278897,0.008499
CIGI,2019-10-29,0.233337,0.00463,0.228982,0.006301
CIGI,2019-07-30,0.293562,0.003723,0.158164,0.013885
CIGI,2021-08-04,0.801725,0.006799,0.156176,0.009015
EGRX,2020-11-02,0.197804,0.008075,0.209503,0.01155
EGRX,2022-08-09,0.264502,0.01054,0.19973,0.003287
EGRX,2020-03-02,0.199988,0.009913,0.228942,0.012299
EGRX,2020-05-11,0.275455,0.009819,0.216153,0.016716
EGRX,2019-05-07,0.183457,0.015117,0.254611,0.016748
EGRX,2022-03-07,0.187799,0.007207,0.247598,0.01149
EGRX,2020-08-10,0.135663,0.008054,0.160546,0.010077
EGRX,2018-02-26,0.364109,0.007444,0.168703,0.008501
EGRX,2019-08-08,0.188889,0.013152,0.132166,0.006418
EGRX,2019-11-12,0.101962,0.012092,0.189056,0.011242
EGRX,2021-11-09,0.212702,0.009434,0.196037,0.006335
EGRX,2021-05-10,0.146009,0.009901,0.318277,0.010619
EGRX,2019-02-28,0.199704,0.006586,0.245894,0.0067
EGRX,2022-05-09,0.178789,0.009632,0.321628,0.007507
O,2024-08-06,0.397903,0.019527,0.174654,0.011483
O,2022-08-04,0.592212,0.015941,0.114107,0.007905
O,2019-05-02,0.417328,0.013105,0.117728,0.011537
O,2020-11-03,0.23108,0.0157,0.173023,0.00692
O,2021-05-04,0.494974,0.01318,0.208548,0.008637
O,2022-02-23,0.573736,0.009921,0.191964,0.009518
O,2024-02-21,0.560336,0.0147,0.141777,0.009831
O,2020-08-04,0.323898,0.014137,0.139991,0.008805
O,2019-02-21,0.342077,0.012795,0.104122,0.011674
O,2023-11-07,0.382462,0.013145,0.147827,0.009705
O,2023-05-04,0.608722,0.014156,0.135757,0.008177
O,2022-11-03,0.471827,0.015866,0.156016,0.008468
O,2019-08-06,0.291891,0.014513,0.114124,0.009851
O,2019-11-05,0.282425,0.014719,0.172256,0.008241
O,2020-02-20,0.323578,0.015955,0.128291,0.010216
O,2021-08-03,0.528836,0.013764,0.198694,0.011043
O,2023-02-22,0.515403,0.015658,0.132791,0.00586
O,2021-11-02,0.566482,0.019699,0.196232,0.009386
O,2020-05-05,0.312827,0.016854,0.086114,0.008521
O,2018-11-01,0.325648,0.00866,0.164971,0.014941
O,2021-02-23,0.355336,0.012886,0.180146,0.011357
O,2023-08-03,0.567721,0.011105,0.087264,0.010682
O,2024-05-07,0.326669,0.021288,0.156175,0.011023
O,2022-05-05,0.508284,0.014493,0.21713,0.008607
RF,2024-07-19,0.164729,0.00668,0.228785,0.01271
RF,2019-04-18,0.320837,0.007099,0.153419,0.011382
RF,2020-04-17,0.228465,0.01254,0.069278,0.011782
RF,2023-10-20,0.14414,0.008933,0.125354,0.011634
RF,2023-01-20,0.366221,0.00984,0.190843,0.012809
RF,2018-07-20,0.339814,0.008853,0.195886,0.006833
RF,2021-07-23,0.364685,0.009687,0.222173,0.007264
RF,2020-07-17,0.103018,0.013728,0.099461,0.012309
RF,2024-04-19,0.049719,0.008178,0.150959,0.006761
RF,2018-10-23,0.333097,0.007621,0.21601,0.011621
RF,2018-01-19,0.384697,0.008289,0.220812,0.009862
RF,2021-04-23,0.211215,0.006448,0.172324,0.01283
RF,2019-07-19,0.330793,0.012771,0.165406,0.007789
RF,2022-10-21,0.341025,0.012542,0.109035,0.010746
RF,2022-01-20,0.471822,0.011579,0.227416,0.009884
RF,2021-10-22,0.381672,0.008889,0.276903,0.009039
RF,2021-01-22,0.215812,0.010576,0.17135,0.010681
RF,2024-01-19,0.273586,0.008918,0.151693,0.012275
RF,2023-07-21,0.437783,0.009892,0.103106,0.010086
RF,2022-04-22,0.24361,0.012488,0.127996,0.009154
RF,2019-10-22,0.293296,0.008929,0.162512,0.008602
RF,2020-01-17,0.452478,0.007165,0.191247,0.010011
RF,2022-07-22,0.45852,0.012605,0.159943,0.013361
RF,2020-10-20,0.355814,0.01782,0.125504,0.014092
RF,2019-01-18,0.20245,0.00509,0.239754,0.011692
CAAS,2022-08-12,0.052879,0.005039,0.379827,0.006881
CAAS,2021-03-30,-0.175,0.006203,0.195254,0.004161
CAAS,2022-03-30,-0.23739,0.004659,0.498269,0.004792
CAAS,2021-08-12,0.243707,0.006431,0.111851,0.005507
FSV,2021-10-26,0.411476,0.005561,0.152449,0.008351
FSV,2019-07-24,0.509855,0.005668,0.162421,0.011475
FSV,2020-02-05,0.505539,0.006027,0.287694,0.011433
FSV,2020-10-28,0.325716,0.004514,0.172475,0.008564
FSV,2021-02-09,0.506308,0.008174,0.204926,0.012562
FSV,2020-07-23,0.092546,0.008703,0.146375,0.010448
FSV,2021-07-27,0.415167,0.006366,0.194263,0.009121
FSV,2020-04-23,0.244052,0.007328,0.081028,0.010117
FSV,2021-04-27,0.364769,0.005991,0.132623,0.00948
FSV,2019-10-23,0.3257,0.003831,0.12013,0.009103
CFG,2019-04-18,0.664368,0.004538,0.171399,0.00595
CFG,2020-04-17,0.360318,0.010526,0.132415,0.010982
CFG,2020-07-17,0.263645,0.008857,0.167381,0.011782
CFG,2018-10-19,0.587315,0.004661,0.233641,0.007835
CFG,2021-10-20,0.464005,0.003834,0.173628,0.00845
CFG,2021-01-20,0.312335,0.006805,0.220094,0.010726
CFG,2018-01-19,0.627247,0.003621,0.273625,0.007262
CFG,2019-07-19,0.646687,0.003765,0.165074,0.005983
CFG,2022-01-19,0.55256,0.005105,0.196254,0.009077
CFG,2021-04-16,0.218084,0.004956,0.174114,0.009538
CFG,2022-04-19,0.481008,0.007046,0.238603,0.010516
CFG,2019-10-18,0.38349,0.005166,0.178441,0.007866
CFG,2021-07-20,0.329908,0.004421,0.200812,0.011622
CFG,2022-07-19,0.433286,0.005423,0.228488,0.008356
CFG,2020-01-17,0.467283,0.004353,0.207626,0.007098
CFG,2020-10-16,0.303222,0.006303,0.117541,0.010009
CFG,2019-01-18,0.672285,0.003952,0.301972,0.006974
CBRL,2020-09-15,0.409505,0.01737,0.180363,0.012368
CBRL,2021-05-25,0.380758,0.015059,0.177523,0.010083
CBRL,2019-06-04,0.255802,0.014091,0.147341,0.012341
CBRL,2020-02-25,0.141762,0.016469,0.197011,0.009828
CBRL,2019-02-26,0.148239,0.014268,0.193339,0.008827
CBRL,2019-09-17,0.357968,0.017355,0.128408,0.012227
CBRL,2019-11-26,0.174644,0.01872,0.171053,0.01072
CBRL,2018-09-18,0.176677,0.019813,0.094685,0.00983
CBRL,2021-09-21,0.325251,0.012893,0.2599,0.01018
CBRL,2020-12-03,0.171266,0.019076,0.142666,0.014059
CBRL,2020-06-02,0.275349,0.017673,0.077317,0.008677
CBRL,2021-11-23,0.309073,0.010508,0.246559,0.007775
CBRL,2021-02-23,0.155015,0.013076,0.171746,0.014246
CBRL,2018-11-27,0.422418,0.013128,0.235057,0.009125
STE,2019-05-14,0.477319,0.016731,0.156099,0.010649
STE,2019-08-06,0.320622,0.015008,0.165379,0.007397
STE,2021-11-03,0.263229,0.013057,0.094298,0.010836
STE,2018-11-06,0.32657,0.010139,0.092064,0.00996
STE,2019-02-12,0.385005,0.011657,0.137173,0.012848
AEE,2021-08-06,0.296512,0.007632,0.205412,0.010277
AEE,2020-11-05,0.3747,0.006609,0.110501,0.010145
AEE,2020-05-12,-0.026896,0.011978,0.169423,0.007731
AEE,2020-08-07,0.252495,0.007715,0.153039,0.006888
AEE,2019-02-14,0.453072,0.009606,0.190828,0.007733
AEE,2018-10-31,0.480296,0.007062,0.201223,0.0077
AEE,2018-02-16,0.370548,0.008688,0.163919,0.009529
AEE,2021-05-11,0.424606,0.008297,0.180185,0.012861
AEE,2021-11-04,0.393829,0.007177,0.123754,0.010159
CRIS,2022-08-04,0.221974,0.005125,0.160862,0.007416
CRIS,2021-03-16,0.216756,0.009669,0.164427,0.014532
CRIS,2021-05-12,0.265849,0.006536,0.139282,0.011708
CRIS,2022-02-24,0.153058,0.00732,0.175055,0.009428
CRIS,2021-08-03,0.308417,0.007086,0.144926,0.005629
CRIS,2021-11-09,0.363769,0.007075,0.181552,0.011888
CRIS,2022-05-05,0.093936,0.008914,0.049048,0.010361
PYPL,2023-11-01,0.278315,0.006486,0.272953,0.004894
PYPL,2019-07-24,0.350072,0.011574,0.302783,0.00863
PYPL,2020-11-02,0.351481,0.007373,0.303867,0.005558
PYPL,2021-05-05,0.542665,0.009209,0.270806,0.006777
PYPL,2021-07-28,0.357661,0.010326,0.337951,0.005083
PYPL,2020-05-06,0.391285,0.009731,0.136137,0.009245
PYPL,2022-08-02,0.379665,0.009471,0.305036,0.004054
PYPL,2019-04-24,0.392686,0.00701,0.241463,0.007494
PYPL,2022-11-03,0.579259,0.011915,0.276485,0.006312
PYPL,2019-01-30,0.379712,0.009391,0.265994,0.005937
PYPL,2018-10-18,0.535264,0.007907,0.211624,0.006113
PYPL,2024-02-07,0.375455,0.005849,0.182886,0.004287
PYPL,2023-05-08,0.58904,0.011864,0.294428,0.004891
PYPL,2018-07-25,0.526232,0.00669,0.234092,0.006463
PYPL,2024-07-30,0.622656,0.0059,0.292892,0.005816
PYPL,2018-04-25,0.440233,0.007178,0.225894,0.009474
PYPL,2023-02-09,0.483787,0.008672,0.252431,0.007895
PYPL,2020-07-29,0.547692,0.009696,0.252653,0.005248
PYPL,2021-02-03,0.436317,0.008527,0.256462,0.00854
PYPL,2023-08-02,0.444431,0.009466,0.36237,0.005669
PYPL,2021-11-08,0.470386,0.009374,0.213357,0.00687
PYPL,2022-02-01,0.363614,0.009414,0.245657,0.007012
PYPL,2024-04-30,0.520101,0.007457,0.217908,0.005937
PYPL,2019-10-23,0.541871,0.010587,0.303599,0.009399
DRI,2018-12-18,0.428851,0.005107,0.207878,0.01044
DRI,2021-12-17,0.473725,0.006356,0.184004,0.009717
DRI,2018-06-21,0.617818,0.006543,0.144948,0.010546
DRI,2020-12-18,-0.029967,0.007103,0.170536,0.008294
DRI,2020-03-19,-0.180722,0.015515,0.042648,0.01273
DRI,2021-06-24,0.44726,0.009372,0.201696,0.008839
DRI,2019-03-21,0.45903,0.007779,0.237142,0.013402
DRI,2020-09-24,0.140295,0.0083,0.16661,0.008769
DRI,2019-12-19,0.289914,0.005663,0.187172,0.008849
DRI,2019-06-20,0.410656,0.011203,0.165055,0.009518
DRI,2021-03-25,0.212517,0.007968,0.18435,0.009359
DRI,2021-09-23,0.354937,0.008203,0.114607,0.010527
DRI,2018-09-20,0.356013,0.006906,0.188653,0.011336
DRI,2019-09-19,0.31641,0.007234,0.185323,0.009807
DRI,2020-06-25,0.249833,0.006232,0.128924,0.010066
NRG,2018-11-08,0.268618,0.009413,0.132845,0.008051
NRG,2021-03-01,0.304182,0.008577,0.230105,0.007754
NRG,2019-11-07,0.376343,0.012248,0.223365,0.005123
NRG,2019-08-07,0.373108,0.007652,0.170759,0.006956
NRG,2018-08-02,0.438653,0.012776,0.184847,0.006734
NRG,2020-11-05,0.33039,0.006327,0.172626,0.008783
NRG,2020-05-07,0.208097,0.006337,0.194119,0.010887
NRG,2021-08-05,0.525694,0.006897,0.115474,0.008485
NRG,2021-11-04,0.216346,0.005234,0.122221,0.007507
NRG,2019-02-28,0.533952,0.011388,0.182268,0.008326
NRG,2021-05-06,0.335862,0.010966,0.125229,0.009043
NRG,2020-02-27,0.377518,0.005831,0.141388,0.006917
CMLS,2019-11-11,0.333133,0.009174,0.096095,0.006289
CMLS,2019-05-09,0.370943,0.005996,0.176403,0.009488
CMLS,2020-02-21,0.266032,0.00874,0.222861,0.007686
CMG,2020-04-21,0.283935,0.009796,0.219337,0.006871
CMG,2018-10-25,0.299997,0.005538,0.185137,0.007207
CMG,2020-02-04,0.487056,0.010127,0.257485,0.006876
CMG,2019-04-24,0.469186,0.009239,0.22454,0.007287
CMG,2019-07-23,0.423402,0.010642,0.192917,0.006809
CMG,2018-07-26,0.388312,0.007349,0.225464,0.011996
CMG,2021-10-21,0.469256,0.009325,0.199288,0.007493
CMG,2020-07-22,0.477996,0.009692,0.191003,0.006723
CMG,2021-04-21,0.467905,0.009322,0.199073,0.00715
CMG,2019-10-22,0.228308,0.009403,0.235826,0.008945
CMG,2018-04-25,0.297667,0.005897,0.189567,0.008177
CMG,2020-10-21,0.443511,0.007819,0.190208,0.00645
CMG,2021-07-20,0.387796,0.007733,0.21262,0.008323
CMG,2021-02-02,0.51639,0.008559,0.188655,0.008666
BRY,2021-05-05,0.305899,0.007746,0.148423,0.008839
BRY,2020-11-04,0.331598,0.006239,0.146941,0.01178
BRY,2019-11-07,0.216759,0.006486,0.121494,0.008637
BRY,2020-05-08,0.206244,0.012033,0.123068,0.010916
BRY,2019-08-08,0.33893,0.01039,0.088568,0.01179
BRY,2021-11-05,0.375962,0.007903,0.101889,0.007258
IBM,2020-10-19,0.413294,0.003309,0.227621,0.007567
IBM,2022-01-24,0.569092,0.003918,0.176863,0.010157
IBM,2019-10-16,0.257324,0.00292,0.167807,0.004473
IBM,2024-04-24,0.555154,0.004377,0.316279,0.007331
IBM,2021-07-19,0.492408,0.002634,0.245693,0.006358
IBM,2020-04-20,0.421473,0.00488,0.085337,0.006417
IBM,2022-10-19,0.584888,0.003882,0.23295,0.007252
IBM,2018-04-17,0.344565,0.004685,0.30518,0.004798
IBM,2021-10-20,0.388597,0.002352,0.258602,0.006231
IBM,2021-01-21,0.383063,0.00266,0.242597,0.007003
IBM,2021-04-19,0.584097,0.002355,0.25502,0.008869
IBM,2024-07-24,0.525289,0.002714,0.180748,0.006676
IBM,2020-07-20,0.323341,0.003371,0.075573,0.009178
IBM,2023-07-19,0.332917,0.00395,0.234464,0.009127
IBM,2023-01-25,0.535898,0.004442,0.27951,0.006952
IBM,2022-04-19,0.471145,0.001956,0.243586,0.006283
IBM,2018-10-16,0.391217,0.001489,0.167032,0.004237
IBM,2019-07-17,0.336102,0.002765,0.250848,0.004085
IBM,2023-10-25,0.434945,0.003711,0.289629,0.007847
IBM,2024-01-24,0.605794,0.004363,0.258461,0.007132
IBM,2019-04-16,0.235368,0.003165,0.18264,0.005879
IBM,2022-07-18,0.537855,0.004281,0.189363,0.005908
IBM,2018-07-18,0.448828,0.003319,0.225785,0.003241
IBM,2019-01-22,0.374542,0.005323,0.354136,0.005431
IBM,2020-01-21,0.412594,0.002592,0.231172,0.005326
WST,2018-10-25,0.477035,0.007926,0.238509,0.005585
WST,2020-02-13,0.591729,0.003769,0.232863,0.006998
WST,2021-04-29,0.543895,0.006505,0.226124,0.009062
WST,2019-07-25,0.621879,0.004355,0.264157,0.008759
WST,2020-10-22,0.502898,0.006683,0.274028,0.008359
WST,2019-04-25,0.443004,0.005499,0.264389,0.007796
WST,2021-07-29,0.540154,0.007554,0.294192,0.007892
WST,2019-10-24,0.578354,0.005324,0.197856,0.004417
WST,2020-07-23,0.532045,0.007312,0.197694,0.009294
WST,2022-07-28,0.184987,0.007253,0.217654,0.008748
WST,2019-02-14,0.466966,0.007348,0.205699,0.009916
WST,2020-04-23,0.430973,0.006773,0.286557,0.007143
WST,2021-10-28,0.48812,0.006138,0.235493,0.007528
WST,2021-02-18,0.563203,0.004348,0.233122,0.006827
WST,2022-04-28,0.296615,0.006978,0.101995,0.008309
WST,2022-02-17,0.485304,0.006714,0.249105,0.009497
ADP,2021-01-27,0.411114,0.005707,0.230146,0.007297
ADP,2021-04-28,0.436093,0.005891,0.25461,0.010384
ADP,2021-10-27,0.563371,0.006359,0.169821,0.007233
ADP,2021-07-28,0.433964,0.008006,0.195028,0.010114
ADP,2019-10-30,0.426238,0.008577,0.107123,0.007679
ADP,2019-01-30,0.616956,0.006289,0.183963,0.011262
ADP,2020-01-29,0.343813,0.005737,0.178736,0.00753
ADP,2020-10-28,0.164232,0.007697,0.132032,0.010385
ADP,2020-04-29,-0.03096,0.008254,0.140455,0.006585
ADP,2018-08-01,0.583527,0.009715,0.182473,0.008622
ADP,2018-10-31,0.557448,0.008719,0.288051,0.009119
ADP,2019-05-01,0.542936,0.009109,0.214292,0.006631
ADP,2020-07-29,-0.066355,0.009059,0.021543,0.01135
ADP,2019-07-31,0.544313,0.009766,0.209674,0.007926
ABCB,2020-07-27,0.138579,0.009155,0.212703,0.007879
ABCB,2020-10-23,0.162062,0.008761,0.144183,0.007619
ABCB,2019-04-23,0.446171,0.00759,0.138465,0.012454
ABCB,2021-07-23,0.111013,0.010838,0.142932,0.009462
ABCB,2018-10-19,0.373969,0.006961,0.123284,0.010808
ABCB,2020-01-24,0.076955,0.005004,0.080418,0.007222
ABCB,2021-04-23,0.188768,0.012585,0.144938,0.007571
ABCB,2019-01-25,0.343368,0.006881,0.131962,0.011905
ABCB,2020-04-24,0.090144,0.00915,0.095735,0.009636
ABCB,2019-07-26,0.339202,0.007755,0.131572,0.009629
ABCB,2019-10-18,0.306874,0.007733,0.088539,0.006703
ABCB,2018-01-26,0.353614,0.012762,0.086862,0.012903
ABCB,2021-01-29,0.071135,0.009765,0.163674,0.008591
ABCB,2021-10-29,0.153097,0.007896,0.079872,0.008844
DAKT,2018-05-30,0.109027,0.012756,0.232894,0.008104
DAKT,2019-05-29,0.207709,0.011142,0.189456,0.017204
DAKT,2019-11-27,0.212899,0.009633,0.21112,0.01034
DAKT,2021-06-09,-0.236469,0.011083,0.141465,0.020225
DAKT,2019-02-20,0.048582,0.012346,0.198035,0.008163
DAKT,2018-11-21,-0.11591,0.013064,0.120643,0.02193
DAKT,2019-08-28,0.237343,0.009696,0.265099,0.018767
DAKT,2018-08-21,0.077927,0.014846,0.066224,0.020725
PEG,2020-07-31,-0.019313,0.006096,0.157446,0.012288
PEG,2019-02-27,0.399393,0.005668,0.144471,0.009769
PEG,2021-05-05,0.341539,0.008512,0.10725,0.009924
PEG,2019-05-02,0.222754,0.005223,0.07518,0.008507
PEG,2018-02-23,0.296353,0.005894,0.05929,0.008635
PEG,2019-10-31,0.042497,0.003305,0.147026,0.010528
PEG,2021-02-26,0.312417,0.006782,0.058633,0.010299
PEG,2020-05-04,0.071347,0.007402,0.165978,0.00887
PEG,2021-08-03,0.258046,0.005917,0.118604,0.013892
PEG,2020-10-30,0.172459,0.005645,0.140228,0.00686
PEG,2021-11-02,0.201523,0.006069,0.154407,0.01
PEG,2020-02-26,0.230801,0.006405,0.095188,0.009751
PEG,2019-07-30,0.067175,0.003724,0.116405,0.008047
PEG,2018-10-30,0.333038,0.004861,0.064895,0.01251
BMRC,2019-04-22,0.352139,0.004707,0.056154,0.011908
BMRC,2019-10-21,0.32828,0.005401,0.107155,0.009571
BMRC,2020-04-20,0.302258,0.009015,0.014102,0.011465
BMRC,2019-07-22,0.358813,0.005869,0.152345,0.007558
BMRC,2020-07-20,0.125617,0.008089,0.090833,0.014135
BMRC,2020-10-26,0.153705,0.008009,0.060488,0.007061
BMRC,2020-01-27,0.283931,0.004144,0.151638,0.00976
BMRC,2019-01-28,0.213469,0.008186,0.149536,0.010429
FRSH,2023-02-07,0.539991,0.011017,0.226251,0.006811
FRSH,2023-08-01,0.476266,0.007812,0.260907,0.004734
FRSH,2023-05-02,0.472989,0.009376,0.159313,0.004196
FRSH,2022-08-02,0.358119,0.01276,0.165029,0.009676
FRSH,2024-02-06,0.536294,0.008449,0.290149,0.005164
FRSH,2023-10-31,0.509576,0.009653,0.229728,0.007684
FRSH,2022-02-10,0.352042,0.01164,0.244524,0.006122
FRSH,2022-05-03,0.273527,0.011575,0.208147,0.006914
FRSH,2024-07-30,0.539592,0.010902,0.207001,0.005537
FRSH,2022-11-01,0.379134,0.012055,0.231316,0.003963
FRSH,2024-05-01,0.436899,0.009093,0.194978,0.00465
FNKO,2019-02-28,0.400621,0.00569,0.177005,0.009058
FLNT,2021-03-16,0.433019,0.011064,0.204792,0.00897
FLNT,2022-08-09,0.581887,0.008689,0.276061,0.0
FLNT,2019-11-11,-0.076379,0.010457,0.112551,0.013941
FLNT,2019-05-08,0.233464,0.007431,0.212182,0.009775
FLNT,2022-03-08,0.361984,0.006632,0.300718,0.01208
FLNT,2019-08-08,0.357,0.010176,0.003679,0.013072
FLNT,2021-08-09,0.33562,0.007713,0.201573,0.009239
FLNT,2021-05-10,0.200895,0.007162,0.23959,0.009543
FLNT,2019-03-13,0.361482,0.007067,0.161458,0.009917
FLNT,2021-11-04,0.486753,0.008818,0.27179,0.006281
FLNT,2022-05-09,0.515878,0.005712,0.220919,0.003576
MKC,2023-06-29,0.644709,0.002387,0.329815,0.006165
MKC,2021-09-30,0.416821,0.00282,0.153259,0.006578
MKC,2019-10-01,0.440856,0.00328,0.181475,0.007981
MKC,2020-01-28,0.58536,0.002784,0.112133,0.007811
MKC,2021-03-30,0.537193,0.003333,0.249795,0.010082
MKC,2023-01-26,0.388986,0.003564,0.209091,0.006876
MKC,2018-06-28,0.584523,0.00305,0.180146,0.005368
MKC,2018-03-27,0.534453,0.004568,0.074538,0.006988
MKC,2022-06-29,0.050975,0.004935,0.144994,0.006312
MKC,2024-06-27,0.451235,0.004323,0.247657,0.013164
MKC,2019-06-27,0.567345,0.00331,0.099912,0.006027
MKC,2018-09-27,0.658739,0.002765,0.226227,0.006506
MKC,2022-01-27,0.624923,0.002269,0.153469,0.008367
MKC,2021-07-01,0.580233,0.00331,0.255597,0.007673
MKC,2021-01-28,0.475498,0.004695,0.161774,0.009851
MKC,2022-10-06,0.3611,0.003718,0.121514,0.004774
MKC,2024-01-25,0.627887,0.003829,0.202896,0.008574
MKC,2023-10-03,0.666662,0.004216,0.311669,0.007233
MKC,2020-06-25,0.340346,0.006025,0.15368,0.006518
CMI,2020-02-04,-0.381628,0.00317,0.040298,0.008398
CMI,2019-02-06,0.144626,0.00474,0.110912,0.007101
CMI,2021-05-04,0.535586,0.006185,0.17153,0.009612
CMI,2018-07-31,0.33361,0.003189,0.168784,0.006394
CMI,2021-02-05,-0.027785,0.004181,0.094403,0.009495
CMI,2019-04-30,0.200274,0.004557,0.117958,0.008805
CMI,2021-08-03,0.56993,0.00504,0.111378,0.008471
CMI,2020-10-27,0.028643,0.005904,0.151229,0.009677
CMI,2020-04-28,-0.286994,0.004502,0.086545,0.009452
CMI,2021-11-02,0.044949,0.004856,0.158685,0.008267
CMI,2019-10-29,-0.270122,0.004444,0.056292,0.005392
CMI,2019-07-30,-0.179693,0.004226,0.055327,0.0073
CMI,2020-07-28,-0.208184,0.006918,0.048894,0.007867
CMI,2018-10-30,0.333169,0.00325,0.143689,0.005157
AMD,2024-01-30,0.245475,0.004558,0.26661,0.006069
AMD,2021-10-26,0.52897,0.007828,0.292235,0.006886
AMD,2023-08-01,-0.041177,0.006263,0.260857,0.006639
AMD,2023-05-02,0.114928,0.00696,0.261754,0.008722
AMD,2021-01-26,0.643956,0.007933,0.312544,0.007702
AMD,2018-10-24,0.3575,0.008113,0.1539,0.005787
AMD,2023-01-31,0.110416,0.006792,0.200298,0.01074
AMD,2022-08-02,0.556106,0.008039,0.295851,0.007759
AMD,2020-01-28,0.507352,0.008288,0.202349,0.007966
AMD,2023-10-31,0.21352,0.005828,0.247534,0.0085
AMD,2019-01-29,0.347433,0.006757,0.162808,0.006879
AMD,2020-10-27,0.540803,0.008316,0.371549,0.005272
AMD,2021-07-27,0.690367,0.012228,0.343507,0.008218
AMD,2022-05-03,0.67629,0.007353,0.295155,0.00594
AMD,2024-07-30,0.466328,0.005104,0.356966,0.005533
AMD,2022-11-01,0.325471,0.007927,0.023098,0.006614
AMD,2020-04-28,0.392644,0.011106,0.199989,0.008182
AMD,2019-10-29,0.36866,0.007641,0.266924,0.005688
AMD,2019-07-30,0.202735,0.008658,0.182906,0.009086
AMD,2020-07-28,0.399741,0.009311,0.285539,0.006199
AMD,2021-04-27,0.645144,0.01182,0.356763,0.005767
AMD,2022-02-01,0.660507,0.007755,0.289392,0.006203
AMD,2024-04-30,0.428797,0.006552,0.26516,0.00925
BWA,2018-10-25,-0.024818,0.005263,0.112499,0.008038
BWA,2021-05-05,0.490865,0.010558,0.110438,0.014951
BWA,2020-02-13,0.322771,0.00751,0.036725,0.011659
BWA,2019-07-25,-0.135061,0.005237,-0.044721,0.009969
BWA,2021-08-06,0.460742,0.008225,0.091958,0.008536
BWA,2021-02-11,0.457619,0.007532,0.15281,0.011468
BWA,2020-05-06,0.03827,0.00844,0.084428,0.01253
BWA,2020-10-29,0.170383,0.007463,0.16276,0.010442
BWA,2019-10-31,0.303661,0.006718,0.153897,0.007125
BWA,2019-04-25,-0.099278,0.006068,0.067184,0.011694
BWA,2020-08-05,0.034753,0.007407,0.208384,0.009656
BWA,2021-11-03,0.094427,0.010757,0.106461,0.012902
BWA,2019-02-14,-0.054284,0.005484,0.069304,0.012185
BRP,2020-03-24,0.520346,0.012485,0.102879,0.015442
BRP,2020-05-13,0.547588,0.013934,0.206764,0.018767
FATE,2021-05-05,0.275553,0.00947,0.145321,0.008729
FATE,2021-08-06,0.261679,0.006718,0.149674,0.010786
FATE,2019-08-06,0.293216,0.007115,0.166559,0.005968
FATE,2020-08-05,0.402316,0.005686,0.145739,0.009334
FATE,2020-03-02,0.389347,0.008627,0.166615,0.009754
FATE,2020-05-11,0.30445,0.004897,0.144276,0.009241
FATE,2019-11-05,0.277648,0.006985,0.12311,0.009098
FATE,2019-05-07,0.346011,0.007038,0.126903,0.007317
FATE,2020-11-06,0.283793,0.004437,0.126558,0.008903
FATE,2021-02-24,0.279724,0.006842,0.122738,0.007834
FATE,2021-11-04,0.324582,0.007215,0.163903,0.009146
FATE,2019-03-05,0.275308,0.006881,0.142567,0.007264
ALIM,2021-04-29,0.220385,0.014966,0.209724,0.008915
ALIM,2020-07-30,0.242804,0.012221,0.01883,0.007239
ALIM,2020-10-29,0.45243,0.011593,0.033318,0.005955
ALIM,2020-04-30,0.265587,0.01765,0.111574,0.008235
ALIM,2021-02-25,0.042667,0.011353,0.108777,0.012893
ALIM,2021-08-13,0.264819,0.012977,0.282249,0.008831
ALIM,2021-10-28,0.424471,0.014514,0.287756,0.007823
ALIM,2020-02-27,0.210077,0.017798,0.154813,0.008095
MHK,2020-02-14,0.222175,0.005746,0.093044,0.007841
MHK,2019-04-26,0.418652,0.004016,0.106349,0.007908
MHK,2021-07-30,0.606279,0.008564,0.095981,0.007575
MHK,2020-10-30,0.250387,0.007707,0.021253,0.010132
MHK,2019-10-25,0.140378,0.005372,0.161243,0.007645
MHK,2021-02-12,0.593867,0.006042,0.155753,0.007967
MHK,2020-05-05,-0.253819,0.00466,-0.083304,0.011644
MHK,2019-07-26,0.221145,0.005767,-0.005443,0.007963
MHK,2021-04-30,0.607334,0.00875,0.152873,0.007157
MHK,2021-10-29,0.532476,0.004969,0.086517,0.010315
MHK,2018-10-26,0.314149,0.006158,-0.03042,0.008766
MHK,2019-02-08,0.271027,0.006529,0.054463,0.010207
ABCL,2024-02-20,0.348711,0.012748,0.188359,0.010099
ABCL,2024-08-06,0.193798,0.014076,0.253108,0.015847
ABCL,2022-05-10,0.4444,0.009934,0.169505,0.011597
ABCL,2021-05-13,0.49679,0.010017,0.244689,0.011101
ABCL,2022-11-08,0.450103,0.015833,0.201573,0.008357
ABCL,2022-08-09,0.449088,0.012363,0.181097,0.011573
ABCL,2023-02-21,0.458617,0.014065,0.212348,0.009741
ABCL,2022-02-24,0.421484,0.00835,0.273574,0.010973
ABCL,2023-05-04,0.299705,0.01374,0.218617,0.008787
ABCL,2021-11-09,0.418612,0.007203,0.304466,0.008433
ABCL,2023-08-03,0.219137,0.011732,0.177961,0.009082
ABCL,2024-05-07,0.122524,0.013605,0.208904,0.007509
ABCL,2021-08-12,0.426095,0.012938,0.265721,0.008311
ABCL,2023-11-02,0.23269,0.014748,0.173211,0.012421
CHX,2022-07-27,0.515956,0.005769,0.25986,0.007052
CHX,2022-02-10,0.470044,0.005952,0.312321,0.006691
CHX,2021-02-24,0.05516,0.012428,0.167725,0.008929
KDP,2021-04-29,0.359975,0.010189,0.242761,0.005066
KDP,2021-02-26,0.578263,0.008112,0.279071,0.005057
KDP,2021-07-29,0.602984,0.007852,0.212769,0.008373
KDP,2021-10-29,0.635119,0.005971,0.207113,0.005089
KDP,2020-02-27,0.573795,0.005619,0.271172,0.005892
HRL,2019-05-23,0.088989,0.007033,0.109102,0.010807
HRL,2020-05-21,0.148377,0.005717,0.137942,0.008516
HRL,2019-02-21,0.264815,0.005395,0.020615,0.007222
HRL,2020-11-24,0.262475,0.006398,0.213002,0.008696
HRL,2019-11-26,0.194788,0.00656,0.210911,0.008218
HRL,2020-08-25,0.195392,0.004836,0.1108,0.007127
HRL,2018-08-23,0.163145,0.005287,0.145271,0.011155
HRL,2020-02-20,0.087569,0.005566,0.154487,0.007883
HRL,2021-09-02,0.364611,0.002841,0.131475,0.007507
HRL,2021-12-09,0.538127,0.002392,0.167227,0.009298
HRL,2021-05-20,0.363951,0.00652,0.196543,0.007909
HRL,2019-08-22,0.132342,0.007534,0.194281,0.010945
HRL,2021-02-18,0.326503,0.005301,0.240883,0.008797
PG,2020-04-17,0.405605,0.008038,0.133254,0.008263
PG,2020-01-23,0.425136,0.004401,0.290299,0.005582
PG,2019-04-23,0.613845,0.003877,0.178205,0.007544
PG,2020-07-30,0.473966,0.006341,0.229518,0.005804
PG,2018-10-19,0.425101,0.00777,0.131591,0.007507
PG,2021-01-20,0.371616,0.00917,0.173356,0.00863
PG,2021-04-20,0.358131,0.006609,0.15467,0.00465
PG,2021-07-30,0.421969,0.00645,0.352223,0.006161
PG,2021-10-19,0.364193,0.008004,0.324428,0.007944
PG,2019-10-22,0.412792,0.005461,0.271492,0.008352
PG,2019-01-23,0.547655,0.006732,0.18457,0.006711
PG,2020-10-20,0.393272,0.006749,0.166321,0.008009
CECO,2020-03-04,0.500171,0.004407,0.195914,0.008007
CECO,2019-03-07,0.417602,0.004884,0.230987,0.010987
CECO,2019-08-06,0.380843,0.003158,0.14669,0.010341
CECO,2019-05-08,0.494363,0.003729,0.365405,0.009125
CECO,2019-11-06,0.590931,0.003502,0.228494,0.00669
CECO,2018-11-07,0.468538,0.005623,0.277089,0.00802
CRNC,2020-05-07,0.317699,0.009517,0.06377,0.007469
ATRC,2020-02-18,0.337796,0.012467,0.104562,0.006925
ATRC,2019-10-30,0.339354,0.014341,0.260447,0.008815
ATRC,2019-04-25,0.360503,0.011336,0.186935,0.008367
ATRC,2020-11-05,0.351845,0.011845,0.083181,0.012774
ATRC,2021-11-03,0.373684,0.008388,0.161725,0.006629
ATRC,2020-04-29,0.105923,0.011677,0.037337,0.011502
ATRC,2021-02-23,0.235365,0.011736,0.152546,0.009421
ATRC,2019-07-30,0.41671,0.01419,0.224443,0.009292
ATRC,2020-07-28,0.161741,0.013549,0.113421,0.008772
ATRC,2019-02-28,0.475112,0.009817,0.245819,0.010359
ATRC,2021-08-04,0.422368,0.010461,0.186935,0.006966
ATRC,2021-04-27,0.537588,0.008593,0.197716,0.011209
DLTH,2020-09-03,0.365878,0.005374,0.255004,0.006571
DLTH,2021-06-03,0.271422,0.005694,0.211228,0.005123
DLTH,2024-03-07,0.300743,0.00714,0.330634,0.007656
DLTH,2019-04-04,0.380307,0.004474,0.147853,0.004166
DLTH,2023-08-31,0.331564,0.006351,0.158041,0.005767
DLTH,2020-03-19,0.17062,0.009846,0.137333,0.010019
DLTH,2020-12-03,0.239619,0.005866,0.286931,0.009988
DLTH,2023-11-30,0.061681,0.005651,0.199952,0.006946
DLTH,2022-09-01,0.219344,0.008525,0.196059,0.008471
DLTH,2021-09-02,0.420671,0.00474,0.166179,0.009571
DLTH,2023-06-01,0.160059,0.006974,0.20528,0.007455
DLTH,2019-09-12,0.156075,0.007556,0.214839,0.013912
DLTH,2022-03-10,0.597662,0.004693,0.24701,0.011102
DLTH,2018-06-05,0.384993,0.006296,0.145857,0.005079
DLTH,2021-03-18,0.245276,0.006005,0.223151,0.011399
DLTH,2022-06-02,0.343003,0.008118,0.216143,0.006425
DLTH,2024-05-30,0.311212,0.007138,0.455332,0.0
DLTH,2019-12-05,0.205081,0.008822,0.220853,0.00545
DLTH,2020-06-04,0.343747,0.007741,0.183124,0.012153
DLTH,2023-03-09,0.339642,0.006268,0.262478,0.005949
DLTH,2021-12-02,0.629216,0.005959,0.302035,0.008712
DLTH,2024-08-29,0.514187,0.008894,0.312422,0.009235
DLTH,2022-12-01,0.300803,0.005221,0.158373,0.009585
DLTH,2018-03-20,0.468407,0.004234,0.143079,0.0066
BXP,2021-01-27,0.068756,0.009078,0.045841,0.010086
BXP,2021-04-28,0.019871,0.00684,0.057556,0.00827
BXP,2021-10-27,0.242996,0.007125,0.112256,0.009773
BXP,2021-07-28,0.184842,0.008707,0.10468,0.010651
BXP,2019-10-30,0.315947,0.009083,0.126595,0.010738
BXP,2020-01-29,0.472012,0.007239,0.091971,0.009916
BXP,2020-10-28,0.101944,0.007155,0.038208,0.009691
BXP,2020-04-29,-0.05843,0.011885,0.046831,0.011948
BXP,2018-10-31,0.369086,0.00566,0.097042,0.00903
BXP,2019-05-01,0.151567,0.006664,0.087985,0.00761
BXP,2020-07-29,-0.065351,0.007978,0.081852,0.008603
BXP,2019-07-31,0.286703,0.005778,0.101227,0.009732
XOM,2020-07-31,0.007629,0.008661,0.110389,0.007154
XOM,2023-07-28,0.580978,0.005789,0.211085,0.004701
XOM,2019-11-01,0.450556,0.005771,0.212649,0.008598
XOM,2018-02-02,0.111785,0.004617,0.133696,0.006658
XOM,2020-05-01,0.009423,0.009011,0.19064,0.007092
XOM,2022-10-28,0.399308,0.00625,0.200271,0.00733
XOM,2018-04-26,0.26574,0.000617,0.177149,0.006676
XOM,2023-01-31,0.552201,0.005324,0.223037,0.005478
XOM,2018-11-02,0.359302,0.002163,0.224707,0.009469
XOM,2019-02-01,0.314192,0.003782,0.228682,0.006942
XOM,2018-07-27,0.130408,0.005352,0.1195,0.008267
XOM,2023-04-28,0.434728,0.004386,0.22415,0.005162
XOM,2023-10-27,0.512114,0.006215,0.26733,0.005534
XOM,2022-07-29,0.474663,0.003813,0.204033,0.006315
XOM,2024-08-02,0.517576,0.002119,0.287631,0.004587
XOM,2019-04-26,0.144921,0.004786,0.209192,0.009919
XOM,2017-10-27,0.414841,0.002812,0.153963,0.007712
XOM,2021-07-30,0.494516,0.003998,0.236257,0.006526
XOM,2020-10-30,0.088018,0.008525,0.104881,0.005547
XOM,2020-01-31,0.252527,0.004052,0.194567,0.008183
XOM,2022-04-29,0.365546,0.004039,0.223411,0.006346
XOM,2021-04-30,0.535817,0.005985,0.217657,0.005098
XOM,2024-02-02,0.466731,0.003867,0.261346,0.006293
XOM,2021-10-29,0.559353,0.000835,0.259219,0.006567
XOM,2021-02-02,0.354603,0.005321,0.219286,0.006157
XOM,2022-02-01,0.518997,0.002633,0.265606,0.00326
XOM,2019-08-02,0.394614,0.003962,0.1087,0.009287
XOM,2024-04-26,0.322231,0.004537,0.250441,0.004541
USB,2019-10-16,0.315303,0.006347,0.151917,0.009321
USB,2020-10-14,0.17842,0.006227,0.145759,0.007213
USB,2021-07-15,0.374004,0.003713,0.163549,0.009235
USB,2019-01-16,0.229473,0.004084,0.131005,0.006764
USB,2020-01-15,0.171562,0.004403,0.118819,0.009127
USB,2021-01-20,0.10397,0.007692,0.181241,0.00886
USB,2021-04-15,0.044105,0.005944,0.152474,0.007817
USB,2020-07-15,0.062121,0.009398,0.068288,0.009407
USB,2021-10-14,0.297674,0.005341,0.133751,0.010029
USB,2018-10-17,0.164611,0.002834,0.150555,0.010266
USB,2019-07-17,0.308285,0.00492,0.145673,0.006834
USB,2020-04-15,0.196063,0.010638,0.017344,0.010362
USB,2017-01-17,0.138783,0.007293,0.228008,0.009654
USB,2019-04-17,0.262766,0.006719,0.145191,0.00795
EDIT,2021-05-05,0.400822,0.006468,0.138033,0.009619
EDIT,2019-08-06,0.262233,0.007545,0.175321,0.011111
EDIT,2020-11-05,0.367827,0.002597,0.173512,0.010673
EDIT,2020-05-07,0.258378,0.007607,0.208371,0.0
EDIT,2019-05-07,0.339355,0.007663,0.10601,0.007917
EDIT,2021-02-25,0.440948,0.005132,0.191427,0.007662
EDIT,2020-08-06,0.446002,0.004705,0.129578,0.006659
EDIT,2019-11-12,0.357892,0.009081,0.185954,0.011556
EDIT,2020-02-26,0.347296,0.005691,0.125392,0.008466
EDIT,2018-08-06,0.30889,0.006702,0.120357,0.008234
EDIT,2018-11-07,0.284903,0.0077,0.136142,0.009346
EDIT,2021-11-08,0.363963,0.009091,0.164904,0.00777
EDIT,2021-08-04,0.388207,0.009866,0.108115,0.006696
VFC,2020-07-31,0.601707,0.006606,0.171986,0.006496
VFC,2021-01-27,0.442151,0.004889,0.241074,0.007964
VFC,2019-07-24,0.614049,0.004973,0.302184,0.004231
VFC,2018-07-20,0.480096,0.005061,0.299271,0.00683
VFC,2020-01-23,0.40046,0.00411,0.187822,0.005865
VFC,2019-05-22,0.562203,0.008287,0.284374,0.005249
VFC,2018-10-19,0.457316,0.006964,0.244082,0.005231
VFC,2021-05-21,0.620513,0.006746,0.3868,0.008885
VFC,2021-07-30,0.625084,0.006701,0.383812,0.007847
VFC,2021-10-22,0.544988,0.005549,0.276708,0.005248
VFC,2019-10-25,0.554887,0.008253,0.299679,0.007715
VFC,2020-05-15,0.301786,0.008195,0.213801,0.005597
VFC,2020-10-16,0.524202,0.007789,0.279246,0.007782
VFC,2019-01-18,0.528243,0.006092,0.297207,0.006126
CSTL,2019-11-11,0.392347,0.013833,0.043982,0.015699
CSTL,2020-05-11,0.266765,0.014713,0.054807,0.013861
CSTL,2020-03-10,0.404788,0.013325,0.200942,0.016978
CSWC,2020-02-04,0.383541,0.00811,0.084999,0.008829
CSWC,2020-11-02,0.454795,0.006625,0.143536,0.010327
CSWC,2019-06-04,0.582809,0.006418,0.075973,0.006522
CSWC,2022-08-02,0.436715,0.007835,0.123702,0.009153
CSWC,2020-08-04,0.486627,0.00632,0.072454,0.009624
CSWC,2019-08-06,0.425846,0.00634,0.109573,0.008383
CSWC,2019-11-05,0.388942,0.008093,0.036054,0.007011
CSWC,2020-06-02,0.317274,0.00992,0.102505,0.008521
CSWC,2021-08-03,0.485349,0.007785,0.132926,0.011609
CSWC,2021-11-02,0.361224,0.007644,0.091423,0.009781
CSWC,2018-06-05,0.52962,0.007145,0.129631,0.009319
CSWC,2019-02-05,0.327402,0.009039,0.106331,0.012669
CSWC,2022-05-24,0.491641,0.006742,0.081055,0.009449
CSWC,2021-02-02,0.59106,0.005257,0.134955,0.009807
CSWC,2018-11-07,0.50529,0.007576,0.147222,0.009976
CSWC,2022-02-01,0.497221,0.006047,0.109494,0.012987
CSWC,2021-05-26,0.451146,0.006617,0.112319,0.008395
FFBC,2020-04-21,0.06019,0.007628,0.090901,0.014577
FFBC,2020-10-23,0.26182,0.007589,0.133784,0.011677
FFBC,2021-07-23,0.25264,0.012093,0.135052,0.013804
FFBC,2020-01-24,0.274132,0.008148,0.160316,0.015336
FFBC,2021-04-23,0.055326,0.009326,0.154166,0.011723
FFBC,2019-04-26,0.273936,0.005105,0.156307,0.011453
FFBC,2021-10-22,0.258561,0.009519,0.137065,0.013153
FFBC,2019-01-24,0.447737,0.005223,0.127711,0.0133
FFBC,2019-10-18,0.121976,0.007204,0.107391,0.010759
FFBC,2021-01-29,0.428203,0.00833,0.103732,0.014905
FFBC,2020-07-24,0.12797,0.004984,0.078736,0.012303
SO,2018-08-08,0.192344,0.013471,0.092983,0.008107
SO,2021-04-29,0.329114,0.010505,0.093516,0.010959
SO,2020-10-29,0.393379,0.008669,0.12876,0.010431
SO,2019-10-30,0.380824,0.008748,0.149875,0.012274
SO,2019-02-20,0.471952,0.009282,0.123721,0.00879
SO,2020-04-30,0.307711,0.008245,0.131682,0.009574
SO,2021-07-29,0.297097,0.007149,0.102492,0.009619
SO,2020-02-20,0.263093,0.007973,0.142982,0.008355
SO,2019-05-01,0.290163,0.006831,0.147505,0.007333
SO,2021-11-04,0.293608,0.005499,0.148805,0.010542
SO,2018-11-07,0.431328,0.005909,0.13668,0.008096
SO,2021-02-18,0.321855,0.009231,0.124027,0.009506
SO,2019-07-31,0.365903,0.008809,0.127656,0.012051
KMX,2019-09-24,0.560722,0.006107,0.193257,0.00638
KMX,2019-06-21,0.461667,0.007423,0.208558,0.007098
KMX,2018-06-22,0.16239,0.004657,0.155659,0.00742
KMX,2024-04-11,0.23546,0.008677,0.109153,0.011964
KMX,2018-04-04,0.103227,0.009293,0.001379,0.005877
KMX,2018-09-26,0.064461,0.00964,0.14309,0.007841
KMX,2018-12-21,0.310314,0.006497,0.169139,0.007521
LRCX,2021-01-27,0.427281,0.009928,0.212305,0.011831
LRCX,2024-04-24,0.201763,0.007741,0.245755,0.008557
LRCX,2021-07-28,0.477793,0.006783,0.240637,0.006796
LRCX,2022-10-19,0.209822,0.007348,0.149359,0.009155
LRCX,2022-07-27,0.318291,0.007659,0.185866,0.011008
LRCX,2021-10-20,0.476215,0.007325,0.227592,0.007344
LRCX,2019-04-24,0.112833,0.01009,0.147614,0.008086
LRCX,2020-01-29,0.367543,0.007961,0.137851,0.008369
LRCX,2023-01-25,0.111009,0.012327,0.047509,0.010998
LRCX,2024-07-31,0.287911,0.008451,0.20716,0.007179
LRCX,2021-04-21,0.381466,0.005329,0.312495,0.005949
LRCX,2018-10-16,0.32248,0.011307,0.123114,0.00718
LRCX,2024-01-24,0.346347,0.009524,0.20176,0.010465
LRCX,2019-01-23,0.091527,0.009747,0.126046,0.008778
LRCX,2023-07-26,0.119016,0.006344,0.179702,0.010255
LRCX,2022-01-26,0.282684,0.010043,0.25558,0.011734
LRCX,2023-10-18,0.139683,0.008784,0.169219,0.010933
LRCX,2020-04-22,0.192501,0.009937,0.028497,0.010607
LRCX,2019-07-31,0.175842,0.011371,0.178088,0.00975
LRCX,2019-10-23,0.297389,0.007721,0.265429,0.009421
CRAI,2019-08-01,0.301007,0.003878,0.208776,0.01018
CRAI,2019-05-02,0.204488,0.005196,0.138934,0.009479
CRAI,2019-10-31,0.227835,0.004569,0.207573,0.01044
CRAI,2020-04-30,0.174576,0.006063,0.219652,0.010427
CRAI,2019-02-28,0.346928,0.002973,0.246376,0.008044
CRAI,2020-02-27,0.134531,0.005936,0.268061,0.013915
CHD,2020-07-31,0.295501,0.007802,0.179499,0.008897
CHD,2019-05-02,0.322791,0.007519,0.105245,0.008009
CHD,2021-04-29,0.239617,0.005775,0.130474,0.011898
CHD,2020-10-29,0.222065,0.009147,0.196727,0.009485
CHD,2019-10-31,0.492664,0.007007,0.174906,0.003727
CHD,2020-04-30,0.246572,0.007254,0.064505,0.009068
CHD,2021-07-30,0.036906,0.007471,0.061029,0.008778
CHD,2020-01-31,0.205528,0.003667,0.077921,0.008178
CHD,2018-11-01,0.22363,0.006154,0.137764,0.006027
CHD,2021-01-29,0.332443,0.002669,0.146088,0.004814
CHD,2019-02-05,0.196365,0.003672,0.050803,0.006057
CHD,2021-10-29,0.128372,0.007237,0.177657,0.009201
FOXA,2021-05-05,0.484812,0.007311,0.158455,0.004919
FOXA,2021-11-06,0.464925,0.004728,0.106516,0.005018
FOXA,2021-08-06,0.555938,0.005082,0.174425,0.003954
FOXA,2020-05-06,0.259701,0.006735,0.240256,0.005051
FOXA,2019-08-07,0.385115,0.00409,0.085488,0.005107
DTE,2019-07-24,0.326313,0.003249,0.220307,0.00741
DTE,2020-02-05,0.494664,0.003008,0.31955,0.009991
DTE,2018-10-24,0.452865,0.003872,0.185369,0.009432
DTE,2021-10-27,0.480259,0.003388,0.189857,0.008022
DTE,2019-04-24,0.428689,0.002797,0.224098,0.005647
DTE,2019-10-28,0.426487,0.002509,0.209385,0.006831
DTE,2020-10-27,0.55069,0.001447,0.186439,0.009108
DTE,2021-07-27,0.545139,0.002195,0.183668,0.010708
DTE,2020-04-28,0.274012,0.007747,0.182243,0.012785
DTE,2021-02-19,0.692736,0.002349,0.170885,0.010089
DTE,2020-07-28,0.639111,0.003431,0.262671,0.009325
DTE,2021-04-27,0.462749,0.003244,0.175661,0.00937
BLDR,2020-07-31,0.339412,0.008893,0.111898,0.011095
BLDR,2019-05-03,0.511214,0.00694,0.202608,0.00977
BLDR,2019-11-01,0.498812,0.006229,0.266421,0.009204
BLDR,2020-05-01,0.222716,0.007995,0.050437,0.012261
BLDR,2021-02-26,0.626987,0.00521,0.195443,0.008814
BLDR,2019-03-01,0.399477,0.007662,0.19652,0.012178
BLDR,2020-10-30,0.489948,0.006794,0.129012,0.009721
BLDR,2020-02-21,0.502865,0.006645,0.207534,0.012391
BLDR,2021-05-07,0.542214,0.007678,0.218086,0.005975
BLDR,2019-08-02,0.348544,0.006978,0.158454,0.008708
CSTE,2020-02-12,0.19269,0.003058,0.125833,0.010753
CSTE,2021-05-05,0.424004,0.010368,0.215072,0.006593
CSTE,2019-02-06,0.080022,0.00647,0.258888,0.008587
CSTE,2020-05-06,0.185104,0.007729,0.187107,0.012759
CSTE,2020-11-04,0.249321,0.005181,0.340197,0.010186
CSTE,2019-08-07,0.06028,0.00644,0.225171,0.009583
CSTE,2020-08-05,0.269917,0.007216,0.267979,0.009022
CSTE,2019-11-06,0.200245,0.0056,0.253981,0.002841
CSTE,2021-11-03,0.42282,0.005814,0.169932,0.010791
CSTE,2021-02-24,0.463802,0.006126,0.265574,0.007801
CSTE,2019-05-01,0.164241,0.007826,0.100196,0.012539
CSTE,2021-08-04,0.484063,0.005066,0.22142,0.011485
CYTK,2020-05-06,0.155864,0.013017,0.124069,0.009633
CYTK,2020-11-04,0.381882,0.01164,0.128215,0.010649
CYTK,2020-03-03,0.353083,0.006541,0.204373,0.015258
CYTK,2019-02-21,0.44107,0.012514,0.145356,0.010342
CYTK,2019-05-09,0.368964,0.0096,0.161725,0.018874
CYTK,2019-10-31,0.323971,0.008757,0.117763,0.010339
CYTK,2021-11-03,0.398631,0.006761,0.147396,0.014711
CYTK,2021-02-25,0.361745,0.0118,0.174717,0.01626
CYTK,2020-08-07,0.390923,0.006382,0.17966,0.012916
CYTK,2019-08-08,0.429764,0.010829,0.165477,0.011397
CYTK,2021-08-05,0.433712,0.010151,0.17833,0.016254
CYTK,2021-05-06,0.377023,0.007718,0.180213,0.012649
FOXF,2019-02-26,0.331932,0.005602,0.27248,0.007487
FOXF,2020-05-06,0.134274,0.011873,0.042952,0.012268
FOXF,2020-03-03,0.185212,0.007127,0.163617,0.007585
FOXF,2019-10-30,0.34626,0.004321,0.251887,0.008302
FOXF,2020-08-05,0.208002,0.00941,0.084724,0.00812
FOXF,2020-11-10,0.405071,0.008987,0.224247,0.007155
FOXF,2021-02-25,0.432475,0.010896,0.251099,0.007966
FOXF,2021-08-05,0.365102,0.009164,0.180611,0.013442
FOXF,2019-05-01,0.212924,0.008387,0.226376,0.006875
FOXF,2021-05-06,0.409397,0.006177,0.200493,0.00811
FOXF,2019-07-31,0.230988,0.008181,0.259994,0.008898
CUTR,2022-05-10,0.354836,0.007778,0.209272,0.010109
CUTR,2021-02-17,0.324907,0.007071,0.294107,0.014319
CUTR,2022-02-22,0.462221,0.007266,0.277671,0.006196
CUTR,2021-05-05,0.455648,0.007197,0.229123,0.013499
CUTR,2022-08-04,0.27359,0.010551,0.182686,0.012072
CUTR,2019-11-07,0.516161,0.007305,0.23568,0.008475
CUTR,2019-05-09,0.256657,0.009444,0.350681,0.008576
CUTR,2019-02-20,0.226014,0.008944,0.214553,0.009277
CUTR,2020-05-07,0.093068,0.007574,0.202332,0.013755
CUTR,2021-11-03,0.523688,0.005822,0.275645,0.009741
CUTR,2019-08-08,0.324532,0.009828,0.354331,0.003075
CUTR,2020-02-26,0.579841,0.005285,0.309283,0.005758
CUTR,2018-11-06,0.223514,0.009629,0.275719,0.004481
CUTR,2021-08-04,0.616174,0.009186,0.275208,0.01167
COLL,2019-02-27,0.376986,0.008073,0.195075,0.007724
COLL,2019-08-07,0.325476,0.008951,0.257103,0.00738
COLL,2019-05-08,0.112786,0.009541,0.169427,0.006268
COLL,2020-08-05,0.275692,0.010784,0.182133,0.010291
COLL,2019-11-06,0.244987,0.013507,0.180182,0.007129
COLL,2020-05-07,0.179646,0.009067,0.116779,0.00966
COLL,2020-11-06,0.306104,0.012482,0.11415,0.008775
COLL,2021-02-25,0.347744,0.006257,0.126599,0.011733
COLL,2021-08-05,0.43799,0.007263,0.22913,0.008304
COLL,2021-11-04,0.33637,0.007704,0.078908,0.007273
COLL,2021-05-06,0.449492,0.00748,0.254858,0.008623
COLL,2020-02-27,0.444279,0.009018,0.256978,0.010038
ACVA,2021-08-11,0.470845,0.008304,0.192406,0.0089
ACVA,2021-11-10,0.40725,0.008973,0.145238,0.008953
CVBF,2021-07-22,-0.025648,0.009588,0.157727,0.009253
CVBF,2019-07-25,0.126868,0.00666,0.028679,0.00782
CVBF,2020-01-23,0.070719,0.006955,0.015698,0.005814
CVBF,2020-10-22,-0.066913,0.009831,0.190478,0.010917
CVBF,2021-04-22,-0.076788,0.011739,0.113481,0.014991
CVBF,2019-04-25,0.05717,0.008734,0.07575,0.007374
CVBF,2021-10-21,-0.12111,0.009675,0.156917,0.014404
CVBF,2019-10-24,-0.133198,0.008247,0.054009,0.005853
CVBF,2020-07-23,-0.098515,0.007903,0.026301,0.014573
CVBF,2019-01-24,0.250833,0.007328,0.116458,0.009348
CVBF,2020-04-23,-0.131308,0.012099,-0.011023,0.012129
CVBF,2021-01-28,-0.051482,0.009335,0.195036,0.011324
AFIB,2021-11-11,0.293105,0.00498,0.141724,0.00828
AFIB,2021-05-12,0.476522,0.005859,0.24714,0.005775
AFIB,2020-11-12,0.361797,0.005253,0.165531,0.007724
AFIB,2022-03-30,0.349962,0.005407,0.178141,0.010598
AFIB,2021-03-18,0.390246,0.003085,0.094973,0.005662
AFIB,2022-05-12,0.397013,0.008249,0.246277,0.005732
AFIB,2022-08-11,0.215767,0.00617,0.099987,0.006932
AFIB,2021-08-12,0.492791,0.003584,0.184956,0.006999
VRSK,2021-05-05,0.38118,0.009355,0.149009,0.008299
VRSK,2020-05-06,0.239717,0.00997,0.099895,0.009485
VRSK,2019-10-30,0.415366,0.005393,0.186903,0.004602
VRSK,2020-02-19,0.538559,0.004817,0.16939,0.007457
VRSK,2019-02-20,0.344288,0.006123,0.162006,0.007046
VRSK,2021-11-03,0.34923,0.006907,0.178463,0.010139
VRSK,2021-02-24,0.358056,0.008236,0.166509,0.007724
VRSK,2018-10-31,0.259189,0.005233,0.184065,0.008526
VRSK,2019-05-01,0.389752,0.005782,0.202069,0.006492
VRSK,2021-08-04,0.320908,0.00632,0.180328,0.004181
VRSK,2019-07-31,0.324195,0.004905,0.200726,0.006901
AQMS,2021-04-29,0.229935,0.004851,0.212406,0.010388
AQMS,2021-07-29,0.20242,0.005474,0.227008,0.005133
AQMS,2021-02-25,0.198432,0.004938,0.231656,0.004781
FRPH,2020-03-05,0.022275,0.007273,0.27194,0.0
FRPH,2019-03-07,0.141696,0.006545,0.174993,0.007353
FRPH,2019-11-07,0.170725,0.009264,0.159453,0.003933
FRPH,2020-11-06,0.260629,0.007335,0.07433,0.01098
FRPH,2019-08-05,0.288377,0.010343,0.23704,0.0
FRPH,2020-08-06,-0.037638,0.007725,0.106373,0.00759
FRPH,2020-05-08,0.041029,0.00662,0.068658,0.014156
FRPH,2019-05-06,0.263185,0.007547,0.127004,0.011272
BCRX,2023-05-03,0.493059,0.005551,0.21861,0.006908
BCRX,2022-08-04,0.453043,0.006613,0.155294,0.006531
BCRX,2020-03-05,0.397583,0.006289,0.131574,0.009755
BCRX,2022-02-23,0.435392,0.006667,0.184508,0.009801
BCRX,2023-02-21,0.285254,0.004003,0.157873,0.008628
BCRX,2020-05-06,0.358188,0.005429,0.149791,0.006341
BCRX,2024-02-26,0.39779,0.004492,0.145211,0.006957
BCRX,2019-08-06,0.408865,0.005795,0.185861,0.008067
BCRX,2019-05-08,0.341349,0.009809,0.121849,0.012093
BCRX,2019-11-06,0.252791,0.006638,0.083532,0.005378
BCRX,2020-11-05,0.322888,0.003558,0.175452,0.005432
BCRX,2021-11-03,0.480495,0.003663,0.246776,0.007213
BCRX,2021-02-25,0.448503,0.00487,0.183539,0.005854
BCRX,2020-08-06,0.491194,0.003309,0.106977,0.005155
BCRX,2022-11-01,0.404365,0.010075,0.160473,0.009293
BCRX,2021-08-05,0.497728,0.007974,0.235998,0.006787
BCRX,2023-08-03,0.36921,0.006444,0.150506,0.006735
BCRX,2024-05-06,0.514248,0.005149,0.191708,0.007811
BCRX,2019-03-04,0.335944,0.007721,0.111399,0.005589
BCRX,2021-05-06,0.508712,0.004584,0.226862,0.007676
BCRX,2022-05-05,0.346033,0.007921,0.044824,0.0075
BCRX,2023-11-02,0.266427,0.010303,0.169316,0.009551
BCRX,2024-08-05,0.468656,0.004189,0.2926,0.011093
AMPL,2022-05-04,0.365037,0.006813,0.236019,0.006849
ROP,2022-02-02,0.566311,0.003673,0.173492,0.00638
ROP,2022-04-26,0.581816,0.002856,0.218601,0.007526
ROP,2019-07-25,0.411259,0.008634,0.098009,0.012993
ROP,2021-07-23,0.583856,0.005168,0.231145,0.009682
ROP,2019-02-01,0.447738,0.004641,0.114368,0.007909
ROP,2018-04-20,0.33031,0.004481,0.135733,0.008082
ROP,2019-04-25,0.351905,0.005329,0.176903,0.00759
ROP,2019-10-24,0.469906,0.003478,0.093443,0.006759
ROP,2020-01-30,0.375406,0.003227,0.15098,0.010008
ROP,2020-10-27,0.267076,0.002816,0.10739,0.009096
ROP,2021-10-22,0.512883,0.00445,0.191824,0.006108
ROP,2017-10-30,0.43942,0.003039,0.148209,0.011509
ROP,2020-04-28,0.243002,0.006439,0.107168,0.010235
ROP,2021-01-29,0.236757,0.006226,0.092796,0.007168
ROP,2020-07-28,0.235352,0.004451,0.12058,0.010614
ROP,2022-07-22,0.496587,0.003027,0.096657,0.007405
ROP,2021-04-27,0.337654,0.005214,0.204358,0.008612
AME,2021-05-04,0.472818,0.010601,0.257817,0.009149
AME,2020-02-05,0.438394,0.010438,0.121565,0.008711
AME,2020-10-29,0.096391,0.008842,0.110188,0.009379
AME,2020-08-04,0.229066,0.009309,0.145323,0.010595
AME,2019-10-31,0.394057,0.011255,0.233361,0.007514
AME,2021-08-03,0.401689,0.013534,0.214426,0.00785
AME,2021-11-02,0.464253,0.012037,0.308979,0.00696
AME,2020-05-05,0.056074,0.010936,0.181227,0.008874
AME,2021-02-04,0.153105,0.011779,0.173455,0.005469
AME,2018-11-01,0.536898,0.010089,0.24261,0.008029
AME,2019-07-30,0.509401,0.011259,0.22746,0.006175
AME,2019-02-05,0.618671,0.00947,0.327322,0.007982
AME,2019-05-01,0.424312,0.009331,0.226875,0.01044
XEL,2018-10-25,0.567422,0.008293,0.126391,0.00532
XEL,2019-08-01,0.378982,0.007669,0.166562,0.006494
XEL,2021-04-29,0.301171,0.009189,0.232344,0.008948
XEL,2020-07-30,0.380797,0.00935,0.197514,0.009816
XEL,2020-10-29,0.280436,0.010275,0.159164,0.010314
XEL,2019-01-31,0.460932,0.006969,0.136501,0.010138
XEL,2019-04-25,0.484413,0.009967,0.148865,0.015139
XEL,2020-05-07,0.220774,0.014773,0.174192,0.009744
XEL,2021-07-29,0.241175,0.006553,0.191269,0.008194
XEL,2019-10-24,0.331908,0.008177,0.136696,0.008663
XEL,2020-01-30,0.520792,0.008382,0.178393,0.007947
XEL,2021-10-28,0.576308,0.012516,0.193629,0.013357
XEL,2021-01-28,0.394455,0.009769,0.183055,0.012187
AKYA,2022-08-08,0.542551,0.004928,0.188905,0.00845
AKYA,2022-03-14,0.512443,0.005834,0.186928,0.013966
AKYA,2021-11-08,0.472151,0.006709,0.227578,0.00641
AKYA,2022-05-05,0.436473,0.006376,0.199955,0.006332
RJF,2018-10-25,0.086048,0.010307,0.010319,0.01533
RJF,2021-04-29,0.347747,0.005519,0.224515,0.013123
RJF,2019-07-25,0.079446,0.007239,0.094185,0.010544
RJF,2020-01-23,0.096783,0.00885,0.131965,0.010387
RJF,2020-07-30,0.049302,0.007265,0.091463,0.01411
RJF,2020-10-29,0.262839,0.010389,0.207266,0.012147
RJF,2019-04-25,0.195952,0.008565,0.110801,0.008344
RJF,2020-04-30,-0.081624,0.009247,0.054438,0.012252
RJF,2021-07-29,0.377018,0.0092,0.221363,0.015031
RJF,2019-01-24,0.098646,0.008242,0.086732,0.012288
RJF,2021-10-28,0.266813,0.00736,0.230486,0.009494
RJF,2021-01-28,0.378345,0.011388,0.18456,0.009912
CVGW,2023-03-06,0.070301,0.012146,0.128468,0.006862
CVGW,2021-12-20,0.433889,0.011106,0.228685,0.005733
CVGW,2022-03-14,0.230602,0.005575,0.180145,0.008083
CVGW,2021-03-10,0.103885,0.0053,0.150712,0.006319
CVGW,2021-06-08,0.158902,0.003476,0.103179,0.010608
CVGW,2022-09-01,0.287014,0.009716,0.182495,0.005529
CVGW,2022-06-02,0.428137,0.006092,0.284761,0.005079
CVGW,2020-06-08,0.106983,0.004118,0.208877,0.009166
CVGW,2021-09-08,0.30005,0.007503,0.153948,0.010566
CVGW,2022-12-20,0.247711,0.005749,0.242936,0.008479
CAC,2021-10-26,0.0938,0.00537,0.156589,0.008885
CAC,2021-01-26,0.104388,0.00522,0.154921,0.009492
CAC,2020-01-28,0.327653,0.007952,0.200761,0.006997
CAC,2019-01-29,0.378412,0.008959,0.210431,0.011019
CAC,2019-04-30,0.275031,0.011956,0.176462,0.00955
CAC,2020-10-27,0.08143,0.005743,0.195003,0.009938
CAC,2021-07-27,0.005159,0.005047,0.08311,0.00906
CAC,2020-04-28,-0.04011,0.01105,0.076509,0.008053
CAC,2019-10-29,0.260627,0.007273,0.094319,0.014591
CAC,2019-07-30,0.402256,0.005706,0.152093,0.008864
CAC,2020-07-28,0.11103,0.006518,0.076041,0.012752
CAC,2021-04-27,-0.22396,0.007712,0.090998,0.011614
AMSC,2021-06-03,0.466394,0.014374,0.179674,0.010091
AMSC,2022-08-04,0.223687,0.009595,0.281598,0.012609
AMSC,2019-02-06,0.194444,0.009291,0.238237,0.014493
AMSC,2022-02-03,0.289349,0.007617,0.206791,0.008908
AMSC,2019-08-07,0.409682,0.009848,0.269797,0.007063
AMSC,2021-02-04,0.302724,0.009259,0.246152,0.006508
AMSC,2022-06-02,0.325389,0.012891,0.129735,0.011584
AMSC,2021-08-05,0.368452,0.011456,0.322072,0.009164
AMSC,2021-11-09,0.346152,0.00904,0.386156,0.009579
AMSC,2019-06-06,0.260767,0.007692,0.279698,0.010326
KMB,2019-04-22,0.238406,0.004396,0.220346,0.00873
KMB,2024-07-23,0.314677,0.008721,0.264867,0.00533
KMB,2022-10-25,0.402091,0.009877,0.212271,0.006691
KMB,2023-07-25,0.588098,0.009148,0.308228,0.00709
KMB,2020-01-23,0.590472,0.003378,0.210601,0.00897
KMB,2020-10-22,0.358473,0.003944,0.167408,0.005953
KMB,2021-07-23,0.243401,0.008949,0.203612,0.009852
KMB,2024-04-23,0.311061,0.008403,0.294581,0.005765
KMB,2019-07-23,0.672763,0.00117,0.219237,0.010137
KMB,2021-04-23,0.283305,0.007444,0.191164,0.008931
KMB,2022-07-26,0.427565,0.011407,0.301103,0.008689
KMB,2023-10-24,0.664144,0.008644,0.303782,0.008514
KMB,2023-01-25,0.584616,0.004647,0.217057,0.00646
KMB,2018-04-23,0.296296,0.003484,0.114076,0.01092
KMB,2020-07-23,0.418722,0.004956,0.185408,0.008407
KMB,2022-04-22,0.300802,0.007042,0.335736,0.008951
KMB,2021-01-25,0.456914,0.006236,0.220864,0.008925
KMB,2018-07-23,-0.020699,0.003625,0.162769,0.008439
KMB,2024-01-24,0.172229,0.011594,0.286216,0.010652
KMB,2019-01-23,0.367254,0.005222,0.210677,0.007729
KMB,2022-01-26,0.215805,0.007018,0.227583,0.008904
KMB,2021-10-25,0.091316,0.008969,0.218715,0.010077
KMB,2020-04-22,0.201299,0.009304,0.227513,0.00955
ALLT,2020-02-04,0.297039,0.00722,0.213861,0.00617
ALLT,2019-05-14,0.326933,0.00639,0.13755,0.00718
ALLT,2019-08-06,0.313402,0.005757,0.110328,0.007882
ALLT,2020-05-12,0.204683,0.009189,0.134644,0.006203
ALLT,2019-02-05,0.309345,0.007324,0.189883,0.007641
COIN,2022-05-10,0.148609,0.008409,0.141524,0.010194
COIN,2022-08-09,0.162044,0.009625,0.153664,0.007744
COIN,2021-08-10,0.23045,0.010403,0.253534,0.006654
COIN,2023-02-21,0.18227,0.007764,0.199711,0.012727
COIN,2022-02-24,0.169041,0.006509,0.202315,0.007951
COIN,2024-05-02,0.510738,0.007019,0.23595,0.010696
COIN,2023-05-04,0.185623,0.009023,0.190299,0.009558
COIN,2022-11-03,0.219208,0.007788,0.154459,0.006443
COIN,2024-08-01,0.248578,0.007099,0.181611,0.007666
COIN,2021-11-09,0.186591,0.00708,0.187881,0.00744
COIN,2023-08-03,0.136697,0.005095,0.186858,0.00781
COIN,2024-02-15,0.285497,0.00504,0.268807,0.007754
COIN,2023-11-02,0.191172,0.007133,0.147744,0.00938
CMA,2020-04-21,0.077252,0.011006,0.110309,0.01116
CMA,2019-10-16,0.195641,0.008229,0.139446,0.010645
CMA,2019-01-16,0.352568,0.011968,0.136515,0.010128
CMA,2021-10-20,0.237503,0.00588,0.199914,0.010811
CMA,2020-07-21,0.217015,0.008477,0.130622,0.011236
CMA,2021-04-20,0.085061,0.00828,0.152889,0.010133
CMA,2021-01-19,0.300818,0.008857,0.229212,0.011071
CMA,2018-10-16,0.291947,0.008,0.153591,0.008379
CMA,2019-07-17,0.252946,0.009202,0.141976,0.007874
CMA,2019-04-16,0.185696,0.007219,0.187377,0.00725
CMA,2021-07-21,0.243081,0.00931,0.182251,0.011168
CMA,2020-10-20,0.033566,0.009567,0.204441,0.012188
CMA,2020-01-21,0.293312,0.011067,0.096028,0.011003
SPG,2018-10-25,0.509481,0.00921,0.105173,0.00877
SPG,2020-02-04,0.260591,0.013413,0.044978,0.00921
SPG,2023-05-02,0.53684,0.009141,0.195175,0.007393
SPG,2023-02-06,0.437032,0.015711,0.092361,0.008557
SPG,2021-11-01,0.433837,0.012658,0.063195,0.01187
SPG,2019-02-01,0.320956,0.011711,0.097751,0.007324
SPG,2023-10-30,0.451142,0.009775,0.113352,0.007485
SPG,2019-10-30,0.334756,0.006289,0.101448,0.007413
SPG,2020-11-09,0.229764,0.010284,0.101666,0.00814
SPG,2020-05-11,0.070377,0.007592,0.049632,0.008913
SPG,2019-04-30,0.47099,0.009132,0.107897,0.008601
SPG,2020-08-10,0.130666,0.017945,0.003749,0.010165
SPG,2021-02-08,0.188121,0.00825,0.062074,0.010531
SPG,2021-08-02,0.301158,0.012232,0.087386,0.011058
SPG,2022-02-07,0.516204,0.009594,0.110713,0.007877
SPG,2022-11-01,0.502528,0.01279,0.153187,0.008425
SPG,2022-08-01,0.261745,0.010957,0.103683,0.007759
SPG,2024-02-05,0.461061,0.017556,0.124005,0.009154
SPG,2024-05-06,0.473833,0.010879,0.093192,0.009736
SPG,2021-05-10,0.333775,0.012587,0.125675,0.007672
SPG,2022-05-09,0.488199,0.009346,0.134643,0.011319
SPG,2023-08-02,0.463397,0.011418,0.134533,0.006995
SPG,2019-07-31,0.315961,0.006278,0.095315,0.008361
SPG,2024-08-05,0.526456,0.011799,0.101315,0.013912
CCOI,2019-05-02,0.0643,0.00463,0.124631,0.00828
CCOI,2021-04-29,0.18597,0.007785,0.103149,0.007621
CCOI,2021-08-06,0.11779,0.006497,0.101266,0.009942
CCOI,2019-11-07,0.089951,0.006367,0.115101,0.011148
CCOI,2019-02-21,0.123772,0.005297,0.300521,0.006292
CCOI,2021-02-25,0.297318,0.00857,0.187186,0.006657
CCOI,2019-08-08,0.029984,0.004885,0.121126,0.007567
CCOI,2021-11-04,0.131223,0.005248,0.015679,0.010888
CCOI,2020-02-27,0.113047,0.006418,0.125656,0.010871
COOP,2019-08-01,0.343653,0.005083,0.224977,0.004923
COOP,2021-04-29,0.159638,0.007716,0.204022,0.008569
COOP,2024-04-24,0.393917,0.006497,0.274965,0.006907
COOP,2020-02-25,0.256245,0.006667,0.088634,0.009653
COOP,2023-02-10,0.269486,0.00844,0.160922,0.011534
COOP,2020-07-30,0.099036,0.010641,0.159542,0.006545
COOP,2020-10-29,0.307858,0.005121,0.184363,0.006968
COOP,2022-07-27,0.525025,0.007354,0.190664,0.010908
COOP,2024-07-25,0.341929,0.005547,0.259564,0.007041
COOP,2019-10-31,0.198529,0.009066,0.142293,0.006869
COOP,2020-04-30,0.253559,0.00634,0.09717,0.010382
COOP,2021-07-29,0.215747,0.007001,0.247366,0.008037
COOP,2022-02-11,0.320872,0.006529,0.184563,0.010034
COOP,2024-02-09,0.375332,0.007802,0.200462,0.006656
COOP,2023-10-25,0.382009,0.005822,0.277234,0.01013
COOP,2021-02-23,0.501924,0.007047,0.208776,0.010215
COOP,2019-05-01,0.323141,0.007821,0.088099,0.009023
COOP,2023-07-26,0.532137,0.008403,0.201994,0.009405
COOP,2021-10-28,0.425966,0.006153,0.179531,0.012174
COOP,2022-10-26,0.264518,0.008535,0.140204,0.008409
COOP,2022-04-28,0.307264,0.006866,0.067993,0.008472
ADV,2021-11-09,0.327983,0.009895,0.211279,0.002875
DLTR,2022-05-26,0.336812,0.007144,0.200801,0.007752
DLTR,2019-03-06,0.403786,0.006737,0.176238,0.008642
DLTR,2020-03-04,0.27089,0.007035,0.205552,0.00559
DLTR,2021-08-26,0.232943,0.008587,0.266793,0.005456
DLTR,2022-08-25,0.374925,0.006669,0.222018,0.004772
DLTR,2022-03-02,0.311953,0.008208,0.199526,0.006952
DLTR,2022-11-22,0.427937,0.007882,0.181505,0.00614
DLTR,2023-05-25,0.362957,0.008578,0.15473,0.007193
DLTR,2020-11-24,0.376616,0.009636,0.259922,0.007689
DLTR,2023-03-01,0.513434,0.010148,0.202812,0.008301
DLTR,2019-11-26,0.368162,0.010127,0.201471,0.005627
DLTR,2024-06-05,0.151706,0.008383,0.206713,0.008444
DLTR,2020-05-28,0.256953,0.010117,0.156555,0.009666
DLTR,2024-03-13,0.258407,0.010721,0.144292,0.008559
DLTR,2018-03-07,0.406135,0.005609,0.178808,0.007911
DLTR,2021-11-23,0.380798,0.008045,0.184195,0.006207
DLTR,2023-11-29,0.303265,0.007569,0.215047,0.010298
DLTR,2019-08-29,0.22437,0.010379,0.156784,0.007144
DLTR,2023-08-24,0.425944,0.007488,0.202542,0.008454
DLTR,2019-05-30,0.205789,0.010551,0.218138,0.008315
DLTR,2020-08-27,0.272994,0.010867,0.263543,0.007196
DLTR,2021-05-27,0.399207,0.007514,0.192113,0.010233
DLTR,2018-08-30,0.306411,0.005274,0.158705,0.008478
DLTR,2021-03-03,0.32986,0.008924,0.2321,0.008089
DLTR,2024-09-04,0.116501,0.010931,0.151887,0.007622
BELFB,2019-05-02,0.127751,0.008565,-0.005649,0.009319
BELFB,2021-05-03,-0.06942,0.008204,0.184143,0.010814
BELFB,2019-02-21,0.109197,0.009128,0.216424,0.015385
BELFB,2021-07-30,0.2174,0.008841,0.068331,0.010705
BELFB,2021-10-29,0.112562,0.009056,0.033678,0.009464
BELFB,2021-02-18,-0.030886,0.00923,0.135583,0.00972
TJX,2019-02-27,0.483102,0.010304,0.193104,0.008935
TJX,2017-11-14,0.316803,0.012024,0.209318,0.006394
TJX,2018-02-28,0.504113,0.007323,0.17913,0.007895
TJX,2018-11-20,0.32762,0.011939,0.181126,0.008413
TJX,2018-05-22,0.389475,0.010632,0.246474,0.00969
TJX,2021-02-24,0.390939,0.011661,0.160308,0.007349
TJX,2018-08-21,0.395543,0.010398,0.236725,0.007111
TJX,2019-11-19,0.409321,0.012892,0.231003,0.007496
BLKB,2019-02-07,0.424272,0.005474,0.211621,0.006718
BLKB,2021-04-29,0.541404,0.009832,0.191584,0.007339
BLKB,2020-07-30,0.310389,0.008932,0.202787,0.007631
BLKB,2020-05-06,0.25735,0.006478,0.123824,0.005625
BLKB,2021-02-09,0.267314,0.012645,0.226965,0.00669
BLKB,2020-10-30,0.273661,0.007915,0.194708,0.008519
BLKB,2019-10-29,0.424524,0.004785,0.168141,0.005502
BLKB,2019-05-01,0.351404,0.003836,0.237361,0.006773
BLKB,2021-11-04,0.617717,0.011433,0.368401,0.00396
BLKB,2020-02-11,0.396762,0.003893,0.297119,0.00281
BLKB,2021-08-04,0.472099,0.009991,0.225717,0.007156
BLKB,2019-07-31,0.409879,0.004581,0.154941,0.006802
BLKB,2018-10-30,0.282472,0.006552,0.156568,0.007108
ABEO,2019-05-14,0.406713,0.007659,0.134461,0.009837
ABEO,2019-03-19,0.457871,0.008821,0.193879,0.011759
ABEO,2019-08-12,0.285853,0.011232,0.099662,0.011373
APTO,2020-05-05,0.181176,0.013087,0.143332,0.010801
AZTA,2019-08-01,0.483002,0.00894,0.195062,0.009684
AZTA,2021-11-10,0.360289,0.005994,0.282212,0.00417
AZTA,2020-07-30,0.458035,0.008841,0.328238,0.006002
AZTA,2019-11-07,0.425053,0.00644,0.29385,0.007901
AZTA,2018-11-19,0.401013,0.008211,0.12749,0.006941
AZTA,2020-04-30,0.359599,0.008822,0.161613,0.009985
AZTA,2019-04-29,0.346905,0.006842,0.31363,0.013825
AZTA,2020-11-10,0.63785,0.005822,0.230087,0.00619
AZTA,2021-08-05,0.595311,0.005414,0.235579,0.009846
AZTA,2019-02-05,0.440484,0.008271,0.311284,0.01048
AZTA,2020-02-06,0.428827,0.006233,0.30689,0.007754
AZTA,2021-05-10,0.500545,0.007055,0.33083,0.009701
AZTA,2021-02-02,0.428437,0.006637,0.252664,0.008569
COLM,2019-02-07,0.571991,0.00742,0.311039,0.007528
COLM,2021-04-29,0.322811,0.007866,0.181672,0.008621
COLM,2019-07-25,0.546545,0.006454,0.310174,0.010628
COLM,2022-02-03,0.496072,0.006043,0.234435,0.013062
COLM,2020-07-30,0.065498,0.01051,0.129207,0.009884
COLM,2020-10-29,0.01272,0.009524,0.205214,0.010836
COLM,2022-07-27,0.136524,0.010131,0.056629,0.012112
COLM,2019-10-30,0.501465,0.009136,0.214029,0.009373
COLM,2019-04-25,0.476001,0.007433,0.225351,0.010972
COLM,2020-04-30,0.038845,0.00842,0.161053,0.013723
COLM,2021-08-02,0.461944,0.007545,0.163769,0.008496
COLM,2021-02-04,0.22093,0.007929,0.345456,0.007959
COLM,2021-10-28,0.465171,0.006752,0.131724,0.009538
COLM,2020-02-06,0.30299,0.006492,0.234375,0.01145
COLM,2022-04-28,0.494069,0.004841,0.154015,0.007925
CELC,2019-02-26,0.171431,0.01019,0.084419,0.014889
ROL,2024-04-25,0.495091,0.007042,0.222378,0.007781
ROL,2021-01-27,0.285695,0.005513,0.23904,0.005135
ROL,2019-07-24,0.267659,0.008369,0.125311,0.006715
ROL,2021-04-28,0.457235,0.006168,0.19416,0.008449
ROL,2022-04-27,0.192084,0.007022,0.260457,0.014711
ROL,2018-10-24,0.462572,0.0067,0.229176,0.008509
ROL,2021-10-27,0.318549,0.005293,0.120718,0.00673
ROL,2021-07-28,0.306063,0.007661,0.220829,0.006138
ROL,2023-10-26,0.504531,0.00707,0.222602,0.006376
ROL,2022-07-27,0.502253,0.005792,0.209596,0.008418
ROL,2019-04-24,0.313192,0.007605,0.146416,0.00647
ROL,2024-07-25,0.540176,0.006633,0.299831,0.010221
ROL,2023-02-16,0.511741,0.005325,0.296277,0.009945
ROL,2020-01-29,0.212732,0.007342,0.188916,0.007439
ROL,2020-10-28,0.121953,0.005931,0.230969,0.004998
ROL,2020-04-29,0.093437,0.00995,0.026445,0.011212
ROL,2019-01-23,0.453813,0.006549,0.210868,0.010274
ROL,2020-07-29,0.387067,0.006004,0.14461,0.005616
ROL,2022-01-26,0.341161,0.006106,0.166608,0.01227
ROL,2023-07-27,0.605646,0.010912,0.173304,0.008598
ROL,2024-02-15,0.47412,0.009146,0.268782,0.008352
ROL,2022-10-26,0.385402,0.005498,0.148823,0.010256
ROL,2019-10-23,0.429641,0.006865,0.247165,0.008959
FLGT,2022-08-04,0.290837,0.009806,0.218927,0.006743
FLGT,2022-02-23,0.359808,0.012072,0.234872,0.015443
FLGT,2020-08-04,0.428174,0.007829,0.185349,0.011466
FLGT,2020-11-09,0.470512,0.010643,0.379193,0.009437
FLGT,2021-03-04,0.497313,0.013034,0.27443,0.010307
FLGT,2020-05-04,0.202791,0.011719,0.066406,0.007941
FLGT,2022-05-03,0.294435,0.010969,0.285269,0.012124
FLGT,2021-11-09,0.555657,0.01407,0.255775,0.008518
FLGT,2021-08-09,0.272994,0.009977,0.215145,0.011085
FLGT,2021-05-06,0.503595,0.010291,0.233104,0.010503
SBUX,2024-01-30,0.505576,0.005654,0.267055,0.006955
SBUX,2017-11-02,0.599025,0.006357,0.155805,0.00636
SBUX,2023-08-01,0.691112,0.004441,0.363701,0.005255
SBUX,2023-05-02,0.613186,0.005733,0.39702,0.006208
SBUX,2021-01-26,0.434749,0.006463,0.262833,0.010046
SBUX,2019-07-25,0.479632,0.006724,0.255048,0.005598
SBUX,2018-04-26,0.389522,0.007969,0.223643,0.005481
SBUX,2018-01-25,0.316997,0.006269,0.180303,0.008637
SBUX,2020-10-29,0.29547,0.009707,0.334276,0.006571
SBUX,2022-08-02,0.439853,0.004954,0.311961,0.007041
SBUX,2020-01-28,0.574278,0.00412,0.253402,0.008416
SBUX,2019-10-30,0.53751,0.004605,0.271425,0.005636
SBUX,2022-11-03,0.600522,0.006717,0.279275,0.004471
SBUX,2018-07-26,0.539569,0.005261,0.184395,0.009018
SBUX,2019-04-25,0.581602,0.004657,0.325698,0.007442
SBUX,2021-07-27,0.680073,0.005767,0.367056,0.004739
SBUX,2019-01-24,0.393678,0.004484,0.363988,0.005201
SBUX,2022-05-03,0.309747,0.005921,0.28445,0.005918
SBUX,2024-07-30,0.535581,0.00748,0.21175,0.004087
SBUX,2023-02-02,0.394094,0.007486,0.379403,0.006098
SBUX,2020-04-28,0.1821,0.008466,0.214761,0.008495
SBUX,2018-11-01,0.344834,0.005748,0.161111,0.005375
SBUX,2021-10-28,0.544833,0.007847,0.28235,0.005431
SBUX,2020-07-28,0.306418,0.007894,0.245687,0.00846
SBUX,2021-04-27,0.619913,0.006444,0.331889,0.006428
SBUX,2022-02-01,0.351961,0.009105,0.337415,0.004407
SBUX,2024-04-30,0.428299,0.005519,0.149903,0.005446
SBUX,2023-11-02,0.680642,0.006215,0.408483,0.006252
CRMD,2023-05-15,0.270994,0.012573,0.142322,0.007481
CRMD,2024-05-09,0.2918,0.014954,0.166719,0.010973
CRMD,2021-03-30,0.146048,0.008932,0.083322,0.005634
CRMD,2022-03-29,0.318363,0.012219,0.197962,0.00759
CRMD,2024-08-14,0.301645,0.011157,0.15409,0.008774
CRMD,2023-08-08,0.30275,0.015014,0.170218,0.003667
CRMD,2024-03-12,0.315116,0.015804,0.144317,0.008247
CRMD,2022-05-12,0.127161,0.012721,0.175231,0.009326
CRMD,2022-11-10,0.156242,0.012825,0.167056,0.007288
CRMD,2021-11-09,0.193032,0.010216,0.19794,0.007344
CRMD,2022-08-11,0.216471,0.013182,0.105867,0.007812
CRMD,2021-08-12,0.112452,0.010152,0.174851,0.008574
CRMD,2023-11-14,0.241347,0.012977,0.205232,0.008753
FRPT,2022-08-08,0.381077,0.009331,0.116059,0.009038
FRPT,2023-02-27,0.566008,0.008816,0.211385,0.010056
FRPT,2020-11-02,0.49057,0.009952,0.213465,0.008617
FRPT,2020-02-25,0.30063,0.004174,0.089283,0.00751
FRPT,2019-02-26,0.614277,0.006328,0.253318,0.009428
FRPT,2020-08-03,0.55428,0.007015,0.15635,0.008633
FRPT,2018-03-05,0.487276,0.00724,0.224654,0.010249
FRPT,2021-05-03,0.357492,0.009316,0.133815,0.008027
FRPT,2023-08-07,0.470731,0.006135,0.268235,0.007696
FRPT,2024-02-26,0.47352,0.008711,0.20723,0.007306
FRPT,2022-02-28,0.284563,0.013042,0.151105,0.010056
FRPT,2023-11-06,0.545986,0.008671,0.280482,0.008212
FRPT,2023-05-08,0.436937,0.007898,0.253463,0.006546
FRPT,2020-05-04,0.191531,0.010339,0.110528,0.0065
FRPT,2022-05-02,0.416806,0.012731,0.15398,0.011045
FRPT,2019-08-05,0.420277,0.006918,0.192345,0.005765
FRPT,2021-08-02,0.353147,0.006146,0.169231,0.009019
FRPT,2022-11-01,0.48661,0.007984,0.175433,0.007743
FRPT,2019-05-06,0.65822,0.005812,0.204803,0.007989
FRPT,2019-11-04,0.642171,0.006403,0.19014,0.009246
FRPT,2024-05-06,0.675842,0.009071,0.252921,0.008942
FRPT,2021-11-08,0.239976,0.012724,0.179096,0.009372
FRPT,2021-02-22,0.542061,0.010442,0.139072,0.009816
FRPT,2024-08-05,0.578181,0.008251,0.281523,0.007353
YUM,2019-08-01,0.477157,0.00377,0.209955,0.007428
YUM,2023-11-01,0.542514,0.004215,0.335265,0.008568
YUM,2024-08-06,0.492389,0.005053,0.383648,0.007717
YUM,2023-05-03,0.461974,0.003868,0.31709,0.00826
YUM,2021-04-28,0.523571,0.007827,0.248015,0.008904
YUM,2017-11-02,0.565124,0.00607,0.249903,0.006731
YUM,2020-07-30,0.197247,0.007608,0.21714,0.008431
YUM,2020-10-29,0.250702,0.008256,0.209655,0.007299
YUM,2019-10-30,0.485609,0.004728,0.233701,0.007504
YUM,2022-11-02,0.541671,0.003817,0.356172,0.006714
YUM,2024-02-07,0.51784,0.006074,0.335961,0.006707
YUM,2022-08-03,0.391389,0.005944,0.284993,0.006863
YUM,2022-02-09,0.607009,0.006199,0.307519,0.008868
YUM,2021-07-29,0.564627,0.005951,0.344528,0.006824
YUM,2020-04-29,0.125657,0.008314,0.111006,0.008342
YUM,2021-02-04,0.256885,0.00689,0.223226,0.006304
YUM,2024-05-01,0.455688,0.003331,0.322543,0.007934
YUM,2018-10-31,0.379463,0.005987,0.238927,0.005801
YUM,2022-05-04,0.408894,0.004616,0.268918,0.007951
YUM,2019-05-01,0.532178,0.004127,0.246596,0.007508
YUM,2021-10-28,0.510018,0.006129,0.358741,0.008491
YUM,2020-02-06,0.426561,0.005096,0.195525,0.006559
YUM,2023-02-08,0.50069,0.005872,0.275472,0.007117
YUM,2023-08-02,0.551209,0.006012,0.341323,0.004555
CMS,2018-10-25,0.453703,0.008525,0.174029,0.012293
CMS,2021-04-29,0.450891,0.005763,0.220615,0.009386
CMS,2019-07-25,0.368673,0.008103,0.145159,0.006641
CMS,2020-04-27,0.330541,0.012689,0.140786,0.008656
CMS,2019-01-31,0.563096,0.008136,0.218404,0.008877
CMS,2019-04-25,0.455194,0.008623,0.216314,0.006839
CMS,2019-10-24,0.466928,0.011016,0.184306,0.008908
CMS,2020-01-30,0.508016,0.010866,0.263309,0.006939
CMS,2021-02-04,0.575895,0.008732,0.159196,0.008887
CMS,2021-10-28,0.498596,0.006568,0.170249,0.006332
PH,2019-08-01,0.205986,0.002558,0.103816,0.008978
PH,2022-08-04,0.445261,0.004697,0.230233,0.009554
PH,2019-05-02,0.418151,0.005221,0.060964,0.011034
PH,2021-04-29,0.320899,0.001325,0.214459,0.007385
PH,2022-02-03,0.434676,0.002967,0.187974,0.008758
PH,2019-01-31,0.329854,0.003842,0.149349,0.009726
PH,2019-10-31,0.054321,0.004596,0.038105,0.004891
PH,2020-04-30,-0.000759,0.005987,0.142661,0.011509
PH,2020-11-05,0.09589,0.003054,0.213884,0.010132
PH,2020-01-30,0.120482,0.003679,0.114529,0.009843
PH,2020-08-06,-0.073233,0.005969,0.049809,0.009366
PH,2021-02-04,0.283106,0.002775,0.257384,0.007871
PH,2018-11-01,0.425061,0.002645,0.195777,0.006776
PH,2021-08-05,0.463443,0.003033,0.147832,0.008267
PH,2021-11-04,0.375547,0.003797,0.17002,0.009017
PH,2022-05-05,0.371899,0.004996,0.201356,0.010244
BLMN,2020-10-23,0.312406,0.006089,0.297894,0.006714
BLMN,2018-10-29,0.487459,0.009931,0.227101,0.007684
BLMN,2022-02-18,0.440937,0.006913,0.219392,0.007634
BLMN,2021-04-29,0.375739,0.007496,0.248194,0.008096
BLMN,2020-02-18,0.553348,0.006686,0.298019,0.005394
BLMN,2019-11-06,0.298617,0.006745,0.246027,0.006866
BLMN,2022-07-29,0.430229,0.008806,0.201594,0.010995
BLMN,2019-04-26,0.602506,0.004508,0.139767,0.007234
BLMN,2021-07-30,0.469832,0.008246,0.288205,0.008413
BLMN,2020-05-08,0.28507,0.007596,0.217674,0.009222
BLMN,2021-11-02,0.45541,0.008659,0.240536,0.009648
BLMN,2019-02-14,0.550945,0.00586,0.246992,0.005477
BLMN,2022-04-29,0.662521,0.007584,0.222271,0.009649
BLMN,2021-02-18,0.281474,0.00477,0.183334,0.011964
BLMN,2020-07-24,0.043008,0.006885,0.259222,0.006246
BLMN,2019-07-31,0.497151,0.006215,0.188144,0.004548
ROK,2021-01-26,0.089165,0.003487,0.256634,0.005273
ROK,2019-07-25,-0.017512,0.004207,0.068527,0.011245
ROK,2019-04-25,0.118403,0.004028,0.176284,0.009368
ROK,2020-01-29,0.094721,0.004405,0.17618,0.00948
ROK,2019-01-29,0.265729,0.005155,0.137472,0.008336
ROK,2020-11-10,0.24506,0.004777,0.240573,0.007816
ROK,2021-07-27,0.474195,0.00761,0.240989,0.007944
ROK,2020-04-28,0.027819,0.004046,0.089665,0.012205
ROK,2021-11-02,0.524349,0.006091,0.235266,0.008041
ROK,2019-11-12,0.315235,0.006575,0.188119,0.009207
ROK,2020-07-28,-0.005874,0.004882,0.159223,0.009251
ROK,2018-11-07,0.265845,0.003571,0.228803,0.008476
BZUN,2019-11-21,0.677904,0.006223,0.171517,0.003818
BZUN,2024-03-21,0.496858,0.00542,0.274078,0.004257
BZUN,2024-05-28,0.532028,0.004056,0.177749,0.003987
BZUN,2019-08-21,0.664493,0.005376,0.241628,0.003447
BZUN,2022-05-26,0.330496,0.007705,0.25259,0.004488
BZUN,2019-03-06,0.699555,0.006013,0.200987,0.008566
BZUN,2020-11-23,0.477879,0.00711,0.177727,0.003548
BZUN,2021-11-30,0.26015,0.0069,0.331651,0.005711
BZUN,2022-11-29,0.379572,0.005253,0.168371,0.003965
BZUN,2023-05-25,0.313699,0.00431,0.237071,0.002412
BZUN,2020-03-18,0.294464,0.008199,0.177916,0.007416
BZUN,2022-08-23,0.247139,0.007269,0.305741,0.003369
BZUN,2021-05-18,0.606804,0.007339,0.252197,0.002633
BZUN,2021-03-04,0.52,0.007419,0.263412,0.003226
BZUN,2020-06-02,0.441744,0.005592,0.224199,0.005432
BZUN,2021-08-19,0.414206,0.008237,0.205565,0.003561
BZUN,2019-05-30,0.498325,0.005931,0.200243,0.004041
BZUN,2022-03-10,0.4415,0.00619,0.340728,0.004475
BZUN,2018-11-21,0.53719,0.00471,0.197317,0.006196
BZUN,2023-08-28,0.577727,0.005716,0.285374,0.001434
BZUN,2024-08-28,0.371354,0.006353,0.382921,0.004231
BZUN,2023-11-22,0.458901,0.004082,0.249426,0.003466
BZUN,2020-08-21,0.56092,0.00885,0.245835,0.003072
FORR,2021-05-05,0.371648,0.004916,0.280198,0.010101
FORR,2020-02-13,0.297519,0.004047,0.160241,0.008683
FORR,2021-07-28,0.406986,0.002175,0.251421,0.008469
FORR,2021-02-11,0.287163,0.002751,0.223157,0.00995
FORR,2020-05-07,0.255607,0.006685,0.085677,0.008048
FORR,2021-11-03,0.486773,0.002317,0.346065,0.003119
FORR,2019-04-30,0.331209,0.007216,0.270862,0.00573
FORR,2019-10-24,0.356212,0.006891,0.225083,0.003689
FORR,2019-02-13,0.285845,0.004644,0.23201,0.009025
FORR,2019-07-31,0.312273,0.006494,0.075609,0.00402
MDLZ,2020-11-02,0.381594,0.00642,0.329849,0.00914
MDLZ,2018-10-29,0.643587,0.005585,0.275581,0.007048
MDLZ,2019-01-30,0.657579,0.004893,0.279302,0.008335
MDLZ,2020-01-29,0.569264,0.006439,0.275144,0.007923
MDLZ,2019-04-30,0.609473,0.004862,0.204065,0.007876
MDLZ,2021-07-27,0.594526,0.007481,0.255859,0.008395
MDLZ,2020-04-28,0.366398,0.006655,0.180478,0.010325
MDLZ,2021-11-02,0.566523,0.007485,0.237974,0.009541
MDLZ,2019-10-29,0.603163,0.006618,0.237562,0.006579
MDLZ,2019-07-30,0.662975,0.005581,0.278269,0.009314
MDLZ,2020-07-28,0.272772,0.008058,0.206558,0.006219
MDLZ,2021-01-28,0.634521,0.005473,0.296762,0.010298
MDLZ,2021-04-27,0.595843,0.009485,0.275011,0.007672
BIRD,2022-08-08,0.45856,0.00793,0.214732,0.007039
BIRD,2024-05-08,0.240374,0.007625,0.160413,0.009458
BIRD,2022-05-10,0.388597,0.008385,0.195285,0.006681
BIRD,2022-11-08,0.491237,0.009531,0.259125,0.006204
BIRD,2022-02-23,0.566096,0.006724,0.29547,0.004232
BIRD,2024-08-07,0.242311,0.005123,0.247586,0.004326
BIRD,2021-11-30,0.611237,0.007032,0.274696,0.0051
BIRD,2023-05-09,0.366651,0.005336,0.242963,0.004162
BIRD,2023-08-08,0.409053,0.008106,0.270722,0.004474
BIRD,2024-03-12,0.245537,0.008106,0.217517,0.009065
BIRD,2023-11-08,0.384128,0.010104,0.264734,0.00705
BIRD,2023-03-09,0.286767,0.006912,0.184612,0.005342
PCAR,2020-04-21,0.436489,0.00266,0.178858,0.007945
PCAR,2021-10-26,0.56336,0.003411,0.233336,0.009727
PCAR,2021-01-26,0.543647,0.003234,0.252399,0.007881
PCAR,2020-01-28,0.521817,0.00253,0.172927,0.005401
PCAR,2020-07-21,0.358637,0.005613,0.195644,0.007537
PCAR,2018-10-23,0.421334,0.004006,0.186677,0.009261
PCAR,2019-07-23,0.58967,0.002597,0.18528,0.008529
PCAR,2019-04-30,0.500034,0.00555,0.241034,0.007453
PCAR,2021-07-27,0.426313,0.003885,0.174121,0.00858
PCAR,2019-10-22,0.372109,0.002643,0.185941,0.00954
PCAR,2021-04-27,0.568046,0.003292,0.17728,0.009678
PCAR,2020-10-20,0.594401,0.001892,0.213954,0.008452
TEAM,2024-04-25,0.282508,0.011927,0.227692,0.003691
TEAM,2022-08-04,0.153184,0.013761,0.239251,0.005696
TEAM,2024-02-01,0.248714,0.014865,0.258913,0.005807
TEAM,2019-10-17,0.16344,0.01252,0.273853,0.008068
TEAM,2020-07-30,0.170601,0.013423,0.207559,0.005615
TEAM,2023-05-04,0.176245,0.01567,0.198454,0.007541
TEAM,2022-11-03,0.263414,0.018759,0.070808,0.00546
TEAM,2024-08-01,0.310795,0.011009,0.283078,0.007973
TEAM,2018-10-18,0.11727,0.012678,0.205784,0.005147
TEAM,2023-02-02,0.206149,0.018978,0.231184,0.00601
TEAM,2021-10-28,0.292607,0.012853,0.19988,0.003445
TEAM,2022-01-27,0.311876,0.017711,0.23308,0.005014
TEAM,2019-04-17,0.172838,0.014451,0.135005,0.004508
TEAM,2021-01-28,0.209952,0.014164,0.184716,0.004424
TEAM,2023-11-02,0.271343,0.013245,0.215732,0.00634
MDT,2019-05-23,0.565303,0.004346,0.3079,0.007135
MDT,2022-02-22,0.434318,0.003462,0.240522,0.007442
MDT,2019-08-20,0.618729,0.004745,0.238132,0.006633
MDT,2023-02-21,0.435544,0.003459,0.264335,0.006736
MDT,2023-05-25,0.604395,0.003995,0.253819,0.008547
MDT,2020-02-18,0.239169,0.004618,0.194274,0.008351
MDT,2021-11-23,0.531875,0.004433,0.19388,0.004923
MDT,2019-02-19,0.600601,0.005508,0.240374,0.007879
MDT,2018-11-20,0.582658,0.005338,0.266281,0.005941
MDT,2018-08-21,0.541482,0.005606,0.317739,0.006551
MDT,2019-11-19,0.518707,0.004177,0.291878,0.008246
MDT,2021-05-27,0.576814,0.003384,0.232813,0.008241
MDT,2021-02-23,0.453582,0.006255,0.202415,0.005279
MDT,2018-02-20,0.447942,0.007196,0.204079,0.009871
MDT,2021-08-24,0.420325,0.004953,0.16708,0.010066
MDT,2023-08-22,0.62647,0.00319,0.323832,0.005106
ABOS,2022-05-16,0.231752,0.013754,0.148226,0.008772
ABOS,2022-03-28,0.278295,0.010214,0.187619,0.013605
ABOS,2022-08-15,0.164167,0.01561,0.126901,0.012608
ZS,2018-09-05,0.267058,0.008857,0.120323,0.006827
ZS,2021-05-25,0.460112,0.006293,0.262775,0.005826
ZS,2022-05-26,0.614159,0.007998,0.219356,0.004559
ZS,2018-11-04,0.292882,0.010052,0.214046,0.007526
ZS,2021-11-30,0.455703,0.007946,0.214992,0.005405
ZS,2022-09-08,0.562001,0.008168,0.232636,0.006803
ZS,2020-12-02,0.535004,0.004874,0.263249,0.004441
ZS,2022-02-24,0.442234,0.006217,0.221231,0.006898
ZS,2023-11-27,0.47203,0.009221,0.220907,0.004263
ZS,2018-06-06,0.397813,0.007805,0.21494,0.007228
ZS,2020-09-09,0.442612,0.006665,0.226587,0.006121
ZS,2019-09-10,0.269207,0.007267,0.09403,0.007706
ZS,2020-05-28,0.312918,0.009068,0.229657,0.007907
ZS,2019-12-03,0.35982,0.008148,0.158742,0.009744
ZS,2020-02-20,0.323496,0.008703,0.267736,0.007268
ZS,2021-02-25,0.450856,0.005772,0.285725,0.006122
ZS,2023-06-01,0.440938,0.009076,0.243442,0.008008
ZS,2023-03-02,0.461911,0.01089,0.155595,0.009791
ZS,2024-09-03,0.554471,0.009532,0.259761,0.007594
ZS,2019-05-30,0.405478,0.008315,0.202304,0.009754
ZS,2023-09-05,0.543727,0.010092,0.262264,0.007767
ZS,2024-02-29,0.527405,0.009709,0.212185,0.009838
ZS,2024-05-30,0.585464,0.008818,0.229681,0.006151
ZS,2021-09-09,0.534164,0.006844,0.224858,0.008722
ZS,2022-12-01,0.524385,0.007842,0.138012,0.010259
EVRG,2018-11-08,0.264979,0.003887,0.084837,0.00905
EVRG,2019-11-07,0.216972,0.003895,0.103339,0.00902
EVRG,2021-02-26,0.448308,0.004523,0.191198,0.010201
EVRG,2020-08-05,0.26001,0.006975,0.168309,0.012246
EVRG,2020-03-02,0.305282,0.004388,0.203665,0.007763
EVRG,2020-11-05,0.187795,0.003483,0.136177,0.007711
EVRG,2020-05-07,0.006916,0.005485,0.06618,0.013972
EVRG,2021-11-03,0.220438,0.006467,0.181894,0.009647
EVRG,2019-02-22,0.270036,0.002641,0.12769,0.009684
EVRG,2019-08-08,0.149034,0.005885,0.157841,0.012625
EVRG,2021-08-05,0.413196,0.004736,0.114628,0.005702
EVRG,2021-05-06,0.282684,0.005605,0.18196,0.008416
ALLO,2020-05-06,0.231351,0.007442,0.098813,0.009031
ALLO,2019-08-07,0.245355,0.009014,0.1173,0.011925
ALLO,2019-11-05,0.334207,0.006519,0.100214,0.009243
ALLO,2019-05-07,0.226042,0.011919,0.137279,0.007434
ALLO,2021-11-04,0.110519,0.005724,0.116072,0.009926
ALLO,2020-02-27,0.355483,0.008603,0.174281,0.009003
BLBD,2020-02-12,0.454755,0.002043,0.196125,0.007546
BLBD,2019-12-11,0.415988,0.003415,0.245586,0.012155
BLBD,2019-02-06,0.406537,0.002489,0.200504,0.00733
BLBD,2019-05-09,0.463727,0.003024,0.215459,0.009849
BLBD,2019-08-07,0.388693,0.001874,0.274221,0.015428
BLBD,2018-12-06,0.459481,0.002927,0.129058,0.01573
BLBD,2020-05-14,0.216384,0.006299,0.042214,0.004451
FARO,2022-04-27,0.18765,0.011382,0.104155,0.011205
FARO,2019-05-02,0.379871,0.007589,0.061605,0.006478
FARO,2021-04-29,0.176223,0.013822,0.155714,0.016003
FARO,2019-07-25,-0.048494,0.007878,0.139615,0.008492
FARO,2021-10-27,0.459478,0.010582,0.272979,0.011981
FARO,2019-10-31,0.010954,0.01292,0.15873,0.016442
FARO,2019-02-20,0.281444,0.008009,0.150428,0.011704
FARO,2022-08-03,0.144946,0.012043,0.303432,0.01053
FARO,2021-07-29,0.413518,0.010542,0.242821,0.011232
FARO,2020-04-29,-0.052376,0.010281,0.135208,0.009879
FARO,2020-02-20,0.22893,0.014557,0.112256,0.016839
FARO,2022-02-16,0.336478,0.014177,0.119069,0.010768
FARO,2021-02-18,0.212848,0.012896,0.234988,0.007452
ASML,2020-01-22,0.392952,0.003646,0.220026,0.009799
ASML,2019-10-16,0.187802,0.004255,0.14718,0.009758
ASML,2020-10-14,0.471952,0.006226,0.115783,0.011812
ASML,2021-10-20,0.459306,0.004941,0.164997,0.008692
ASML,2021-01-20,0.523405,0.001589,0.118574,0.008581
ASML,2020-07-15,0.637002,0.004306,0.117008,0.009779
ASML,2020-04-15,0.174694,0.00657,0.052159,0.008458
ASML,2021-07-21,0.270827,0.002836,0.169184,0.009893
SYF,2020-04-21,0.19221,0.006858,0.097157,0.009847
SYF,2022-10-25,0.386481,0.008645,0.176788,0.010552
SYF,2024-04-24,0.440544,0.006173,0.083161,0.009694
SYF,2023-07-18,0.349597,0.009384,0.237849,0.009672
SYF,2018-10-19,0.466114,0.004626,0.186022,0.011003
SYF,2020-07-21,0.025554,0.007139,0.13399,0.011584
SYF,2023-10-24,0.469624,0.009003,0.170676,0.010115
SYF,2024-01-23,0.423417,0.008278,0.141837,0.010082
SYF,2021-10-19,0.429023,0.005376,0.25319,0.00576
SYF,2019-10-18,0.348059,0.00456,0.216297,0.006159
SYF,2021-07-20,0.147655,0.00475,0.214112,0.007763
SYF,2019-01-23,0.471834,0.006934,0.183554,0.009028
SYF,2021-01-29,0.107776,0.007383,0.259896,0.008484
SYF,2023-01-23,0.29353,0.007119,0.189962,0.010334
SYF,2024-07-17,0.381719,0.005972,0.217759,0.00836
SYF,2022-07-18,0.407452,0.005467,0.125377,0.009609
SYF,2021-04-27,0.250138,0.007412,0.221756,0.00951
SYF,2020-10-20,0.152082,0.005933,0.117769,0.009179
ABT,2021-07-22,0.382042,0.013709,0.320233,0.008689
ABT,2020-01-22,0.355286,0.008467,0.295764,0.00526
ABT,2021-01-27,0.513987,0.007888,0.272966,0.011004
ABT,2018-07-17,0.611315,0.005911,0.25543,0.006525
ABT,2019-10-16,0.393848,0.008923,0.300856,0.007691
ABT,2022-07-20,0.363869,0.010753,0.289497,0.007929
ABT,2020-04-16,0.402459,0.007049,0.188301,0.008873
ABT,2024-07-18,0.400373,0.005424,0.371967,0.005772
ABT,2022-10-19,0.260737,0.010499,0.206879,0.009105
ABT,2021-10-20,0.492755,0.009875,0.288948,0.006422
ABT,2022-04-20,0.315793,0.009679,0.320787,0.005047
ABT,2023-07-20,0.27358,0.007995,0.348466,0.005357
ABT,2023-01-25,0.231872,0.008721,0.291279,0.006674
ABT,2024-04-17,0.47591,0.008461,0.30365,0.007373
ABT,2018-10-17,0.334912,0.005039,0.196473,0.007371
ABT,2021-04-20,0.442704,0.010458,0.331053,0.005842
ABT,2018-04-18,0.478852,0.009132,0.246793,0.00839
ABT,2019-07-17,0.226837,0.008032,0.296247,0.007245
ABT,2024-01-24,0.465786,0.007591,0.382515,0.004982
ABT,2019-01-23,0.497518,0.006722,0.206645,0.008822
ABT,2022-01-26,0.474897,0.011973,0.272365,0.008694
ABT,2023-10-18,0.334412,0.010159,0.319044,0.006078
ABT,2019-04-17,0.283205,0.005869,0.252869,0.006861
ADM,2021-10-26,0.423317,0.00838,0.184002,0.010705
ADM,2019-08-01,0.178642,0.006021,0.074376,0.010313
ADM,2022-04-26,0.482127,0.009259,0.255544,0.008038
ADM,2022-01-25,0.542245,0.010221,0.317889,0.013624
ADM,2021-01-26,0.5535,0.007302,0.27746,0.00758
ADM,2020-07-30,0.420674,0.006591,0.27889,0.009044
ADM,2019-10-31,0.263602,0.004798,0.135601,0.012862
ADM,2020-04-30,0.276412,0.007832,0.115942,0.010603
ADM,2022-07-26,0.65029,0.006594,0.302753,0.009562
ADM,2020-01-30,0.373382,0.005463,0.148297,0.009234
ADM,2019-04-26,0.266801,0.006315,0.177904,0.01007
ADM,2021-07-27,0.427156,0.00594,0.210115,0.010489
ADM,2020-10-30,0.411342,0.006732,0.241303,0.007743
ADM,2019-02-05,0.42202,0.006189,0.195587,0.01166
ADM,2018-11-06,0.516314,0.005697,0.223475,0.011836
ADM,2021-04-27,0.342404,0.005859,0.199523,0.007528
AMP,2019-07-25,0.532081,0.006892,0.194346,0.008121
AMP,2018-10-24,0.550411,0.008598,0.162196,0.01174
AMP,2021-10-27,0.713396,0.008155,0.304269,0.009369
AMP,2020-07-30,0.15592,0.01251,0.171746,0.0097
AMP,2020-10-29,0.490157,0.007879,0.229635,0.012246
AMP,2019-01-31,0.203686,0.008141,0.273214,0.007656
AMP,2019-04-25,0.549801,0.007294,0.152975,0.012237
AMP,2020-05-07,0.492334,0.012703,0.208919,0.011077
AMP,2019-10-24,0.509754,0.008123,0.214391,0.010888
AMP,2020-01-30,0.556611,0.00733,0.264333,0.010672
AMP,2021-07-27,0.709921,0.010189,0.170075,0.007962
AMP,2021-01-28,0.527126,0.005854,0.356714,0.00999
AMP,2021-04-27,0.532968,0.004774,0.206185,0.010993
OMC,2022-02-08,0.417338,0.003912,0.15594,0.009578
OMC,2018-10-19,0.091957,0.005084,0.067203,0.008662
OMC,2022-04-19,0.174386,0.00654,0.213794,0.010602
OMC,2021-04-20,0.064128,0.003185,0.238166,0.008926
OMC,2020-10-27,-0.03842,0.004929,0.155805,0.011126
OMC,2021-10-19,0.449305,0.003614,0.162739,0.009356
OMC,2020-04-28,0.025452,0.005511,-0.003875,0.009528
OMC,2019-07-17,0.00689,0.003652,0.082472,0.009041
OMC,2021-07-20,0.471725,0.004804,0.20778,0.010685
OMC,2022-07-19,0.275359,0.003905,0.15916,0.014807
OMC,2019-04-16,-0.000418,0.003286,0.137049,0.009349
OMC,2020-07-28,-0.166095,0.008225,0.071447,0.013934
OMC,2020-02-11,-0.043477,0.004365,0.119234,0.008641
OMC,2019-10-15,0.126588,0.002931,0.032766,0.009978
OMC,2019-02-12,0.234975,0.004044,0.123509,0.012541
OMC,2021-02-18,-0.047636,0.005384,0.315855,0.010119
WDAY,2023-02-27,0.447495,0.008024,0.256018,0.00813
WDAY,2022-05-26,0.427155,0.006487,0.138222,0.011268
WDAY,2021-08-26,0.602582,0.005691,0.291176,0.008373
WDAY,2018-11-29,0.496421,0.010569,0.249809,0.008188
WDAY,2022-08-25,0.474793,0.006907,0.174785,0.008371
WDAY,2022-11-29,0.446232,0.007674,0.209636,0.016464
WDAY,2020-11-19,0.50439,0.007558,0.225018,0.010671
WDAY,2018-09-04,0.300363,0.010343,0.199344,0.008516
WDAY,2023-05-25,0.462112,0.006985,0.218538,0.005326
WDAY,2024-02-26,0.468098,0.006753,0.368266,0.00658
WDAY,2020-05-27,0.349283,0.007879,0.149774,0.008855
WDAY,2024-05-23,0.610906,0.005565,0.233357,0.006494
WDAY,2017-11-29,0.435439,0.009638,0.192772,0.008682
WDAY,2019-05-28,0.408956,0.009753,0.256454,0.009331
WDAY,2019-12-03,0.463098,0.011008,0.215448,0.008853
WDAY,2024-08-22,0.603182,0.007066,0.282047,0.007602
WDAY,2021-02-25,0.424586,0.00791,0.292578,0.011364
WDAY,2019-08-29,0.348583,0.010029,0.1978,0.007998
WDAY,2023-08-24,0.565129,0.00616,0.401925,0.006796
WDAY,2021-11-18,0.597784,0.005705,0.3128,0.011918
WDAY,2023-11-28,0.56645,0.00567,0.308302,0.005371
WDAY,2020-08-27,0.477481,0.007192,0.204547,0.008019
WDAY,2021-05-26,0.562913,0.005117,0.270742,0.009603
WDAY,2020-02-27,0.455468,0.011168,0.23675,0.011201
ALRM,2021-05-04,0.286799,0.008219,0.227588,0.014713
ALRM,2020-02-25,0.472661,0.005261,0.180458,0.007613
ALRM,2019-05-09,0.335663,0.007744,0.158571,0.009721
ALRM,2020-08-05,0.356927,0.00932,0.238799,0.010218
ALRM,2020-11-05,0.315112,0.007805,0.176526,0.011476
ALRM,2019-11-05,0.343493,0.008423,0.098429,0.009547
ALRM,2021-02-25,0.315358,0.005716,0.132655,0.010367
ALRM,2019-08-08,0.458446,0.00399,0.182445,0.010696
ALRM,2021-08-05,0.154395,0.008272,0.177942,0.017911
ALRM,2021-11-04,0.099813,0.006046,0.155851,0.003257
ALRM,2019-02-28,0.405892,0.004575,0.146448,0.012929
ALRM,2018-11-07,0.335773,0.006791,0.191616,0.00911
NEE,2019-07-24,0.473675,0.011813,0.200401,0.008336
NEE,2023-07-25,0.501198,0.01735,0.241118,0.007618
NEE,2022-01-25,0.540936,0.015945,0.234897,0.011924
NEE,2021-01-26,0.591074,0.011741,0.270517,0.008302
NEE,2022-10-28,0.427409,0.019174,0.252038,0.00917
NEE,2019-04-23,0.39927,0.013858,0.215864,0.009704
NEE,2021-07-23,0.424996,0.017685,0.287033,0.007968
NEE,2022-04-21,0.398988,0.017025,0.186249,0.010631
NEE,2021-10-20,0.532558,0.013874,0.227055,0.009205
NEE,2018-10-23,0.604936,0.01275,0.219902,0.008083
NEE,2020-01-24,0.458965,0.010232,0.204764,0.010792
NEE,2024-04-23,0.345637,0.015129,0.208006,0.008088
NEE,2024-07-24,0.53492,0.009718,0.220418,0.009339
NEE,2023-10-24,0.46985,0.017773,0.271252,0.006494
NEE,2023-01-25,0.528592,0.0144,0.25051,0.006548
NEE,2019-01-25,0.478002,0.012521,0.146586,0.007879
NEE,2021-04-21,0.52172,0.012923,0.249845,0.005821
NEE,2019-10-22,0.430017,0.013195,0.233594,0.014289
NEE,2020-10-21,0.584632,0.012777,0.23466,0.010297
NEE,2018-01-26,0.406537,0.011025,0.223426,0.00827
NEE,2022-07-22,0.495055,0.016894,0.24988,0.009457
NEE,2020-04-22,0.490826,0.011667,0.195088,0.008653
NEE,2024-01-25,0.505131,0.019145,0.214794,0.009296
NEE,2020-07-24,0.467655,0.013111,0.172962,0.004191
NOW,2021-01-27,0.543255,0.004987,0.205786,0.004175
NOW,2019-07-24,0.444136,0.008291,0.158277,0.005194
NOW,2021-04-28,0.54134,0.003793,0.296461,0.005625
NOW,2024-04-24,0.529514,0.004568,0.288601,0.00552
NOW,2021-10-27,0.59812,0.002879,0.24673,0.006086
NOW,2021-07-28,0.481773,0.007216,0.268337,0.005155
NOW,2022-07-27,0.529288,0.003806,0.197073,0.009004
NOW,2019-04-24,0.62911,0.008222,0.209831,0.007
NOW,2024-07-24,0.492326,0.004289,0.260064,0.006682
NOW,2019-01-30,0.515786,0.009122,0.179319,0.005904
NOW,2020-01-29,0.420523,0.006054,0.243468,0.00552
NOW,2020-10-28,0.546467,0.005215,0.274477,0.007033
NOW,2023-01-25,0.511183,0.002865,0.28458,0.005833
NOW,2020-04-29,0.451149,0.009463,0.214112,0.008446
NOW,2023-10-25,0.557523,0.003004,0.328148,0.005817
NOW,2024-01-24,0.566354,0.003723,0.374588,0.004734
NOW,2023-07-26,0.581896,0.004451,0.306868,0.007063
NOW,2020-07-29,0.519278,0.005137,0.244384,0.005874
NOW,2022-01-26,0.58807,0.003759,0.213739,0.004894
NOW,2022-10-26,0.471356,0.004988,0.248455,0.005344
NOW,2019-10-23,0.284314,0.007368,0.219528,0.007367
CSX,2018-07-17,0.350227,0.0042,0.202017,0.007605
CSX,2019-10-16,0.150073,0.003456,0.101522,0.009757
CSX,2019-01-16,0.261525,0.002981,0.203886,0.010796
CSX,2018-04-17,0.328141,0.003082,0.128483,0.011523
CSX,2021-10-20,0.414004,0.006083,0.186145,0.009838
CSX,2021-01-21,0.357238,0.005315,0.208931,0.010387
CSX,2018-01-16,0.123802,0.00551,0.092778,0.008502
CSX,2019-07-16,0.114561,0.00293,0.091812,0.009567
CSX,2021-04-20,0.366259,0.005652,0.151993,0.006322
CSX,2020-07-22,0.03736,0.005171,0.138004,0.008873
CSX,2018-10-16,0.401964,0.004564,0.187931,0.008893
CSX,2020-10-21,0.089725,0.003562,0.194854,0.006541
CSX,2019-04-16,0.187,0.004527,0.146301,0.01043
CSX,2020-01-16,0.07595,0.006188,0.119046,0.006788
CSX,2021-07-21,0.551749,0.005804,0.171859,0.007305
CSX,2020-04-22,0.171103,0.006391,0.104187,0.00979
CWCO,2022-08-12,0.47451,0.007654,0.019421,0.010875
CWCO,2021-08-17,0.196628,0.005761,0.122036,0.011299
CWCO,2021-11-16,0.168647,0.006859,0.194855,0.013707
CWCO,2019-08-12,0.39221,0.003597,0.127655,0.012491
CWCO,2021-04-01,0.1184,0.005358,0.086066,0.009758
CWCO,2020-03-16,0.387973,0.00458,0.023063,0.015713
CWCO,2019-11-12,0.363868,0.004799,0.099548,0.015333
CWCO,2022-03-30,0.254161,0.00367,0.117106,0.014111
CWCO,2020-05-18,0.147503,0.004795,-0.074798,0.009167
CWCO,2020-11-17,0.065398,0.007634,0.100857,0.013251
CWCO,2020-08-17,-0.019309,0.0058,0.039488,0.01195
CWCO,2022-05-13,0.403775,0.006154,0.163285,0.008617
CARR,2021-04-29,0.610072,0.00396,0.191334,0.012183
CARR,2021-07-29,0.660995,0.002803,0.24201,0.008528
CARR,2021-02-09,0.412629,0.004675,0.220825,0.008354
CARR,2021-10-28,0.453709,0.002693,0.238532,0.005699
AZO,2020-12-08,0.467354,0.010864,0.221657,0.00575
AZO,2021-05-25,0.570315,0.011291,0.27557,0.005432
AZO,2019-12-10,0.442913,0.008061,0.280438,0.007787
AZO,2020-09-22,0.349477,0.009943,0.166471,0.007059
AZO,2021-12-07,0.485776,0.0076,0.226723,0.008688
AZO,2020-03-03,0.286737,0.008028,0.218617,0.009926
AZO,2018-12-04,0.43048,0.006919,0.145501,0.004328
AZO,2020-05-26,0.166177,0.009209,0.078358,0.01087
AZO,2021-09-21,0.427985,0.008466,0.26602,0.007509
AZO,2019-09-24,0.483295,0.006628,0.269154,0.007835
AZO,2018-05-22,0.502788,0.009081,0.157752,0.008229
AZO,2019-05-21,0.51711,0.008052,0.262127,0.007679
AZO,2021-03-02,0.577074,0.012313,0.266239,0.007453
EXEL,2023-11-01,0.367317,0.009412,0.151336,0.008097
EXEL,2023-02-07,0.329208,0.0153,0.217276,0.009516
EXEL,2024-08-06,0.357338,0.009031,0.198636,0.0083
EXEL,2022-05-10,0.480801,0.010931,0.181167,0.008967
EXEL,2023-08-01,0.40145,0.011342,0.245607,0.010504
EXEL,2020-02-25,0.240884,0.01162,0.178793,0.011699
EXEL,2022-08-09,0.408896,0.01069,0.161833,0.008408
EXEL,2024-02-06,0.274081,0.016656,0.179124,0.010003
EXEL,2023-05-09,0.33516,0.011349,0.177828,0.004319
EXEL,2019-10-30,0.377581,0.011208,0.182031,0.011439
EXEL,2020-11-05,0.515538,0.008621,0.192464,0.010906
EXEL,2021-02-10,0.449636,0.008817,0.199817,0.009746
EXEL,2018-05-02,0.5532,0.007916,0.172629,0.011152
EXEL,2018-02-26,0.396071,0.008028,0.229519,0.008447
EXEL,2020-08-06,0.398426,0.009446,0.147503,0.011018
EXEL,2022-11-01,0.384996,0.010334,0.182509,0.013167
EXEL,2021-11-02,0.437075,0.007263,0.177371,0.013875
EXEL,2020-05-05,0.469747,0.01152,0.208077,0.009638
EXEL,2018-11-01,0.481139,0.008863,0.224514,0.007578
EXEL,2021-08-05,0.346183,0.008378,0.210927,0.00894
EXEL,2019-05-01,0.481052,0.010156,0.248199,0.008441
EXEL,2021-05-06,0.424667,0.009984,0.203386,0.012256
EXEL,2019-02-12,0.494223,0.007076,0.248748,0.010819
EXEL,2019-07-31,0.430521,0.011189,0.233046,0.008707
EXEL,2024-04-30,0.398086,0.010196,0.163129,0.009137
EXEL,2022-02-17,0.411101,0.008553,0.251452,0.011404
PAYC,2023-02-07,0.463358,0.015821,0.16471,0.007843
PAYC,2023-08-01,0.538692,0.011696,0.092729,0.005677
PAYC,2021-05-04,0.461678,0.011544,0.114352,0.010923
PAYC,2020-02-05,0.382419,0.012793,0.138391,0.007261
PAYC,2023-05-02,0.525605,0.013583,0.150922,0.007632
PAYC,2020-11-04,0.446372,0.012789,0.21051,0.008516
PAYC,2022-02-08,0.496173,0.010748,0.237901,0.007539
PAYC,2022-08-02,0.440901,0.013068,0.192868,0.008067
PAYC,2020-08-04,0.338671,0.016028,0.146629,0.01011
PAYC,2018-07-31,0.31468,0.010501,0.151742,0.009563
PAYC,2024-02-07,0.445074,0.011062,0.112438,0.009254
PAYC,2023-10-31,0.395012,0.014136,0.031845,0.006797
PAYC,2021-02-10,0.349696,0.01496,0.106757,0.008749
PAYC,2019-04-30,0.210434,0.014891,0.215386,0.006995
PAYC,2024-07-31,0.466324,0.011715,0.198997,0.010366
PAYC,2021-08-03,0.506527,0.010407,0.161753,0.007182
PAYC,2022-05-03,0.479355,0.009455,0.199795,0.006717
PAYC,2022-11-01,0.447712,0.011283,0.097611,0.008244
PAYC,2020-04-28,0.234616,0.012677,0.045512,0.009726
PAYC,2021-11-02,0.392841,0.013472,0.249516,0.009273
PAYC,2019-10-29,0.278314,0.015991,0.211905,0.006479
PAYC,2024-05-01,0.41907,0.010811,0.150447,0.00998
PAYC,2019-07-30,0.249176,0.014706,0.148858,0.006927
PAYC,2019-02-05,0.38329,0.012105,0.202056,0.007626
PAYC,2018-10-30,0.258002,0.01196,0.127746,0.005308
MPC,2024-01-30,0.387819,0.01574,0.240099,0.006924
MPC,2022-02-02,0.368982,0.01864,0.155182,0.006248
MPC,2019-08-01,0.28763,0.010053,0.255935,0.0087
MPC,2024-08-06,0.439883,0.01049,0.253455,0.012283
MPC,2020-11-02,0.046405,0.007262,0.184251,0.008087
MPC,2023-08-01,0.35354,0.018795,0.18571,0.008344
MPC,2021-05-04,0.158933,0.011323,0.162781,0.006681
MPC,2023-05-02,0.193975,0.015431,0.168028,0.007421
MPC,2020-08-03,0.043114,0.012716,0.197968,0.008044
MPC,2023-01-31,0.209352,0.015173,0.212683,0.008361
MPC,2022-08-02,0.295908,0.018833,0.208474,0.005124
MPC,2019-10-31,0.33665,0.012619,0.236648,0.007677
MPC,2019-05-08,0.291253,0.005349,0.161432,0.006111
MPC,2023-10-31,0.300456,0.013993,0.188285,0.009104
MPC,2020-01-29,0.394284,0.013031,0.213204,0.006077
MPC,2022-05-03,0.228832,0.014773,0.091239,0.008545
MPC,2022-11-01,0.282253,0.013911,0.212446,0.006615
MPC,2021-11-02,0.165744,0.013496,0.215406,0.008446
MPC,2020-05-05,0.086041,0.010779,0.08148,0.008908
MPC,2018-11-01,0.181108,0.012922,0.201506,0.009667
MPC,2021-02-02,0.192038,0.010574,0.190825,0.006838
MPC,2021-08-04,0.159162,0.014303,0.174585,0.006975
MPC,2024-04-30,0.131996,0.014121,0.177809,0.010827
KR,2022-03-03,0.58921,0.003211,0.291893,0.004918
KR,2018-09-13,0.493431,0.003349,0.159192,0.007178
KR,2022-09-09,0.735655,0.003075,0.270461,0.007708
KR,2022-06-16,0.557586,0.005188,0.202463,0.007295
KR,2021-09-10,0.530706,0.005104,0.181878,0.006955
KR,2020-03-05,0.448188,0.004323,0.273816,0.006442
KR,2019-03-07,0.461669,0.004111,0.146942,0.00697
KR,2018-06-21,0.492009,0.004918,0.112478,0.00731
KR,2024-03-07,0.583974,0.002326,0.237871,0.006935
KR,2023-06-15,0.557859,0.006003,0.201875,0.005673
KR,2018-03-08,0.428348,0.005837,0.150987,0.007713
KR,2020-12-03,0.523049,0.005016,0.189758,0.004853
KR,2023-11-30,0.547205,0.00438,0.212522,0.006859
KR,2018-12-06,0.498141,0.005697,0.124055,0.005259
KR,2021-03-04,0.548844,0.00483,0.232852,0.007234
KR,2017-11-30,0.421716,0.00425,0.141668,0.00739
KR,2020-09-11,0.595155,0.006042,0.275293,0.006744
KR,2023-09-08,0.574185,0.006336,0.221652,0.00873
KR,2020-06-18,0.531386,0.004753,0.228465,0.008427
KR,2019-09-12,0.53537,0.00214,0.224355,0.00625
KR,2023-03-02,0.573076,0.006417,0.185431,0.00901
KR,2019-06-20,0.408888,0.002664,0.262828,0.005774
KR,2024-06-20,0.439983,0.005952,0.333751,0.004521
KR,2019-12-05,0.350402,0.003796,0.271126,0.008347
KR,2021-06-17,0.490587,0.004435,0.286789,0.005579
KR,2021-12-02,0.478787,0.003625,0.287162,0.004866
KR,2022-12-01,0.478381,0.005798,0.24897,0.008309
ERII,2019-08-01,0.486678,0.011266,0.16171,0.012658
ERII,2020-03-05,0.357575,0.008508,0.07359,0.012442
ERII,2019-05-02,0.461843,0.010413,0.200853,0.01007
ERII,2019-03-07,0.503967,0.006151,0.198397,0.011011
ERII,2019-10-31,0.387246,0.007081,0.067379,0.005566
ERII,2020-04-30,0.148811,0.013485,0.049795,0.005442
FCX,2021-07-22,0.50564,0.002756,0.165161,0.009497
FCX,2019-07-24,0.330089,0.006274,0.156377,0.007812
FCX,2021-01-26,0.43181,0.006062,0.17654,0.006696
FCX,2020-01-23,0.351312,0.003654,0.115001,0.005804
FCX,2018-10-24,0.253496,0.005173,0.156174,0.009033
FCX,2020-10-22,0.314984,0.003543,0.199746,0.007098
FCX,2018-01-25,0.199901,0.00364,0.086183,0.007872
FCX,2021-04-22,0.529045,0.003916,0.141039,0.007565
FCX,2019-04-25,0.285971,0.003936,0.114885,0.006346
FCX,2021-10-21,0.352924,0.004513,0.146254,0.006334
FCX,2020-07-23,0.463581,0.005559,0.080576,0.00719
FCX,2019-01-24,0.259345,0.006528,0.144042,0.005069
FCX,2020-04-24,0.16973,0.006583,0.130426,0.011117
FCX,2019-10-23,0.326998,0.004631,0.130331,0.00578
ARCT,2020-05-07,0.246951,0.011504,0.154192,0.013141
ARLP,2020-07-27,-0.120298,0.00767,0.074903,0.012724
ARLP,2021-02-01,0.359014,0.015475,0.106238,0.010619
ARLP,2024-04-29,0.130258,0.009349,0.180594,0.011745
ARLP,2023-05-02,0.334255,0.00905,0.147414,0.010657
ARLP,2024-07-29,0.097077,0.009206,0.120169,0.013277
ARLP,2023-10-27,0.134981,0.010496,0.143431,0.014976
ARLP,2019-04-29,0.451585,0.01436,0.190606,0.010397
ARLP,2023-01-30,0.344096,0.011236,0.198741,0.012857
ARLP,2019-10-28,0.052101,0.014371,0.08462,0.018079
ARLP,2022-05-02,0.404824,0.010148,0.180108,0.014178
ARLP,2021-07-26,0.613836,0.011944,0.25745,0.009727
ARLP,2020-05-09,-0.040931,0.011226,0.050757,0.016272
ARLP,2020-10-26,0.465911,0.011348,0.129116,0.011113
ARLP,2020-01-27,0.162389,0.01241,0.092886,0.014459
ARLP,2019-01-28,0.440971,0.011725,0.151123,0.01158
ARLP,2022-08-01,0.456528,0.01073,0.060036,0.011633
ARLP,2019-07-26,0.211437,0.015722,0.08451,0.013575
ARLP,2021-04-26,0.30414,0.014258,0.128352,0.010311
ARLP,2022-10-31,0.436122,0.009044,0.193334,0.016729
ARLP,2022-01-31,0.237268,0.013881,0.232963,0.012237
ARLP,2024-01-29,0.165386,0.009922,0.111882,0.014503
ARLP,2023-07-31,0.087062,0.00768,0.143154,0.011554
ARLP,2021-10-25,0.501279,0.011817,0.082568,0.008626
DOW,2021-07-22,0.592295,0.008037,0.187233,0.004573
DOW,2024-04-25,0.234237,0.004147,0.317523,0.007072
DOW,2022-07-21,0.404604,0.006329,0.226554,0.007421
DOW,2023-07-25,0.040992,0.006164,0.119763,0.005142
DOW,2022-04-21,0.572615,0.005215,0.229626,0.007417
DOW,2021-04-22,0.559049,0.006108,0.190636,0.006178
DOW,2024-07-25,0.249936,0.002383,0.195772,0.008149
DOW,2021-10-21,0.370861,0.006133,0.12403,0.007454
DOW,2023-01-26,0.1548,0.007054,0.110959,0.00754
DOW,2023-10-24,0.146965,0.003781,0.238877,0.006153
DOW,2022-10-20,0.112509,0.006231,0.073889,0.007273
DOW,2022-01-27,0.488004,0.007139,0.148844,0.008489
DOW,2021-01-28,0.65241,0.004258,0.246834,0.007832
DOW,2024-01-25,0.224414,0.004838,0.28936,0.008979
UDR,2020-02-12,0.432521,0.008746,0.140012,0.010138
UDR,2021-04-28,0.563304,0.010612,0.116345,0.008397
UDR,2021-10-27,0.542152,0.011409,0.216881,0.009472
UDR,2019-10-30,0.442588,0.007232,0.110374,0.010065
UDR,2021-02-10,0.25232,0.009071,0.110401,0.008343
UDR,2021-07-29,0.475843,0.010635,0.158166,0.008476
UDR,2020-05-08,0.21501,0.010333,0.083295,0.009269
UDR,2020-10-30,0.246766,0.011859,0.105847,0.008151
UDR,2019-02-13,0.425035,0.008839,0.208566,0.012548
UDR,2019-05-01,0.390364,0.010784,0.156381,0.011001
UDR,2020-07-29,0.165632,0.008664,-0.022569,0.009498
UDR,2018-10-30,0.499308,0.007976,0.089437,0.011151
EHTH,2021-04-29,0.203278,0.008189,0.219804,0.006966
EHTH,2019-07-25,0.292188,0.010689,0.228337,0.010937
EHTH,2020-10-22,0.261147,0.007218,0.116126,0.006555
EHTH,2019-02-21,0.333969,0.008629,0.286783,0.008587
EHTH,2019-04-25,0.32896,0.011701,0.212868,0.008166
EHTH,2021-07-29,0.252772,0.005783,0.205622,0.009276
EHTH,2020-02-20,0.287046,0.008466,0.233569,0.007226
EHTH,2019-10-24,0.244124,0.00745,0.202869,0.008618
EHTH,2020-07-23,0.476562,0.009556,0.158743,0.008792
EHTH,2020-04-23,0.149673,0.009366,0.154548,0.007877
EHTH,2021-02-18,0.226895,0.006797,0.16146,0.007708
APEI,2022-05-10,0.112409,0.013847,0.011265,0.006553
APEI,2022-08-09,0.262701,0.01355,0.110734,0.004544
APEI,2022-03-02,0.217158,0.012121,0.099289,0.005793
APEI,2019-08-06,-0.065561,0.013596,0.00545,0.009411
APEI,2020-11-09,0.499232,0.009988,0.259095,0.007111
APEI,2020-05-11,0.380009,0.013601,0.220059,0.0089
APEI,2019-05-07,-0.190196,0.014181,0.103702,0.010493
APEI,2020-08-10,0.479684,0.009532,0.147803,0.009174
APEI,2021-03-09,0.410749,0.012329,0.258496,0.008197
APEI,2019-11-12,-0.00256,0.014138,0.30705,0.005195
APEI,2018-11-06,-0.068279,0.01444,-0.009218,0.008487
APEI,2021-08-09,0.074109,0.00956,0.125342,0.009398
APEI,2019-03-12,-0.033833,0.014518,0.112646,0.006173
APEI,2021-05-10,0.124088,0.009839,0.08946,0.008797
APEI,2020-03-10,0.163733,0.012828,0.222798,0.005969
APEI,2021-11-08,0.149178,0.011506,0.149023,0.004608
WMB,2019-08-01,0.577387,0.006101,0.177554,0.008365
WMB,2019-05-02,0.376967,0.004161,0.203816,0.008825
WMB,2020-11-03,0.374986,0.004649,0.243964,0.008448
WMB,2021-05-04,0.463379,0.004586,0.256767,0.012633
WMB,2020-08-04,0.314201,0.006087,0.220404,0.010316
WMB,2020-02-20,0.513695,0.002747,0.188445,0.007832
WMB,2021-08-03,0.494295,0.003152,0.277685,0.005932
WMB,2021-11-02,0.562723,0.003928,0.172531,0.00891
WMB,2020-05-05,0.112278,0.006949,0.167441,0.01237
WMB,2018-11-01,0.550363,0.003267,0.180795,0.007112
WMB,2019-02-14,0.502839,0.0043,0.221444,0.008237
WMB,2021-02-23,0.457862,0.005591,0.175706,0.008017
RTX,2021-10-26,0.42567,0.006095,0.157339,0.011553
RTX,2018-01-24,0.394701,0.006103,0.245555,0.007067
RTX,2022-10-25,0.280523,0.003828,0.21634,0.007159
RTX,2022-04-26,0.245703,0.005727,0.141585,0.006213
RTX,2023-07-25,0.369165,0.006304,0.146927,0.00667
RTX,2022-01-25,0.315551,0.00549,0.216357,0.012537
RTX,2021-01-26,0.311099,0.005912,0.201554,0.00983
RTX,2019-04-23,0.572566,0.005216,0.228175,0.008152
RTX,2020-01-28,0.240016,0.004591,0.148188,0.009918
RTX,2018-10-23,0.379232,0.005172,0.090914,0.007165
RTX,2024-07-25,0.557792,0.004911,0.294787,0.008207
RTX,2024-04-23,0.600706,0.002962,0.270422,0.007529
RTX,2019-07-23,0.336095,0.00526,0.164388,0.009512
RTX,2022-07-26,0.309798,0.005013,0.119555,0.007312
RTX,2023-10-24,0.459116,0.006163,0.186312,0.008112
RTX,2021-07-27,0.585895,0.003381,0.25487,0.00859
RTX,2024-01-23,0.478583,0.003856,0.28229,0.00908
RTX,2018-07-24,0.406673,0.00735,0.242772,0.009969
RTX,2023-01-24,0.510457,0.004328,0.240486,0.006405
RTX,2019-10-22,0.28736,0.00614,0.23681,0.006751
RTX,2019-01-23,0.457422,0.006023,0.249336,0.013582
RTX,2021-04-27,0.463194,0.004472,0.247715,0.008626
AFRM,2024-05-08,0.050358,0.01847,0.206355,0.009225
AFRM,2022-11-08,0.334542,0.02118,0.093266,0.010861
AFRM,2021-11-10,0.451826,0.003922,0.139621,0.009683
AFRM,2022-08-25,0.381502,0.009993,0.136391,0.008552
AFRM,2023-05-09,0.26831,0.015845,0.223615,0.008627
AFRM,2024-02-08,0.074114,0.022727,0.230771,0.007441
AFRM,2022-02-10,0.455566,0.005643,0.193127,0.007259
AFRM,2023-08-24,0.187827,0.011254,0.179196,0.006764
AFRM,2023-11-08,0.174593,0.017738,0.179619,0.008041
AFRM,2022-05-12,0.45383,0.009908,0.112804,0.008841
AFRM,2024-08-28,0.052627,0.014493,0.151609,0.008489
AFRM,2021-05-10,0.40392,0.007098,0.128973,0.011038
AFRM,2021-09-09,0.375802,0.005752,0.140223,0.005907
AFRM,2023-02-08,-0.004885,0.012579,0.105995,0.00877
TRV,2019-04-18,0.453151,0.005893,0.097851,0.007601
TRV,2020-04-21,0.187477,0.009887,0.032849,0.011097
TRV,2020-01-23,0.52882,0.005742,0.04609,0.00868
TRV,2021-01-21,0.552439,0.007171,0.090731,0.013716
TRV,2019-07-23,0.380903,0.006257,0.131807,0.006568
TRV,2018-10-18,0.547172,0.004656,0.105925,0.013605
TRV,2021-04-20,0.495566,0.007694,0.185415,0.013921
TRV,2020-07-23,0.018141,0.009241,0.074748,0.012805
TRV,2021-10-19,0.293561,0.009767,0.07348,0.010792
TRV,2019-10-22,0.345274,0.004737,0.097972,0.008621
TRV,2021-07-20,0.555732,0.005729,0.104659,0.011017
TRV,2019-01-22,0.382622,0.006403,0.100596,0.011609
TRV,2020-10-20,0.447923,0.008688,0.079944,0.013531
FGEN,2019-02-27,0.298372,0.010165,0.174815,0.009447
FGEN,2021-03-01,0.38201,0.007059,0.131789,0.009009
FGEN,2019-11-11,0.327191,0.011463,0.13343,0.008858
FGEN,2019-05-09,0.232315,0.011512,0.106785,0.009752
FGEN,2020-03-02,0.284021,0.009483,0.173069,0.017207
FGEN,2020-11-05,0.239574,0.010695,0.231198,0.0088
FGEN,2020-08-06,0.194746,0.009392,0.264427,0.013333
FGEN,2020-05-09,0.25752,0.010092,0.224486,0.010667
FGEN,2019-08-08,0.162551,0.007695,0.173769,0.009056
FGEN,2021-11-09,0.304834,0.007916,0.183377,0.00677
FGEN,2021-08-09,0.224959,0.008832,0.073491,0.012019
FGEN,2021-05-10,0.30463,0.009693,0.20264,0.010076
BALL,2019-08-01,0.521007,0.009009,0.224864,0.009982
BALL,2019-05-02,0.471515,0.008741,0.19474,0.009426
BALL,2019-01-31,0.447994,0.010048,0.223317,0.010836
BALL,2019-10-31,0.543969,0.007207,0.161751,0.006561
BALL,2020-05-07,0.350398,0.006806,0.114962,0.007234
BALL,2020-08-06,0.334404,0.009382,0.179732,0.013985
BALL,2021-02-04,0.654245,0.00484,0.192067,0.006847
BALL,2018-11-01,0.520612,0.00795,0.074599,0.006561
BALL,2021-08-05,0.733173,0.004599,0.24587,0.009141
BALL,2020-02-06,0.442893,0.007077,0.172308,0.00793
BALL,2021-11-04,0.507716,0.006149,0.141663,0.007714
BALL,2021-05-06,0.587278,0.005362,0.186027,0.009457
GPC,2021-07-22,0.678256,0.004182,0.270753,0.008415
GPC,2019-04-18,0.546083,0.004371,0.170997,0.005983
GPC,2021-02-17,0.411381,0.004123,0.230647,0.007852
GPC,2019-10-17,0.413471,0.006585,0.244182,0.008803
GPC,2020-10-22,0.364671,0.004053,0.230302,0.009723
GPC,2020-07-30,0.055225,0.007219,0.321395,0.009137
GPC,2020-05-06,0.166342,0.005736,0.130092,0.008303
GPC,2019-07-18,0.529914,0.005587,0.143933,0.008618
GPC,2021-04-22,0.626241,0.003183,0.287728,0.00754
GPC,2020-02-19,0.385889,0.007604,0.295371,0.007173
GPC,2018-10-18,0.652935,0.00449,0.248948,0.005899
GPC,2021-10-21,0.737198,0.003892,0.353773,0.003688
GPC,2019-02-19,0.634616,0.00477,0.292928,0.007285
HON,2019-04-18,0.483976,0.007715,0.230808,0.009173
HON,2024-04-25,0.608555,0.00514,0.24641,0.006208
HON,2024-02-01,0.582213,0.004356,0.327172,0.009581
HON,2019-10-17,0.506443,0.004903,0.226786,0.011095
HON,2020-05-01,0.050461,0.006833,0.134629,0.012348
HON,2018-07-20,0.507711,0.004649,0.313308,0.009141
HON,2022-02-03,0.374077,0.004928,0.224009,0.010124
HON,2021-07-23,0.535328,0.003966,0.265943,0.008647
HON,2019-02-01,0.619031,0.00794,0.268379,0.009648
HON,2023-10-26,0.536718,0.005806,0.339848,0.008804
HON,2018-10-19,0.49915,0.008057,0.265413,0.011835
HON,2019-07-18,0.512826,0.006991,0.17329,0.01055
HON,2024-07-25,0.543946,0.007816,0.171791,0.005275
HON,2018-04-20,0.603624,0.006867,0.33441,0.007668
HON,2021-04-23,0.256707,0.005794,0.201737,0.010412
HON,2021-10-22,0.482554,0.004812,0.212232,0.00659
HON,2020-10-30,0.251249,0.006664,0.274764,0.008447
HON,2020-01-31,0.383853,0.009646,0.126902,0.008651
HON,2023-02-02,0.45562,0.006552,0.231733,0.012074
HON,2022-07-28,0.466538,0.004768,0.209799,0.00864
HON,2023-04-27,0.635388,0.002586,0.280691,0.011734
HON,2022-04-29,0.442962,0.00653,0.226116,0.00866
HON,2022-10-27,0.555602,0.006893,0.216348,0.014149
HON,2021-01-29,0.444303,0.006883,0.175092,0.00822
HON,2023-07-27,0.563684,0.002271,0.257075,0.008377
HON,2020-07-24,0.021722,0.007728,0.146821,0.011802
WBA,2021-01-07,0.312448,0.007613,0.23603,0.008758
WBA,2019-04-02,0.162021,0.007713,0.21487,0.007725
WBA,2018-01-04,0.247746,0.004557,0.20564,0.007264
WBA,2020-10-15,0.246479,0.007909,0.131355,0.013578
WBA,2017-03-28,0.41599,0.003938,0.195536,0.009628
WBA,2020-01-08,0.257963,0.004379,0.187945,0.009881
WBA,2021-03-31,0.365351,0.004611,0.207626,0.007536
WBA,2019-10-28,0.281815,0.006431,0.220183,0.008393
WBA,2021-10-14,0.466241,0.004146,0.159304,0.009252
WBA,2023-01-05,0.416872,0.006427,0.105733,0.009384
WBA,2023-10-12,0.309131,0.008736,0.208793,0.004693
WBA,2024-06-27,0.110463,0.00802,0.090534,0.008972
WBA,2022-01-06,0.536565,0.005879,0.079654,0.009497
WBA,2020-07-09,0.178239,0.005994,0.137552,0.009015
WBA,2019-06-27,0.272316,0.005569,0.150988,0.009201
WBA,2024-01-04,0.242163,0.007555,0.206629,0.007046
WBA,2023-06-27,0.365329,0.007373,0.299922,0.009217
WBA,2018-10-11,0.403745,0.005853,0.222148,0.008842
WBA,2021-07-01,0.653841,0.005378,0.171039,0.008739
WBA,2020-04-02,0.238679,0.005188,0.166412,0.008256
CENTA,2022-02-02,0.326004,0.003241,0.323983,0.009843
CENTA,2021-05-05,0.56922,0.004834,0.181798,0.008373
CENTA,2022-08-03,0.072698,0.004503,0.099248,0.00439
CENTA,2022-05-04,0.296519,0.004149,0.132243,0.008069
CENTA,2021-02-03,0.568857,0.005263,0.212509,0.008873
BA,2021-01-27,0.208286,0.00531,0.14256,0.008333
BA,2019-07-24,0.401047,0.005602,0.157697,0.008594
BA,2021-04-28,0.371313,0.006503,0.193062,0.006559
BA,2022-04-27,0.307365,0.005915,0.152557,0.007536
BA,2024-04-24,0.250092,0.00301,0.12873,0.006074
BA,2018-10-24,0.620076,0.003098,0.149792,0.004946
BA,2021-10-27,0.498525,0.006769,0.082115,0.011477
BA,2024-01-31,0.315487,0.004198,0.194349,0.00885
BA,2021-07-28,0.547188,0.007673,0.200888,0.010344
BA,2022-07-27,0.026623,0.0,0.232653,0.009091
BA,2019-04-24,0.397802,0.002932,0.172728,0.003542
BA,2019-01-30,0.71908,0.004427,0.273525,0.006222
BA,2020-01-29,0.145783,0.005849,0.143862,0.009639
BA,2020-10-28,0.206993,0.007482,0.165838,0.010054
BA,2023-01-25,0.461328,0.002157,0.205936,0.008734
BA,2020-04-29,0.079677,0.007179,0.194887,0.013742
BA,2024-07-31,0.252821,0.005796,0.163384,0.006394
BA,2018-07-25,0.689278,0.004661,0.265045,0.005769
BA,2023-10-25,0.448645,0.002498,0.206534,0.007041
BA,2018-04-25,0.697119,0.00451,0.315053,0.006654
BA,2023-07-26,0.354748,0.003337,0.213459,0.010006
BA,2020-07-29,0.135014,0.007473,0.222332,0.009287
BA,2022-01-26,0.398492,0.006397,0.116106,0.01078
BA,2022-10-26,0.39811,0.003686,0.155719,0.011211
BA,2018-01-31,0.647275,0.004196,0.249476,0.006109
BA,2019-10-23,0.39418,0.007317,0.213207,0.009246
APA,2019-08-01,0.104709,0.008371,0.186195,0.008048
APA,2022-02-22,0.343221,0.010036,0.152832,0.011485
APA,2022-08-04,0.092064,0.004444,0.13787,0.010821
APA,2019-05-02,0.247277,0.004887,0.143453,0.007894
APA,2020-07-30,0.09697,0.010165,0.151459,0.010353
APA,2024-05-02,0.146597,0.006206,0.197041,0.008403
APA,2023-05-04,0.152885,0.007448,0.160314,0.008826
APA,2022-11-03,0.383187,0.011,0.149546,0.011355
APA,2024-08-01,0.275643,0.011682,0.175283,0.009865
APA,2019-10-31,0.233958,0.007611,0.133846,0.009599
APA,2020-11-05,0.076815,0.011266,0.109243,0.005773
APA,2020-05-07,-0.076638,0.011202,0.111867,0.00932
APA,2023-02-23,0.369919,0.011523,0.143559,0.007749
APA,2021-02-25,0.176559,0.006538,0.149165,0.00838
APA,2018-11-01,0.481729,0.008673,0.222589,0.007373
APA,2021-08-05,0.166703,0.007353,0.138959,0.007766
APA,2024-02-22,0.215143,0.009134,0.066884,0.012533
APA,2023-08-03,0.254068,0.006529,0.192573,0.007752
APA,2021-11-04,0.265601,0.009858,0.167374,0.011864
APA,2019-02-28,0.324812,0.007023,0.179374,0.008129
APA,2021-05-06,0.168805,0.010725,0.183366,0.007864
APA,2022-05-05,0.234411,0.011137,0.189904,0.008569
APA,2023-11-02,0.25014,0.007345,0.155512,0.00669
APA,2020-02-27,0.14545,0.007273,0.133253,0.007681
FTNT,2019-08-01,0.446846,0.007568,0.211565,0.009482
FTNT,2019-02-06,0.591779,0.004244,0.122836,0.007974
FTNT,2019-05-02,0.378599,0.005251,0.229035,0.006721
FTNT,2021-04-29,0.519548,0.00735,0.186512,0.010995
FTNT,2020-05-06,0.419429,0.007579,0.250284,0.015176
FTNT,2020-10-29,0.435975,0.004869,0.205108,0.013751
FTNT,2020-08-06,0.458756,0.007695,0.206252,0.011088
FTNT,2021-02-04,0.574878,0.005889,0.24072,0.012805
FTNT,2018-11-01,0.495747,0.00539,0.236187,0.008855
FTNT,2020-02-06,0.446212,0.007037,0.217811,0.011278
FTNT,2021-11-04,0.402664,0.006778,0.260302,0.0091
CERT,2022-08-09,0.102043,0.009952,0.109029,0.010175
CERT,2021-03-04,0.361995,0.006229,0.232996,0.009508
CERT,2021-08-05,0.335699,0.008669,0.270288,0.006646
CERT,2022-03-01,0.197145,0.00739,0.119373,0.0126
CERT,2021-11-09,0.369142,0.006988,0.179078,0.009218
CERT,2021-05-06,0.290288,0.006267,0.169032,0.010463
CERT,2022-05-05,0.323825,0.007647,0.306336,0.006013
GE,2021-10-26,0.288308,0.003883,0.235498,0.007018
GE,2022-10-25,0.273694,0.003967,0.299348,0.006633
GE,2022-04-26,0.297085,0.002632,0.255165,0.008656
GE,2023-07-25,0.588951,0.005977,0.358777,0.006681
GE,2022-01-25,0.279574,0.003671,0.161551,0.009357
GE,2021-01-26,0.241563,0.006151,0.187388,0.007251
GE,2018-07-20,0.001993,0.002143,0.13633,0.006313
GE,2019-01-31,0.165186,0.004765,0.133514,0.00698
GE,2019-10-30,0.020313,0.004302,0.162325,0.007726
GE,2024-04-23,0.611861,0.004539,0.217942,0.007001
GE,2022-07-26,0.344778,0.004198,0.203586,0.005864
GE,2020-01-29,0.096673,0.00457,0.18138,0.009748
GE,2020-10-28,0.166668,0.005105,0.213506,0.006725
GE,2023-10-24,0.641254,0.005016,0.27206,0.005309
GE,2020-04-29,-0.037758,0.005664,0.123146,0.008897
GE,2019-04-30,0.050719,0.005092,0.104537,0.011582
GE,2021-07-27,0.516226,0.003663,0.245459,0.008159
GE,2024-01-23,0.664058,0.007613,0.263974,0.008909
GE,2023-01-24,0.613703,0.006569,0.279147,0.006861
GE,2020-07-29,-0.015067,0.009014,0.173492,0.009135
GE,2021-04-27,0.312729,0.004862,0.201452,0.008171
GE,2018-10-30,-0.07148,0.002636,0.167254,0.007873
ESPR,2022-02-22,0.391316,0.011506,0.217662,0.009868
ESPR,2020-11-02,0.303037,0.005776,0.196513,0.009677
ESPR,2021-05-04,0.498662,0.010862,0.211197,0.004766
ESPR,2020-05-06,0.347561,0.005489,0.15744,0.008547
ESPR,2022-08-02,0.344668,0.008667,0.230914,0.007566
ESPR,2021-08-03,0.380704,0.011476,0.244572,0.01021
ESPR,2020-08-10,0.377037,0.008884,0.235405,0.009005
ESPR,2022-05-03,0.406833,0.011121,0.30594,0.011962
ESPR,2021-11-02,0.426729,0.010695,0.16789,0.00866
ESPR,2021-02-23,0.348705,0.007104,0.089299,0.00641
ESS,2021-04-28,-0.138703,0.008133,0.067398,0.007819
ESS,2018-10-29,0.096539,0.011566,0.08228,0.011937
ESS,2019-07-25,0.327714,0.007755,0.093494,0.007818
ESS,2021-10-27,0.368558,0.0089,0.03996,0.010567
ESS,2020-08-04,-0.160626,0.008518,0.044857,0.009945
ESS,2019-01-31,0.29559,0.009712,0.065477,0.011466
ESS,2020-05-07,-0.025821,0.011045,-0.029186,0.011357
ESS,2021-02-05,-0.069714,0.009281,0.032847,0.008925
ESS,2019-10-24,0.399551,0.005168,0.040918,0.008256
ESS,2020-01-30,0.344389,0.007556,0.086735,0.007705
ESS,2021-07-30,0.346686,0.009558,0.100036,0.010946
ESS,2020-10-30,-0.245779,0.005769,0.07445,0.006752
ALTO,2022-08-08,0.554801,0.0065,0.152961,0.010653
ALTO,2022-05-09,0.364646,0.009013,0.217539,0.013772
DSGX,2020-03-04,0.317516,0.010439,0.133635,0.012886
DSGX,2020-09-09,0.205212,0.011241,0.126015,0.010626
DSGX,2020-05-27,0.26805,0.012262,0.033861,0.018721
DSGX,2020-12-03,0.33379,0.015361,0.219813,0.012497
DSGX,2019-12-04,0.398171,0.008901,0.145964,0.007989
CERS,2019-08-01,0.45868,0.008449,0.20877,0.008102
CERS,2022-02-22,0.464851,0.005948,0.349326,0.009104
CERS,2022-08-04,0.527457,0.005338,0.212329,0.009246
CERS,2021-05-04,0.455144,0.006954,0.273704,0.013789
CERS,2019-02-26,0.415671,0.009314,0.191972,0.015686
CERS,2020-10-29,0.306851,0.012522,0.225927,0.00639
CERS,2020-08-04,0.334181,0.008898,0.269805,0.005124
CERS,2019-10-30,0.381315,0.005911,0.26524,0.011971
CERS,2019-05-07,0.368846,0.013135,0.218099,0.01136
CERS,2020-02-20,0.44801,0.010551,0.243431,0.009136
CERS,2021-02-25,0.397693,0.006849,0.105043,0.01279
CERS,2021-08-03,0.502231,0.008542,0.293392,0.01402
CERS,2021-11-02,0.531606,0.006273,0.29044,0.012814
CERS,2020-05-05,0.419118,0.007763,0.076876,0.012898
CERS,2022-05-05,0.522792,0.005093,0.349688,0.012151
HLT,2019-07-24,0.544126,0.007388,0.164208,0.0074
HLT,2021-02-17,-0.128493,0.007948,0.143914,0.006904
HLT,2018-10-24,0.588368,0.010128,0.112593,0.007509
HLT,2021-10-27,0.333743,0.014286,0.154128,0.007918
HLT,2020-05-07,0.162791,0.012079,0.082341,0.008492
HLT,2021-07-29,0.177319,0.010816,0.111041,0.009924
HLT,2019-02-13,0.584111,0.011648,0.206235,0.007003
HLT,2019-05-01,0.565282,0.008163,0.238626,0.005448
HLT,2020-02-11,0.180351,0.013819,0.147434,0.00542
HLT,2019-10-23,0.43943,0.012406,0.108513,0.009393
CHDN,2021-04-24,0.469147,0.007396,0.1634,0.009066
CHDN,2019-08-01,0.218602,0.009947,0.114763,0.004345
CHDN,2019-10-31,0.214415,0.009315,0.149756,0.005316
CHDN,2021-02-26,0.478359,0.010306,0.20088,0.005147
CHDN,2019-04-25,0.292244,0.008139,0.249089,0.008537
CHDN,2020-04-30,0.189348,0.005671,0.145373,0.009764
CHDN,2021-07-29,0.565801,0.010006,0.199517,0.006501
CHDN,2018-11-01,0.294989,0.009305,0.135131,0.008333
CHDN,2021-10-28,0.554419,0.009681,0.09682,0.006882
CHDN,2019-02-28,0.351291,0.008456,0.137158,0.009873
CHDN,2020-02-27,0.320782,0.005903,0.106285,0.011375
PAYX,2020-03-25,0.295561,0.010161,0.079893,0.013471
PAYX,2021-09-30,0.423499,0.006281,0.240852,0.007161
PAYX,2020-07-07,0.13526,0.010243,0.119885,0.007562
PAYX,2022-09-28,0.408096,0.007977,0.178532,0.00681
PAYX,2019-03-27,0.331476,0.010271,0.156729,0.007717
PAYX,2018-06-27,0.382767,0.010132,0.178471,0.008629
PAYX,2018-10-02,0.222319,0.008352,0.152364,0.008697
PAYX,2022-06-29,0.530305,0.004929,0.200476,0.010068
PAYX,2019-12-18,0.48346,0.011427,0.148165,0.006576
PAYX,2017-12-21,0.417525,0.009574,0.120756,0.010322
PAYX,2018-03-26,0.481468,0.011677,0.250075,0.007087
PAYX,2020-10-06,0.046687,0.007741,0.160363,0.009149
PAYX,2022-03-30,0.527704,0.007405,0.267718,0.007626
PAYX,2021-04-06,0.063632,0.009785,0.253814,0.005509
PAYX,2019-10-02,0.388877,0.014631,0.138771,0.006797
PAYX,2019-06-26,0.470778,0.01132,0.202732,0.007859
PAYX,2021-12-22,0.534177,0.009386,0.274568,0.006265
INTU,2019-11-21,0.489237,0.004912,0.222315,0.006083
INTU,2018-02-22,0.445819,0.005096,0.231301,0.007509
INTU,2019-05-23,0.50273,0.006153,0.244989,0.007044
INTU,2021-05-25,0.523285,0.007806,0.313297,0.006075
INTU,2020-02-24,0.470815,0.005262,0.23155,0.008215
INTU,2023-05-23,0.273679,0.007266,0.102744,0.008273
INTU,2020-05-21,0.068616,0.009051,0.140355,0.007078
INTU,2022-11-29,0.34971,0.00461,0.18505,0.011838
INTU,2019-02-21,0.267187,0.005915,0.250919,0.006813
INTU,2018-11-19,0.455538,0.009238,0.269149,0.009005
INTU,2024-05-23,0.548378,0.004856,0.306776,0.005547
INTU,2020-08-25,0.387332,0.009827,0.255376,0.008775
INTU,2018-08-23,0.355218,0.004967,0.191614,0.008271
INTU,2023-02-23,0.439008,0.004666,0.20453,0.005796
INTU,2024-08-22,0.485009,0.005966,0.233803,0.004706
INTU,2023-08-24,0.468766,0.006667,0.189523,0.004054
INTU,2021-11-18,0.464593,0.005491,0.23862,0.006201
INTU,2023-11-28,0.381692,0.005119,0.215457,0.004934
INTU,2017-05-22,0.423399,0.00522,0.211694,0.008781
INTU,2020-11-20,0.309658,0.010748,0.253921,0.006802
INTU,2017-11-20,0.42569,0.005263,0.166016,0.008699
INTU,2021-02-23,0.404214,0.004491,0.254633,0.006304
INTU,2024-02-22,0.369434,0.003926,0.219353,0.006729
INTU,2019-08-22,0.548558,0.004756,0.223123,0.006218
INTU,2021-08-24,0.455604,0.009897,0.268488,0.006944
DD,2019-08-01,0.138096,0.006552,0.103148,0.008742
DD,2019-05-02,0.247308,0.007215,0.155017,0.006511
DD,2021-05-04,0.427676,0.004797,0.161945,0.008871
DD,2020-07-30,0.31778,0.009596,0.2012,0.006612
DD,2020-10-29,0.150305,0.008796,0.131452,0.008105
DD,2022-02-08,0.500538,0.004544,0.189228,0.009135
DD,2022-08-02,0.425084,0.008027,0.192687,0.007309
DD,2019-01-31,0.304753,0.005284,0.085601,0.008858
DD,2019-10-31,0.109163,0.004838,0.120691,0.006133
DD,2021-08-03,0.533428,0.006033,0.191186,0.00973
DD,2021-02-09,0.343397,0.008495,0.178947,0.008137
DD,2022-05-03,0.47617,0.008067,0.178619,0.005897
DD,2021-11-02,0.557631,0.006672,0.18921,0.005936
DD,2020-05-05,0.229403,0.005817,0.095947,0.005566
DD,2018-05-03,0.504861,0.003922,0.179853,0.004767
DD,2018-02-01,0.552364,0.006202,0.136708,0.005386
CPB,2019-02-27,0.170634,0.005458,0.333407,0.008353
CPB,2020-09-03,0.564769,0.006066,0.301518,0.007195
CPB,2019-06-05,0.2211,0.003023,0.207567,0.008688
CPB,2020-03-04,0.49057,0.005058,0.262766,0.007044
CPB,2020-12-09,0.59773,0.004891,0.286739,0.010026
CPB,2021-03-10,0.51409,0.005594,0.218433,0.008692
CPB,2021-06-09,-0.006428,0.005997,0.191768,0.01121
CPB,2021-09-01,0.146117,0.004263,0.241874,0.017373
CPB,2019-08-30,0.45566,0.006337,0.296763,0.006125
CPB,2018-05-18,0.056273,0.006778,0.100025,0.004871
CPB,2018-11-20,0.106044,0.004047,0.075067,0.006654
CPB,2021-12-08,0.149457,0.00544,0.207349,0.007327
CPB,2020-06-03,0.054463,0.02682,0.143837,0.011511
CPB,2018-08-30,0.164851,0.004275,0.106929,0.007902
CPB,2019-12-04,0.300745,0.005458,0.215568,0.007456
ASPS,2022-03-03,0.405094,0.017192,0.180799,0.008551
ASPS,2020-03-05,0.476956,0.01345,0.063206,0.018307
ASPS,2019-07-25,0.233162,0.014715,0.135438,0.011738
ASPS,2019-02-26,0.518912,0.011671,0.272118,0.009356
ASPS,2020-10-29,0.308136,0.01423,0.222767,0.012413
ASPS,2019-04-25,0.25676,0.01933,0.181291,0.012097
ASPS,2020-04-30,0.063884,0.020286,0.000737,0.01314
ASPS,2021-03-11,0.283769,0.020701,-0.024654,0.008411
ASPS,2021-07-30,0.417372,0.015854,0.133958,0.01268
ASPS,2020-08-06,0.172286,0.019123,0.102076,0.008937
ASPS,2022-07-28,0.244195,0.018419,0.174204,0.009239
ASPS,2021-05-10,0.389421,0.018723,0.224689,0.011289
ASPS,2021-11-04,0.363535,0.019581,0.036897,0.017167
ASPS,2022-04-28,0.054522,0.023689,0.116706,0.014854
FRBA,2019-07-25,0.264953,0.010779,0.150047,0.011803
FRBA,2021-10-27,0.245217,0.008135,0.251859,0.007678
FRBA,2019-04-30,0.258118,0.009995,0.259357,0.005803
FRBA,2020-01-30,0.244542,0.009604,0.143262,0.011312
FRBA,2020-10-27,0.40492,0.006519,0.122594,0.008817
FRBA,2019-01-25,0.261475,0.007253,0.174317,0.005325
FRBA,2021-07-27,0.396115,0.006069,0.204889,0.01209
FRBA,2020-04-28,0.060161,0.010709,0.106504,0.013528
FRBA,2020-07-28,0.29161,0.006572,0.22636,0.010013
FRBA,2021-01-28,0.268728,0.009346,0.203847,0.009722
FRBA,2021-04-27,0.196714,0.006643,0.153264,0.015741
CORT,2019-08-01,0.157166,0.006357,0.07218,0.008727
CORT,2022-02-15,0.216513,0.008401,0.169381,0.008834
CORT,2019-11-07,0.251219,0.007532,0.129158,0.007136
CORT,2020-08-04,0.070035,0.007557,0.028476,0.008515
CORT,2019-05-09,0.147035,0.008387,0.116887,0.006913
CORT,2022-08-03,0.28304,0.008472,0.162914,0.007126
CORT,2021-07-29,0.182127,0.006829,0.134516,0.00699
CORT,2021-11-03,0.209866,0.008021,0.210602,0.005371
CORT,2020-05-04,0.077202,0.008657,0.104038,0.008005
CORT,2020-02-20,0.212305,0.007401,0.150234,0.010874
CORT,2021-02-08,0.105875,0.005006,0.119045,0.011706
CORT,2019-02-25,0.236483,0.008024,0.040819,0.006477
CORT,2021-05-06,0.112746,0.008114,0.128618,0.010594
CORT,2022-05-05,0.266131,0.007638,0.124746,0.005879
BEN,2018-10-25,0.466986,0.015852,0.129627,0.010947
BEN,2021-05-04,0.411562,0.008841,0.249993,0.007565
BEN,2021-11-01,0.526298,0.008812,0.131795,0.011155
BEN,2019-01-30,0.133123,0.026471,0.077543,0.012763
BEN,2020-04-30,0.475341,0.017153,0.092535,0.007514
BEN,2020-01-30,0.300787,0.023419,0.21465,0.009524
BEN,2021-08-03,0.661932,0.007897,0.141053,0.009045
BEN,2020-10-27,0.713498,0.010139,0.215479,0.009574
BEN,2019-10-25,0.139799,0.01897,0.130311,0.008895
BEN,2019-07-30,0.205701,0.024096,0.16457,0.008629
BEN,2021-02-02,0.561233,0.006711,0.158455,0.010251
BEN,2020-07-28,0.444775,0.019438,0.154611,0.007867
CARG,2022-08-08,0.41641,0.005824,0.12328,0.005299
CARG,2020-02-13,0.553345,0.008573,0.211143,0.008929
CARG,2021-02-11,0.276359,0.007957,0.179662,0.009842
CARG,2022-02-24,0.439328,0.006973,0.212621,0.006108
CARG,2019-05-09,0.57061,0.009491,0.223358,0.007267
CARG,2019-08-06,0.579415,0.00838,0.216488,0.005471
CARG,2020-05-07,0.167704,0.01229,0.259129,0.007496
CARG,2019-11-05,0.629144,0.009089,0.242947,0.009413
CARG,2020-11-06,0.030943,0.008932,0.072772,0.007376
CARG,2020-08-06,0.152967,0.014079,0.150131,0.008639
CARG,2021-08-05,0.380324,0.007894,0.141394,0.00826
CARG,2021-11-09,0.413229,0.007096,0.03766,0.006619
CARG,2021-05-07,0.278638,0.007658,0.199728,0.005759
CARG,2019-02-28,0.445873,0.008946,0.2003,0.008178
CARG,2022-05-09,0.516633,0.006805,0.115866,0.007282
ACHC,2020-02-28,0.366862,0.009508,0.152964,0.007422
ACHC,2021-02-26,0.424296,0.008944,0.244716,0.01452
ACHC,2020-08-05,0.310301,0.008779,0.262481,0.005547
ACHC,2019-11-06,0.225251,0.015031,0.173788,0.00781
ACHC,2019-03-01,0.162593,0.007295,0.181154,0.007008
ACHC,2021-08-03,0.471178,0.010716,0.314356,0.005834
ACHC,2020-10-30,0.488442,0.007401,0.216224,0.009754
ACHC,2020-05-05,0.126135,0.01134,0.201216,0.012946
ACHC,2021-04-30,0.520524,0.005584,0.321058,0.005575
ACHC,2019-05-01,0.286259,0.009119,0.244064,0.005425
ACHC,2018-11-06,0.10207,0.009054,0.064969,0.009732
ACHC,2021-10-29,0.529005,0.007401,0.201653,0.008527
ACHC,2019-07-31,0.203574,0.007418,0.177954,0.00627
FRME,2021-10-26,0.111302,0.004905,0.246388,0.015344
FRME,2019-07-25,0.286665,0.01173,0.134634,0.010811
FRME,2019-01-31,0.300968,0.006119,0.20991,0.00796
FRME,2021-04-22,0.13371,0.004764,0.192438,0.01626
FRME,2019-04-25,0.256229,0.004924,0.130462,0.009946
FRME,2020-10-28,0.087095,0.008687,0.187997,0.008616
FRME,2019-10-24,0.400007,0.0066,0.094833,0.009521
FRME,2020-01-30,0.2448,0.008092,0.10404,0.013014
FRME,2020-07-23,0.101056,0.009503,0.093661,0.011111
FRME,2021-07-26,0.20801,0.004295,0.129746,0.009615
FRME,2020-04-23,0.29977,0.007704,0.098375,0.007634
FRME,2021-01-28,0.327801,0.009465,0.149304,0.012777
BIIB,2021-07-22,0.275647,0.010428,0.088182,0.010033
BIIB,2022-10-25,0.200806,0.011287,0.184107,0.010292
BIIB,2022-07-20,0.07228,0.01402,0.184776,0.014369
BIIB,2023-07-25,0.164603,0.010815,0.110669,0.007132
BIIB,2024-04-24,0.351641,0.013822,0.160766,0.009659
BIIB,2022-02-03,0.235268,0.016777,0.213714,0.011075
BIIB,2021-10-20,0.200249,0.011259,0.145295,0.010388
BIIB,2021-04-22,0.335939,0.011515,0.184153,0.011134
BIIB,2018-10-23,0.396578,0.010828,0.170042,0.006879
BIIB,2019-04-24,0.43306,0.015704,0.230162,0.011895
BIIB,2019-07-23,0.419523,0.014644,0.145554,0.008776
BIIB,2024-08-01,0.470054,0.012373,0.231198,0.01083
BIIB,2019-01-29,0.385086,0.013733,0.190785,0.008303
BIIB,2020-01-30,0.420141,0.012193,0.143121,0.008395
BIIB,2023-02-15,0.15579,0.008176,0.087236,0.013091
BIIB,2020-07-22,0.432431,0.015821,0.162242,0.008947
BIIB,2022-05-03,0.155276,0.011307,0.175716,0.010392
BIIB,2024-02-13,0.225119,0.009275,0.150399,0.00948
BIIB,2023-11-08,0.242939,0.010686,0.085494,0.01158
BIIB,2019-10-22,0.409207,0.014259,0.059115,0.008632
BIIB,2020-10-21,0.428997,0.012893,0.196486,0.009483
BIIB,2021-02-03,0.352477,0.012147,0.170308,0.010483
BIIB,2020-04-22,0.488885,0.016097,0.099888,0.011303
BZ,2022-03-23,0.505208,0.003366,0.126721,0.003676
BZ,2021-08-27,0.350654,0.004577,0.093986,0.005954
BZ,2022-08-23,0.201596,0.006468,0.077726,0.005372
BZ,2022-06-24,0.143676,0.005528,0.085266,0.00965
BZ,2021-11-23,0.486595,0.006941,0.105444,0.003204
ACMR,2021-08-06,0.518282,0.005836,0.156976,0.012101
ACMR,2019-11-07,0.510698,0.008929,0.227568,0.010091
ACMR,2020-03-19,0.418048,0.007608,0.169539,0.011641
ACMR,2019-05-08,0.243322,0.007663,0.13783,0.009821
ACMR,2020-05-07,0.419231,0.006285,0.19276,0.010244
ACMR,2019-08-08,0.4943,0.007458,0.185276,0.007581
ACMR,2021-11-05,0.655095,0.006219,0.188261,0.011006
BECN,2019-02-07,0.532239,0.00603,0.14308,0.008425
BECN,2018-11-19,0.3049,0.00842,-0.000785,0.01338
BECN,2019-08-06,0.302947,0.006929,0.090362,0.009236
BECN,2020-05-07,0.311871,0.005308,0.123826,0.00973
BECN,2019-05-07,0.419401,0.008952,0.147353,0.00632
BECN,2021-11-19,0.51012,0.009749,0.256602,0.006294
BECN,2019-11-25,0.26574,0.007965,0.164164,0.004537
APH,2020-01-22,0.177713,0.006091,0.163945,0.008679
APH,2021-01-27,0.470228,0.006558,0.160234,0.008183
APH,2019-07-24,0.233359,0.009675,0.10916,0.00893
APH,2021-04-28,0.446702,0.005932,0.184329,0.007101
APH,2022-04-27,0.360965,0.004516,0.241097,0.010671
APH,2018-10-24,0.502036,0.009659,0.156474,0.005819
APH,2021-10-27,0.324203,0.005099,0.182133,0.010191
APH,2021-07-28,0.331241,0.005458,0.120605,0.010343
APH,2022-07-27,0.65346,0.006845,0.227342,0.010814
APH,2019-04-24,0.176863,0.010943,0.135515,0.008617
APH,2020-07-22,0.110466,0.006616,0.130742,0.008371
APH,2020-10-21,0.385627,0.005348,0.097963,0.007871
APH,2019-01-23,0.448043,0.008043,0.107359,0.009333
APH,2022-01-26,0.637216,0.004434,0.191616,0.011787
APH,2020-04-22,0.152057,0.006726,0.043168,0.01001
APH,2019-10-23,0.10907,0.009634,0.082036,0.009126
APOG,2021-12-21,0.247381,0.004503,0.177315,0.007589
APOG,2020-06-26,0.152767,0.007273,0.206364,0.008069
APOG,2021-04-08,0.31986,0.005752,0.150506,0.008802
APOG,2019-09-17,0.140774,0.007854,0.207435,0.009346
APOG,2020-12-18,0.416888,0.004194,0.167073,0.008954
APOG,2021-06-25,0.445076,0.004956,0.261289,0.008319
APOG,2018-09-18,0.480785,0.005293,0.201881,0.00681
APOG,2021-09-21,0.160385,0.003193,0.221289,0.009306
APOG,2018-06-28,0.587518,0.005771,0.208177,0.007362
APOG,2019-12-19,0.018803,0.005196,0.224499,0.01008
APOG,2019-04-11,0.271184,0.009239,0.205908,0.009515
APOG,2020-09-17,0.255027,0.006229,0.147126,0.009988
APOG,2019-06-27,0.359894,0.008321,0.272566,0.007767
APOG,2018-04-12,0.305576,0.007592,0.167265,0.009552
APOG,2020-04-02,0.269696,0.00394,0.084152,0.010461
CATY,2020-07-27,0.031483,0.011158,0.1367,0.008732
CATY,2020-01-22,-0.13803,0.01227,0.174649,0.01363
CATY,2021-01-27,0.013592,0.00956,0.087465,0.010401
CATY,2019-10-16,0.003728,0.012966,0.057822,0.008861
CATY,2020-04-27,-0.214076,0.009254,0.14134,0.012336
CATY,2022-07-25,0.184392,0.008136,0.032787,0.006827
CATY,2018-10-17,0.147663,0.012259,0.065176,0.015957
CATY,2021-07-26,0.027026,0.006342,0.137962,0.008224
CATY,2019-01-24,0.182517,0.012569,0.066747,0.011122
CATY,2020-10-26,-0.124969,0.011931,0.086615,0.010707
CATY,2019-07-17,0.013566,0.014965,0.11513,0.013416
CATY,2021-04-26,0.17821,0.005131,0.085835,0.007565
CATY,2022-04-25,0.101935,0.005799,0.158166,0.014309
CATY,2022-01-27,0.091681,0.007787,0.15914,0.007559
CATY,2019-04-17,0.144242,0.014003,0.096385,0.009401
CATY,2021-10-25,-0.028604,0.005487,0.151571,0.01476
FELE,2021-10-26,0.223298,0.007293,0.293927,0.007978
FELE,2021-02-16,0.331827,0.005783,0.326364,0.010356
FELE,2022-02-15,0.327736,0.004561,0.185902,0.008789
FELE,2019-04-23,-0.240344,0.007727,0.071646,0.010974
FELE,2020-02-18,-0.342642,0.008678,0.045558,0.007894
FELE,2019-07-23,-0.164941,0.010218,0.044325,0.011932
FELE,2022-07-26,0.321393,0.007284,0.354661,0.010195
FELE,2019-02-19,-0.008416,0.00828,0.193362,0.009576
FELE,2020-10-27,-0.103476,0.005099,0.136734,0.00872
FELE,2021-07-27,0.210054,0.004254,0.162842,0.006248
FELE,2020-04-28,-0.456354,0.010778,0.090459,0.008766
FELE,2019-10-29,0.097504,0.004514,0.217799,0.007246
FELE,2020-07-28,-0.19143,0.009512,0.085852,0.009045
FELE,2021-04-27,0.220215,0.005761,0.178091,0.00805
FELE,2018-10-26,-0.08204,0.008658,0.092677,0.007634
GL,2021-07-22,0.180661,0.01228,0.115024,0.012275
GL,2019-04-18,0.309956,0.009585,0.02615,0.013063
GL,2021-04-24,0.036952,0.013457,0.156462,0.014118
GL,2018-10-25,0.151001,0.00746,0.118132,0.01098
GL,2019-02-06,0.091929,0.012004,0.172614,0.010292
GL,2020-02-05,0.215264,0.005901,0.159711,0.007887
GL,2019-07-25,0.30238,0.007336,0.040724,0.015033
GL,2021-10-21,-0.02,0.014834,0.020013,0.012845
GL,2019-10-24,0.210127,0.009,0.114724,0.007634
GL,2020-07-23,-0.087233,0.013202,0.208417,0.011524
GL,2021-02-04,0.0348,0.010207,0.101245,0.018256
GL,2020-04-23,0.031479,0.015376,0.082444,0.013033
VICI,2019-08-01,0.358172,0.014706,0.251164,0.010967
VICI,2019-11-01,0.232775,0.012926,0.184252,0.012148
VICI,2019-05-02,0.337718,0.011475,0.186713,0.008318
VICI,2020-05-01,0.243003,0.01242,0.162399,0.012097
VICI,2023-05-02,0.221481,0.012751,0.214492,0.009198
VICI,2022-10-28,0.301412,0.010712,0.169345,0.009192
VICI,2020-07-30,0.390259,0.012259,0.188701,0.011029
VICI,2022-02-24,0.416404,0.010104,0.199445,0.008254
VICI,2020-10-29,0.3425,0.009297,0.188743,0.011177
VICI,2023-10-26,0.407529,0.010651,0.167943,0.010177
VICI,2024-05-02,0.285046,0.011636,0.166196,0.012447
VICI,2024-08-01,0.298758,0.011785,0.166618,0.010243
VICI,2021-07-29,0.143001,0.012528,0.183216,0.007855
VICI,2019-02-15,0.32505,0.011717,0.185544,0.012346
VICI,2020-02-20,0.40507,0.008612,0.151089,0.008663
VICI,2022-07-28,0.360761,0.011087,0.209371,0.009835
VICI,2021-02-19,0.335785,0.010544,0.178337,0.012118
VICI,2021-04-30,0.20413,0.011974,0.18452,0.006087
VICI,2021-10-28,0.369899,0.012059,0.140875,0.008445
VICI,2023-02-24,0.342805,0.011295,0.181061,0.011204
VICI,2023-07-27,0.424339,0.01116,0.17833,0.009426
VICI,2024-02-23,0.428273,0.012528,0.176363,0.009476
VICI,2022-05-05,0.365558,0.011983,0.165085,0.009241
WHR,2021-07-22,0.493348,0.008506,0.181598,0.009705
WHR,2020-05-01,0.379317,0.007912,0.049834,0.011544
WHR,2018-10-24,0.358073,0.011152,0.074528,0.010616
WHR,2019-04-23,0.391842,0.013929,0.118194,0.008293
WHR,2020-01-28,0.52894,0.013344,0.197825,0.008691
WHR,2021-04-22,0.519179,0.011878,0.207189,0.008314
WHR,2019-07-23,0.602487,0.013218,0.244251,0.005981
WHR,2019-01-29,0.442178,0.014556,0.204954,0.015028
WHR,2021-10-22,0.563269,0.005624,0.210473,0.010294
WHR,2021-01-28,0.608652,0.006507,0.218162,0.010334
WHR,2019-10-23,0.435717,0.012178,0.191849,0.010564
NVDA,2022-08-24,0.142489,0.011386,0.075517,0.00809
NVDA,2023-11-21,0.459574,0.006052,0.15216,0.006385
NVDA,2018-05-10,0.47886,0.008749,0.109678,0.005831
NVDA,2020-02-13,0.385704,0.005907,0.102723,0.008496
NVDA,2020-08-19,0.382865,0.005924,0.116354,0.006969
NVDA,2020-05-21,0.337826,0.006259,0.169174,0.008334
NVDA,2021-11-17,0.330493,0.00784,0.177378,0.010845
NVDA,2024-05-22,0.333293,0.005192,0.127734,0.00564
NVDA,2018-11-15,0.291935,0.006742,0.089525,0.009524
NVDA,2023-05-24,0.265725,0.006442,0.146906,0.005376
NVDA,2022-11-16,0.256558,0.007735,0.127168,0.00802
NVDA,2021-02-24,0.409348,0.005833,0.156835,0.005049
NVDA,2021-08-18,0.434229,0.006816,0.176586,0.011189
NVDA,2023-02-22,0.233038,0.007525,0.190161,0.007773
NVDA,2019-02-14,0.107194,0.008204,0.170898,0.008098
NVDA,2019-08-15,0.267848,0.006241,0.180161,0.007595
NVDA,2022-02-16,0.472514,0.006731,0.211934,0.00784
NVDA,2023-08-23,0.398084,0.006862,0.185539,0.006936
NVDA,2024-08-28,0.503324,0.004129,0.15688,0.007865
NVDA,2022-05-25,0.338496,0.006703,0.171037,0.007691
NVDA,2019-11-14,0.275369,0.00761,0.148243,0.008437
NVDA,2019-05-16,0.213042,0.009328,0.108349,0.00962
NVDA,2021-05-26,0.462244,0.005433,0.242544,0.007593
JCI,2020-07-31,-0.048546,0.004508,0.227477,0.008875
JCI,2024-01-30,0.318488,0.008719,0.2402,0.006899
JCI,2018-11-08,0.455114,0.003166,0.254849,0.010715
JCI,2022-02-02,0.558532,0.003775,0.313145,0.00649
JCI,2022-08-04,0.537661,0.003363,0.276679,0.005737
JCI,2020-11-03,0.274948,0.003459,0.262002,0.008729
JCI,2020-05-01,0.130851,0.00334,0.124026,0.010339
JCI,2019-02-01,0.424091,0.003459,0.291907,0.006172
JCI,2019-11-07,0.42094,0.003061,0.271333,0.009181
JCI,2023-02-01,0.563954,0.005269,0.322531,0.007739
JCI,2018-07-31,0.432837,0.003345,0.314103,0.010246
JCI,2023-05-05,0.662868,0.006983,0.316673,0.008478
JCI,2022-11-03,0.602022,0.004195,0.282256,0.006627
JCI,2024-07-31,0.585714,0.008526,0.299999,0.007874
JCI,2021-07-30,0.580894,0.005416,0.369484,0.005655
JCI,2020-01-31,0.381861,0.001407,0.297087,0.006175
JCI,2024-05-01,0.446049,0.00642,0.29919,0.00613
JCI,2022-05-04,0.418041,0.005915,0.314957,0.008183
JCI,2021-04-30,0.384435,0.005227,0.377269,0.007675
JCI,2021-01-29,0.376968,0.001475,0.393651,0.006783
JCI,2019-05-01,0.484766,0.002903,0.31512,0.007792
JCI,2021-11-05,0.651198,0.004722,0.392409,0.007723
JCI,2023-08-02,0.626268,0.007677,0.264946,0.011031
JCI,2019-07-31,0.448704,0.002723,0.259503,0.007741
JCI,2023-12-12,0.391748,0.008056,0.193986,0.009342
NEM,2021-07-22,0.55273,0.005386,0.122719,0.008357
NEM,2018-10-25,0.507415,0.002303,0.200118,0.007284
NEM,2021-04-29,0.645462,0.004061,0.194785,0.00917
NEM,2019-07-25,0.59997,0.003139,0.15787,0.006267
NEM,2019-02-21,0.524673,0.004773,0.151281,0.008861
NEM,2019-04-25,0.518581,0.002803,0.14573,0.008604
NEM,2019-11-05,0.642933,0.003137,0.208133,0.007152
NEM,2020-02-20,0.697926,0.005478,0.247958,0.00617
NEM,2020-05-05,0.570459,0.007874,0.196192,0.009413
NEM,2021-10-29,0.410623,0.007548,0.232507,0.005293
NEM,2021-02-18,0.641564,0.006492,0.124484,0.009962
DGICA,2018-02-23,0.304424,0.007549,0.136823,0.008517
DGICA,2021-07-28,0.500455,0.008339,0.186749,0.006769
DGICA,2020-10-29,0.126693,0.007687,0.094638,0.010544
DGICA,2020-04-29,0.204958,0.007135,0.141987,0.009779
DGICA,2021-02-24,0.449271,0.007051,0.209018,0.008181
DGICA,2021-10-28,0.05898,0.008229,0.106761,0.009468
DGICA,2020-07-28,0.197732,0.009417,0.088715,0.012172
DGICA,2021-04-27,0.443144,0.010689,0.255001,0.007047
FLT,2021-05-05,0.007103,0.008775,0.189937,0.008336
FLT,2019-02-06,0.307336,0.010061,0.120768,0.009036
FLT,2019-08-06,0.391925,0.01069,0.187763,0.010012
FLT,2019-11-06,0.272157,0.011097,0.143216,0.008132
FLT,2020-11-05,0.00038,0.009748,0.000874,0.007005
FLT,2020-05-07,-0.36517,0.012019,0.06229,0.011789
FLT,2021-11-03,0.417813,0.008168,0.142956,0.008072
FLT,2020-08-06,-0.137896,0.008981,0.08207,0.006524
FLT,2021-02-04,0.129547,0.01144,0.152904,0.009645
FLT,2020-02-06,0.210818,0.009041,0.055039,0.010228
FLT,2021-08-04,0.555532,0.008304,0.186042,0.008441
BILI,2019-02-27,0.427284,0.003789,0.346327,0.004474
BILI,2021-05-13,0.633418,0.004157,0.272832,0.004218
BILI,2020-11-19,0.571633,0.005142,0.397756,0.004219
BILI,2021-11-17,0.577484,0.003642,0.168727,0.00878
BILI,2020-03-18,0.622996,0.005653,0.450045,0.007233
BILI,2021-08-19,0.563755,0.004275,0.367371,0.007025
BILI,2021-02-25,0.492262,0.005248,0.511102,0.009116
BILI,2018-11-20,0.530637,0.004536,0.294579,0.003626
BILI,2020-08-27,0.541256,0.006184,0.526731,0.007389
BILI,2019-11-19,0.611322,0.007219,0.260629,0.001999
BILI,2018-08-27,0.523247,0.005109,0.315718,0.006728
BILI,2020-05-19,0.562543,0.004882,0.354679,0.008555
AMGN,2018-01-29,0.36738,0.00634,0.153517,0.009026
AMGN,2020-04-30,0.318881,0.00788,0.190556,0.009444
AMGN,2020-10-28,0.321673,0.008993,0.194378,0.008214
AMGN,2019-04-30,0.375431,0.007143,0.121996,0.012364
AMGN,2020-01-30,0.307909,0.004164,0.198135,0.009102
AMGN,2021-08-03,0.459259,0.00559,0.182043,0.009132
AMGN,2021-11-02,0.513942,0.005035,0.190757,0.011869
AMGN,2019-10-29,0.287578,0.00836,0.231951,0.009572
AMGN,2019-07-30,0.405248,0.006661,0.239168,0.0097
AMGN,2021-02-02,0.244402,0.008787,0.215984,0.011087
AMGN,2020-07-28,0.455174,0.005863,0.237768,0.010649
AMGN,2021-04-27,0.292645,0.005936,0.212351,0.01358
AMGN,2018-10-30,0.35225,0.004893,0.240873,0.007479
DOV,2019-04-18,0.439826,0.005647,0.160588,0.00693
DOV,2020-04-21,0.047275,0.008325,0.047789,0.010384
DOV,2019-10-17,0.320052,0.006874,0.156784,0.004737
DOV,2019-07-18,0.023832,0.005589,0.13795,0.008576
DOV,2018-10-18,0.324328,0.00407,0.076438,0.006435
DOV,2019-01-29,0.368624,0.003639,0.174412,0.008569
DOV,2020-01-30,0.256363,0.005957,0.135403,0.009047
DOV,2021-04-20,0.481469,0.004816,0.169694,0.009219
DOV,2020-07-22,0.155457,0.00804,0.090487,0.00879
DOV,2021-10-19,0.428138,0.006033,0.032671,0.012217
DOV,2021-07-20,0.550289,0.005011,0.123685,0.007153
DOV,2021-01-28,0.277425,0.003973,0.141825,0.007225
DOV,2020-10-20,0.278827,0.008527,0.102613,0.007181
CTVA,2021-05-05,0.562339,0.006488,0.218263,0.006474
CTVA,2021-08-06,0.607996,0.009571,0.256692,0.009299
CTVA,2021-02-04,0.661052,0.011222,0.274183,0.007833
CTVA,2021-11-04,0.457325,0.007543,0.334867,0.005977
FLYW,2024-08-06,0.670337,0.007374,0.255926,0.007201
FLYW,2022-05-10,0.430416,0.00523,0.302816,0.007952
FLYW,2022-11-08,0.588087,0.005271,0.320179,0.007225
FLYW,2022-08-09,0.62325,0.004889,0.280485,0.008761
FLYW,2022-03-02,0.572804,0.005612,0.322289,0.008072
FLYW,2021-08-10,0.410768,0.005115,0.347799,0.00709
FLYW,2023-05-09,0.516632,0.003794,0.315533,0.006846
FLYW,2023-11-07,0.545648,0.003613,0.258853,0.006339
FLYW,2024-02-27,0.505592,0.005199,0.238828,0.006364
FLYW,2023-08-08,0.541242,0.005355,0.358096,0.007899
FLYW,2021-11-09,0.548264,0.004481,0.315556,0.007186
FLYW,2024-05-07,0.532801,0.004706,0.153641,0.007873
FLYW,2023-02-28,0.630619,0.004663,0.2135,0.009107
ACAD,2019-02-26,0.329686,0.007784,0.142459,0.008848
ACAD,2021-08-06,0.397957,0.005965,0.125995,0.00872
ACAD,2019-10-30,0.430278,0.010351,0.177777,0.007885
ACAD,2020-05-07,0.35936,0.007644,0.176079,0.009784
ACAD,2020-02-26,0.422406,0.00577,0.180682,0.010965
ACAD,2019-05-01,0.396439,0.013305,0.137589,0.009395
ACAD,2021-11-08,0.180274,0.006231,0.126007,0.008114
ACAD,2019-07-31,0.487912,0.00975,0.189156,0.010533
BG,2020-02-12,0.312411,0.011773,0.097264,0.009289
BG,2021-05-04,0.449434,0.008358,0.115202,0.00949
BG,2021-10-27,0.442563,0.006301,0.258661,0.011866
BG,2021-07-28,0.363052,0.009032,0.123156,0.010531
BG,2020-05-06,0.070882,0.00908,0.114213,0.011893
BG,2019-02-21,0.161296,0.00767,0.076374,0.014107
BG,2019-10-30,0.041106,0.012254,0.069406,0.011074
BG,2019-05-08,0.123491,0.007131,0.094009,0.016181
BG,2020-10-28,0.463173,0.009034,0.224076,0.005374
BG,2021-02-10,0.36992,0.006667,0.225043,0.009274
BG,2018-10-31,0.278741,0.00666,0.125213,0.012415
BG,2020-07-29,0.249465,0.01022,0.160632,0.009563
BG,2019-07-31,0.183218,0.007146,0.108714,0.014639
FTDR,2020-05-06,0.268919,0.011905,0.222106,0.010544
FTDR,2019-08-07,0.393847,0.007212,0.177802,0.007102
FTDR,2019-05-08,0.498203,0.005482,0.209309,0.008114
FTDR,2019-11-05,0.432475,0.007653,0.260708,0.006543
FTDR,2020-02-26,0.479478,0.006591,0.177078,0.00858
FTDR,2021-10-28,0.331135,0.008361,0.250087,0.007752
CHKP,2019-04-18,0.319103,0.007923,0.169711,0.004511
CHKP,2019-07-24,0.373412,0.010422,0.1441,0.00693
CHKP,2018-10-24,0.251997,0.008126,0.191161,0.008638
CHKP,2020-04-27,0.378833,0.008078,0.110529,0.011565
CHKP,2020-02-03,0.239231,0.006717,0.099066,0.006884
CHKP,2019-10-28,0.233824,0.009572,0.17692,0.006317
CHKP,2018-07-25,0.469659,0.012843,0.167075,0.007906
CHKP,2021-07-26,0.221752,0.004095,0.184033,0.004231
CHKP,2020-07-22,0.274866,0.009129,0.128904,0.009848
CHKP,2021-04-26,0.330901,0.004568,0.158378,0.007626
CHKP,2021-02-03,0.221933,0.008106,0.097875,0.007258
CHKP,2021-10-28,0.248995,0.007664,0.187645,0.009309
AZN,2019-04-26,0.529545,0.00395,0.145201,0.008388
ALTR,2021-08-06,0.53018,0.008582,0.173289,0.009537
ALTR,2019-05-09,0.256203,0.009997,0.167148,0.00704
ALTR,2021-02-26,0.433986,0.00824,0.255999,0.008783
ALTR,2020-11-06,0.218171,0.010556,0.207532,0.010571
ALTR,2020-05-09,0.172377,0.010583,0.136402,0.011516
ALTR,2020-08-07,0.267226,0.00882,0.158794,0.01196
ALTR,2019-08-08,0.357477,0.008875,0.172695,0.012052
ALTR,2018-03-21,0.502097,0.010435,0.23026,0.008714
ALTR,2021-05-07,0.425815,0.007591,0.187055,0.007827
ALTR,2019-02-28,0.406248,0.009375,0.086585,0.005767
ALTR,2020-02-27,0.314676,0.009193,0.153334,0.011286
PWR,2019-08-01,0.321895,0.014119,0.195857,0.012104
PWR,2019-05-02,0.482879,0.012957,0.204598,0.004823
PWR,2021-11-30,0.35707,0.0,0.108255,0.006472
PWR,2019-02-21,0.423091,0.015929,0.159282,0.007294
PWR,2019-10-31,0.523283,0.014608,0.243768,0.007415
PWR,2020-05-07,0.027195,0.013635,0.163725,0.007477
PWR,2018-11-01,0.445815,0.011685,0.206622,0.008376
PWR,2020-02-27,0.362452,0.014782,0.253561,0.010874
UNH,2018-07-17,0.593009,0.006904,0.243457,0.005906
UNH,2020-10-14,0.362996,0.007992,0.156064,0.009917
UNH,2021-07-15,0.571608,0.006938,0.15281,0.010935
UNH,2020-01-15,0.55672,0.005446,0.131649,0.008359
UNH,2023-07-14,0.612127,0.010048,0.2584,0.011251
UNH,2019-07-18,0.54563,0.00434,0.188174,0.00758
UNH,2021-01-20,0.617572,0.005271,0.187163,0.007983
UNH,2022-10-14,0.558753,0.004474,0.187164,0.008656
UNH,2021-04-15,0.461981,0.00264,0.229654,0.009076
UNH,2022-01-19,0.48024,0.004902,0.234105,0.009606
UNH,2020-07-15,0.228955,0.009615,0.235175,0.008114
UNH,2018-01-16,0.555016,0.007581,0.278838,0.007821
UNH,2021-10-14,0.579115,0.00754,0.172357,0.00958
UNH,2023-01-13,0.591807,0.005628,0.230497,0.008309
UNH,2023-10-13,0.60655,0.007267,0.19675,0.007101
UNH,2022-04-14,0.49151,0.006711,0.230625,0.009818
UNH,2018-10-16,0.589963,0.006028,0.165664,0.00755
UNH,2024-04-16,0.266675,0.006788,0.227718,0.010323
UNH,2022-07-15,0.565265,0.008801,0.183775,0.009636
UNH,2024-01-12,0.605846,0.006088,0.191439,0.006124
UNH,2019-01-15,0.611933,0.005388,0.245661,0.010694
UNH,2020-04-15,0.265418,0.00888,0.124018,0.010424
UNH,2019-04-16,0.541069,0.005596,0.18487,0.01021
UNH,2024-07-16,0.328537,0.005823,0.264103,0.008787
UNH,2019-10-15,0.5254,0.007309,0.177059,0.008054
CLMT,2020-03-05,0.290195,0.003992,0.155421,0.008079
CLMT,2018-11-09,0.15585,0.009804,0.197266,0.011425
CLMT,2020-05-07,0.309318,0.008415,0.121277,0.006932
CLMT,2019-08-08,0.265764,0.008391,0.165594,0.008991
CLMT,2019-11-12,0.280919,0.006919,0.059637,0.008293
CLMT,2019-05-10,0.366984,0.007331,0.227733,0.006376
AKBA,2019-05-09,0.3547,0.007488,0.164391,0.008794
AKBA,2020-11-05,0.221672,0.012446,0.183935,0.011207
AKBA,2020-05-05,0.346998,0.011895,0.211473,0.011529
AKBA,2019-11-12,0.442772,0.008818,0.127584,0.008698
AKBA,2021-08-05,0.41629,0.013757,0.155943,0.008729
AKBA,2021-11-09,0.398774,0.011962,0.248544,0.007565
AKBA,2020-03-10,0.22247,0.008699,0.167245,0.009081
CART,2024-05-08,0.424607,0.006726,0.293887,0.009185
CART,2024-08-06,0.416482,0.00545,0.303466,0.004436
CART,2024-02-13,0.471826,0.009346,0.238095,0.004568
CART,2023-11-08,0.453718,0.008085,0.207984,0.005362
ZTS,2024-08-06,0.650039,0.004512,0.308558,0.008735
ZTS,2022-08-04,0.396925,0.005192,0.382799,0.009543
ZTS,2019-05-02,0.34773,0.007135,0.249476,0.007955
ZTS,2020-02-13,0.529869,0.007077,0.181914,0.008355
ZTS,2021-11-06,0.491742,0.002858,0.244652,0.008879
ZTS,2021-02-16,0.621475,0.006196,0.299808,0.009043
ZTS,2022-02-15,0.484406,0.007983,0.345263,0.010426
ZTS,2020-05-06,0.380747,0.006507,0.094037,0.010763
ZTS,2024-05-02,0.413201,0.003953,0.299253,0.007449
ZTS,2019-11-07,0.428813,0.004371,0.204827,0.009801
ZTS,2023-05-04,0.273273,0.005842,0.276929,0.007334
ZTS,2022-11-03,0.111832,0.004241,0.212346,0.007063
ZTS,2019-08-06,0.571208,0.006658,0.245245,0.006861
ZTS,2020-11-06,0.316684,0.004215,0.22109,0.010293
ZTS,2020-08-06,0.438721,0.006781,0.086145,0.007877
ZTS,2023-02-14,0.387311,0.005076,0.273382,0.009205
ZTS,2023-08-08,0.602296,0.003966,0.36864,0.006542
ZTS,2024-02-13,0.620218,0.004773,0.286358,0.006732
ZTS,2018-11-01,0.591619,0.005237,0.252095,0.006661
ZTS,2019-02-14,0.542463,0.004858,0.243218,0.008604
ZTS,2021-08-05,0.623882,0.003913,0.250607,0.007035
ZTS,2021-05-06,0.632128,0.004585,0.26392,0.008349
ZTS,2022-05-05,0.401419,0.005197,0.254982,0.006954
ZTS,2023-11-02,0.566283,0.003764,0.248389,0.005675
HES,2021-01-27,0.264523,0.011854,0.134883,0.010857
HES,2021-04-28,0.168254,0.011802,0.193313,0.006483
HES,2021-10-27,0.291647,0.012635,0.191458,0.010665
HES,2021-07-28,0.173709,0.012369,0.204661,0.010744
HES,2019-10-30,0.07135,0.013976,0.159473,0.007698
HES,2019-04-25,0.282626,0.011511,0.226618,0.010885
HES,2019-01-30,0.376386,0.009067,0.163735,0.008537
HES,2020-01-29,0.285073,0.011622,0.154811,0.009566
HES,2020-10-28,0.118779,0.013869,0.119074,0.009524
HES,2020-05-07,-0.265772,0.011072,0.080656,0.012026
HES,2018-10-31,0.147986,0.012216,0.187329,0.008638
HES,2020-07-29,0.103059,0.010974,0.17597,0.008238
HES,2019-07-31,0.093256,0.010309,0.197209,0.011197
LEN,2019-06-25,0.158185,0.007397,0.097824,0.00918
LEN,2020-09-15,-0.105003,0.047619,0.229971,0.009051
LEN,2024-06-18,-0.105387,0.047619,0.281558,0.008592
LEN,2021-03-17,-0.073547,0.046243,0.284168,0.00705
LEN,2021-12-16,-0.060603,0.041451,0.223093,0.008107
LEN,2022-06-21,-0.0946,0.047619,0.159682,0.007363
LEN,2022-12-15,-0.084315,0.046512,0.109282,0.008216
LEN,2020-06-16,0.157892,0.006485,0.052122,0.007313
LEN,2018-10-03,0.297404,0.007508,0.195265,0.009279
LEN,2020-01-08,0.3854,0.006265,0.26733,0.008925
LEN,2018-06-26,0.344532,0.007615,0.214981,0.005747
LEN,2020-03-19,0.049073,0.006299,0.048432,0.006635
LEN,2023-06-15,-0.067166,0.043478,0.254235,0.006978
LEN,2022-09-22,-0.101446,0.047872,0.135934,0.008027
LEN,2021-09-21,-0.069255,0.044118,0.284396,0.005023
LEN,2023-12-15,-0.064986,0.043902,0.272043,0.008431
LEN,2023-03-15,-0.065082,0.045,0.19427,0.008119
LEN,2020-12-17,-0.080776,0.046784,0.321346,0.006761
LEN,2022-03-17,-0.092614,0.044944,0.286575,0.007162
LEN,2021-06-17,-0.069447,0.044118,0.233191,0.005413
LEN,2019-10-02,0.365092,0.004996,0.218064,0.010653
LEN,2018-04-04,0.252626,0.007067,0.193208,0.007015
LEN,2023-09-15,-0.066289,0.043689,0.245647,0.007842
LEN,2024-03-14,-0.070268,0.043689,0.336887,0.006348
DOYU,2019-11-27,0.680713,0.003296,0.088859,0.008497
DOYU,2020-03-19,0.589775,0.004368,0.201786,0.007028
DOYU,2020-05-26,0.613552,0.003366,0.272052,0.00303
AVB,2019-08-01,0.088473,0.011537,0.020102,0.010783
AVB,2021-04-29,0.237096,0.00963,0.011366,0.011038
AVB,2020-07-30,-0.168782,0.012179,0.041598,0.012398
AVB,2020-10-29,0.093008,0.010268,0.070855,0.012324
AVB,2019-04-25,0.356327,0.012928,0.112461,0.011563
AVB,2020-05-07,0.001736,0.009406,-0.013104,0.013313
AVB,2021-07-29,0.344036,0.008062,0.116106,0.016206
AVB,2021-02-04,-0.017086,0.010852,0.004928,0.013754
AVB,2019-10-29,0.367723,0.009935,0.066865,0.013394
AVB,2019-02-05,0.121686,0.008678,0.056888,0.01244
AVB,2021-10-28,0.479084,0.010532,0.098014,0.012316
AVB,2020-02-06,0.267835,0.010582,0.078642,0.011967
AVB,2018-10-30,0.321828,0.013047,0.028319,0.014786
LDOS,2018-10-25,0.434099,0.005321,0.202799,0.006391
LDOS,2020-11-02,0.5104,0.007167,0.194951,0.010347
LDOS,2021-05-04,0.543442,0.00754,0.146033,0.009627
LDOS,2020-08-04,0.276947,0.006725,0.165331,0.010036
LDOS,2020-02-18,0.547408,0.008477,0.220412,0.006966
LDOS,2019-04-30,0.44879,0.00732,0.201731,0.010057
LDOS,2019-02-19,0.372451,0.007036,0.19217,0.00993
LDOS,2021-08-03,0.375098,0.003744,0.066371,0.01009
LDOS,2021-11-02,0.390243,0.006028,0.145859,0.010881
LDOS,2020-05-05,0.292942,0.00868,0.087222,0.009804
LDOS,2019-10-29,0.472662,0.005098,0.143646,0.008456
LDOS,2021-02-23,0.372798,0.006964,0.126593,0.011165
LDOS,2019-07-30,0.434366,0.003868,0.200358,0.009018
CARA,2019-08-07,0.200004,0.009669,0.169835,0.010826
CARA,2019-05-07,0.271177,0.007707,0.141641,0.015773
CARA,2019-11-12,0.382013,0.010129,0.168914,0.014128
CARA,2019-03-12,0.260865,0.009975,0.123689,0.012331
CARA,2021-11-08,0.199905,0.008559,0.200654,0.012721
GM,2024-01-30,0.41409,0.006868,0.262228,0.007587
GM,2019-08-01,0.389263,0.004752,0.227294,0.008948
GM,2024-07-23,0.375066,0.006516,0.284077,0.012558
GM,2021-05-05,0.590735,0.003712,0.181811,0.010682
GM,2022-10-25,0.544972,0.003283,0.225119,0.007923
GM,2022-04-26,0.5742,0.003944,0.278225,0.008947
GM,2023-07-25,0.427799,0.004358,0.288853,0.007545
GM,2020-02-05,0.24807,0.005546,0.130678,0.010035
GM,2021-10-27,0.342197,0.004647,0.183917,0.008237
GM,2023-01-31,0.53509,0.002649,0.2569,0.009529
GM,2020-05-06,0.133451,0.003857,0.247045,0.00877
GM,2024-04-23,0.412165,0.005234,0.352985,0.008302
GM,2022-07-26,0.388777,0.003608,0.252352,0.009365
GM,2020-11-05,0.57152,0.003574,0.30201,0.009615
GM,2021-02-10,0.61367,0.003699,0.240822,0.007618
GM,2018-02-06,0.333198,0.002565,0.178544,0.009492
GM,2023-10-24,0.552121,0.005291,0.289412,0.00658
GM,2019-04-30,0.254735,0.006359,0.149672,0.008675
GM,2019-10-29,0.314723,0.006942,0.161205,0.011451
GM,2018-10-31,0.577115,0.003759,0.203448,0.007971
GM,2020-07-29,0.431687,0.004757,0.160796,0.012302
GM,2021-08-04,0.46351,0.006228,0.173004,0.012334
GM,2022-02-01,0.525278,0.003795,0.2412,0.011331
API,2022-02-22,0.377215,0.009646,0.142019,0.004093
API,2021-05-24,0.284335,0.007864,0.161485,0.005909
API,2022-08-15,0.272205,0.0125,0.058148,0.005955
API,2021-11-15,0.354529,0.00703,0.216924,0.005373
API,2022-05-23,0.204545,0.01073,0.162654,0.010286
API,2021-08-09,0.313535,0.006562,0.152982,0.006364
API,2021-02-22,0.352587,0.012036,0.17517,0.003715
DIS,2018-11-08,0.222647,0.004267,0.197052,0.009159
DIS,2020-02-04,0.224785,0.00601,0.114189,0.009367
DIS,2021-05-13,0.302268,0.004413,0.238637,0.007041
DIS,2022-11-08,0.389419,0.006403,0.089194,0.011405
DIS,2021-11-10,0.190692,0.006957,0.162879,0.010085
DIS,2024-08-07,0.041992,0.0,0.228247,0.008877
DIS,2022-05-11,0.286249,0.008379,0.26926,0.010351
DIS,2020-11-12,0.060258,0.006985,0.179459,0.008598
DIS,2021-02-11,0.233289,0.005581,0.152439,0.012491
DIS,2019-11-07,0.326505,0.002252,0.136384,0.008112
DIS,2020-08-04,0.035445,0.006238,0.098847,0.009877
DIS,2019-08-06,-0.009032,0.003695,0.091974,0.006954
DIS,2019-05-08,0.218856,0.001677,0.074058,0.010301
DIS,2024-02-07,0.532611,0.002699,0.183501,0.011345
DIS,2022-02-09,0.251911,0.006364,0.159557,0.008577
DIS,2018-02-06,0.147428,0.003376,0.134892,0.006746
DIS,2023-08-09,0.336391,0.005675,0.199532,0.013809
DIS,2023-05-10,0.222222,0.004989,0.201863,0.009283
DIS,2020-05-05,0.151202,0.006897,0.08067,0.011368
DIS,2023-11-08,0.48087,0.007326,0.250098,0.008992
DIS,2018-05-08,0.231571,0.003313,0.159267,0.009786
DIS,2022-08-10,0.454785,0.004449,0.209559,0.010272
DIS,2019-02-05,0.067358,0.002088,0.166349,0.011886
DIS,2024-05-07,0.36901,0.00404,0.171252,0.007582
DIS,2023-02-08,0.16194,0.007968,0.202535,0.00681
DIS,2021-08-12,0.302432,0.00507,0.218285,0.009785
DIS,2018-08-07,0.471684,0.003768,0.05717,0.009819
CBAY,2021-05-13,0.288934,0.008864,0.195455,0.009522
CBAY,2020-03-12,-0.034356,0.009699,0.137077,0.01331
CBAY,2021-11-10,0.364512,0.01,0.19906,0.012469
CBAY,2019-08-07,0.29773,0.009674,0.219368,0.008652
CBAY,2020-11-05,0.226529,0.011573,0.209657,0.009438
CBAY,2020-05-11,-0.022954,0.009406,0.124023,0.009507
CBAY,2019-11-05,0.217632,0.010555,0.154621,0.007335
CBAY,2020-08-10,0.259637,0.014793,0.234295,0.01049
CBAY,2021-03-25,0.266668,0.010732,0.250028,0.011015
CBAY,2022-05-12,0.313629,0.010417,0.323507,0.00823
CBAY,2022-03-17,0.446757,0.009866,0.251115,0.010211
CBAY,2019-02-28,0.360423,0.01765,0.226263,0.012853
CBAY,2022-08-11,0.39676,0.010963,0.182589,0.011308
CBAY,2021-08-12,0.309667,0.013289,0.246855,0.008807
WAT,2020-02-04,0.062789,0.009434,0.243681,0.010372
WAT,2021-05-05,0.483299,0.007163,0.281335,0.007672
WAT,2019-04-23,0.016823,0.009487,0.210283,0.006762
WAT,2018-10-23,0.296168,0.010228,0.333881,0.007349
WAT,2021-08-03,0.37865,0.010878,0.170018,0.006624
WAT,2020-10-27,0.115656,0.013087,0.217844,0.007268
WAT,2018-07-24,0.417819,0.008552,0.291656,0.00755
WAT,2020-04-28,0.0881,0.009444,0.131369,0.006729
WAT,2021-11-02,0.394693,0.010104,0.173205,0.008758
WAT,2019-10-29,0.041628,0.011127,0.279877,0.00682
WAT,2019-07-30,0.25776,0.008423,0.221673,0.011553
WAT,2019-01-23,0.384719,0.008529,0.248611,0.009548
WAT,2021-02-02,0.32964,0.009427,0.234254,0.006422
WAT,2020-07-28,0.267337,0.009522,0.298322,0.012175
PXD,2021-05-05,0.364644,0.005969,0.155956,0.0082
PXD,2018-08-08,0.33291,0.005751,0.115789,0.011925
PXD,2019-08-07,0.304886,0.006211,0.061706,0.007819
PXD,2020-05-07,0.119617,0.005895,0.091348,0.013259
PXD,2019-11-05,0.368413,0.007231,0.08318,0.009147
PXD,2019-05-07,0.192254,0.008161,0.116475,0.008565
PXD,2020-02-20,0.26447,0.006609,0.17544,0.009245
PXD,2021-08-03,0.412185,0.008752,0.138427,0.012631
PXD,2021-02-24,0.386315,0.011218,0.162604,0.012965
PXD,2019-02-14,0.45939,0.004952,0.188804,0.008012
PXD,2021-11-04,0.353069,0.006667,0.221002,0.011068
PXD,2018-11-07,0.286442,0.005572,0.193528,0.009502
BRKR,2019-08-01,0.427878,0.007015,0.200271,0.014176
BRKR,2019-02-11,0.509654,0.007714,0.248515,0.012755
BRKR,2019-05-02,0.380967,0.006882,0.226394,0.013
BRKR,2020-05-06,-0.160231,0.009764,0.11641,0.017152
BRKR,2021-11-01,0.508352,0.007705,0.289061,0.008965
BRKR,2020-02-18,0.328323,0.007838,0.084934,0.012386
BRKR,2019-10-31,0.459974,0.005658,0.277844,0.012679
CMRX,2022-08-08,0.276613,0.01185,0.186613,0.011499
CMRX,2022-05-16,0.359258,0.013599,0.137161,0.016755
CMRX,2021-02-25,0.27149,0.008188,0.200832,0.011321
CMRX,2021-08-05,0.237703,0.011102,0.136344,0.010306
CMRX,2022-03-01,0.323413,0.00903,0.167444,0.011696
CMRX,2021-11-04,0.215015,0.010109,0.017835,0.008069
CMRX,2021-05-06,0.197265,0.010966,0.104569,0.012588
DE,2017-11-22,0.329021,0.006215,0.151457,0.008234
DE,2019-02-15,0.317573,0.00761,0.030949,0.00585
DE,2018-05-18,0.518162,0.00559,0.123124,0.006651
DE,2018-11-21,0.440775,0.007622,0.195119,0.012691
DE,2018-08-17,0.562942,0.006596,0.221507,0.007881
DE,2021-11-24,0.358694,0.004155,0.153543,0.010908
BOOM,2021-07-22,0.444746,0.010539,0.239325,0.008778
BOOM,2019-07-25,0.206579,0.013707,0.170935,0.010828
BOOM,2020-10-22,0.059935,0.011578,0.105722,0.008422
BOOM,2019-02-21,0.254706,0.011173,0.171251,0.00933
BOOM,2021-04-22,0.040065,0.016239,0.207883,0.008388
BOOM,2019-04-25,0.413465,0.014405,0.197456,0.011133
BOOM,2021-10-21,0.20548,0.015242,0.231743,0.010471
BOOM,2020-02-20,0.179365,0.013634,0.134452,0.009112
BOOM,2019-10-24,0.146014,0.014126,0.122768,0.008297
BOOM,2020-07-23,-0.029955,0.009938,0.202147,0.008739
BOOM,2020-04-23,-0.210713,0.015055,0.093301,0.012023
BOOM,2021-02-18,0.116095,0.01078,0.209871,0.008245
AMAL,2018-10-29,0.224568,0.008621,0.168963,0.012662
AMAL,2019-07-29,0.313319,0.006983,0.099082,0.01191
AMAL,2020-04-30,0.210328,0.008549,0.089627,0.015961
AMAL,2019-10-28,0.337684,0.004786,0.141912,0.014237
AMAL,2019-04-30,0.205087,0.004616,0.100472,0.010373
AMAL,2020-01-31,0.344928,0.006856,0.133412,0.010583
SIRI,2020-02-04,0.441455,0.010264,0.212609,0.01127
SIRI,2021-04-28,0.559105,0.008282,0.246249,0.004394
SIRI,2023-08-01,0.368551,0.005906,0.244359,0.006932
SIRI,2024-02-01,0.239771,0.00973,0.223479,0.008446
SIRI,2020-10-22,0.35982,0.008983,0.193792,0.007189
SIRI,2020-07-30,0.201893,0.012872,0.101662,0.009427
SIRI,2019-04-24,0.453848,0.011514,0.177629,0.006718
SIRI,2024-08-01,0.306741,0.007497,0.347986,0.008452
SIRI,2019-10-31,0.313299,0.010138,0.173897,0.00661
SIRI,2019-01-30,0.338666,0.010349,0.154753,0.006427
SIRI,2023-10-31,0.22245,0.008589,0.263466,0.008113
SIRI,2021-07-27,0.533785,0.008287,0.28163,0.008197
SIRI,2023-02-02,0.31531,0.008202,0.12664,0.006608
SIRI,2022-07-28,0.306158,0.009119,0.263885,0.00745
SIRI,2022-11-01,0.390068,0.006757,0.215465,0.007611
SIRI,2020-04-28,0.178833,0.00808,0.022386,0.008028
SIRI,2023-04-27,0.338829,0.008428,0.305696,0.008368
SIRI,2019-07-30,0.319538,0.008834,0.171515,0.008361
SIRI,2021-10-28,0.53488,0.007008,0.266063,0.009282
SIRI,2021-02-02,0.377808,0.007092,0.222657,0.005496
SIRI,2022-02-01,0.512915,0.008273,0.22607,0.007788
SIRI,2022-04-28,0.380435,0.007249,0.27353,0.008065
SIRI,2024-04-30,0.435127,0.006452,0.265381,0.008018
NOC,2024-04-25,0.588294,0.00567,0.245684,0.009853
NOC,2019-07-24,0.693609,0.010224,0.298822,0.006841
NOC,2021-04-29,0.557391,0.00607,0.336673,0.005834
NOC,2018-10-24,0.468647,0.007348,0.306495,0.007059
NOC,2020-10-22,0.617916,0.006717,0.258764,0.008326
NOC,2020-07-30,0.585678,0.007647,0.216152,0.008764
NOC,2023-10-26,0.512105,0.01109,0.284277,0.01189
NOC,2019-01-31,0.392691,0.009607,0.264302,0.008834
NOC,2019-04-24,0.532014,0.00789,0.277787,0.008451
NOC,2024-07-25,0.613635,0.00644,0.236702,0.009057
NOC,2023-01-26,0.449997,0.0077,0.238469,0.008018
NOC,2021-07-29,0.496003,0.005766,0.295676,0.005928
NOC,2020-04-29,0.367215,0.009174,0.297292,0.012207
NOC,2019-10-24,0.487495,0.008961,0.19902,0.012643
NOC,2020-01-30,0.43541,0.008033,0.253487,0.007214
NOC,2022-07-28,0.391008,0.006196,0.217182,0.010902
NOC,2023-04-27,0.510297,0.00833,0.266536,0.011144
NOC,2022-10-27,0.514001,0.009177,0.203655,0.007362
NOC,2021-10-28,0.256361,0.006917,0.100842,0.009307
NOC,2022-01-27,0.301699,0.009526,0.175528,0.009609
NOC,2023-07-27,0.630949,0.006526,0.223826,0.013168
NOC,2021-01-28,0.455836,0.009493,0.211155,0.007185
NOC,2024-01-25,0.527042,0.008727,0.230354,0.012159
NOC,2022-04-28,0.358214,0.009326,0.251914,0.00849
IDXX,2020-07-31,0.506902,0.005618,0.254045,0.009234
IDXX,2022-02-02,0.641966,0.006449,0.346327,0.007732
IDXX,2019-08-01,0.621004,0.008339,0.297133,0.005993
IDXX,2021-05-04,0.677163,0.004361,0.354179,0.009185
IDXX,2019-02-01,0.714476,0.008092,0.288353,0.005823
IDXX,2022-08-02,0.502096,0.006137,0.213518,0.008811
IDXX,2019-10-31,0.553146,0.013581,0.315192,0.00802
IDXX,2020-04-30,0.290632,0.008876,0.157041,0.005827
IDXX,2021-07-30,0.626138,0.006139,0.31972,0.007635
IDXX,2020-10-30,0.668779,0.007774,0.262074,0.012179
IDXX,2020-01-31,0.645149,0.009615,0.273165,0.006141
IDXX,2018-08-01,0.691012,0.007689,0.236287,0.006599
IDXX,2021-11-02,0.712385,0.005004,0.291553,0.007403
IDXX,2018-11-01,0.516378,0.009283,0.299874,0.008357
IDXX,2022-05-04,0.490374,0.005524,0.339606,0.008623
IDXX,2018-05-04,0.616441,0.005496,0.280331,0.006062
IDXX,2019-05-01,0.552966,0.006199,0.264033,0.006599
IDXX,2021-02-02,0.607755,0.005917,0.288183,0.006919
FOLD,2021-03-01,0.352057,0.005684,0.210315,0.006354
FOLD,2019-11-11,0.503115,0.009751,0.157648,0.006374
FOLD,2019-05-08,0.444434,0.009889,0.188135,0.008327
FOLD,2020-03-02,0.50615,0.008537,0.226333,0.006818
FOLD,2020-11-06,0.45727,0.006122,0.162713,0.007645
FOLD,2020-08-10,0.393066,0.006688,0.193864,0.007734
FOLD,2020-05-09,0.468587,0.007182,0.20102,0.009336
FOLD,2019-08-08,0.52462,0.008929,0.127894,0.007381
FOLD,2021-08-05,0.488757,0.007147,0.20562,0.009013
FOLD,2021-11-09,0.433848,0.00779,0.259993,0.006636
FOLD,2021-05-10,0.373912,0.007184,0.239696,0.007788
FOLD,2019-02-28,0.440447,0.008714,0.213532,0.0089
DASH,2021-05-13,0.079961,0.030303,0.228402,0.008927
DASH,2022-08-04,0.069078,0.023392,0.259683,0.008378
DASH,2023-05-04,0.063444,0.025455,0.337717,0.006843
DASH,2022-11-03,0.067385,0.029221,0.2789,0.007298
DASH,2023-02-16,0.148784,0.012278,0.308237,0.008551
DASH,2021-02-25,0.351268,0.009518,0.243887,0.00804
DASH,2022-02-16,0.103003,0.032028,0.203919,0.007129
DASH,2021-11-09,0.287025,0.013709,0.243044,0.005288
DASH,2023-08-02,0.083285,0.027972,0.23355,0.006695
DASH,2021-08-12,0.061656,0.026846,0.274589,0.007827
DASH,2022-05-05,0.013668,0.030651,0.188638,0.007296
CSCO,2020-02-12,0.085953,0.008289,0.123668,0.012188
CSCO,2018-02-14,0.536788,0.005541,0.151668,0.008092
CSCO,2019-05-15,0.469434,0.004119,0.131684,0.009125
CSCO,2023-08-16,0.526937,0.005157,0.153083,0.009504
CSCO,2017-11-15,0.269431,0.004665,0.20277,0.004496
CSCO,2020-11-12,0.315086,0.003608,0.210083,0.006466
CSCO,2021-11-17,0.56344,0.007288,0.200322,0.008857
CSCO,2018-05-16,0.409831,0.004766,0.187899,0.009411
CSCO,2018-11-14,0.467433,0.004129,0.182675,0.008443
CSCO,2021-05-19,0.505085,0.004662,0.247314,0.010085
CSCO,2020-08-12,0.170986,0.004673,0.190365,0.00869
CSCO,2018-08-15,0.490788,0.004777,0.166448,0.008982
CSCO,2024-05-15,0.383824,0.005794,0.177195,0.007803
CSCO,2022-05-18,0.226066,0.009489,0.051156,0.011919
CSCO,2019-11-13,0.325908,0.004357,0.114351,0.010016
CSCO,2024-08-14,0.541382,0.006042,0.175115,0.00749
CSCO,2023-02-15,0.465032,0.00506,0.179277,0.010189
CSCO,2022-11-16,0.379636,0.006452,0.067457,0.011111
CSCO,2021-02-09,0.404276,0.005651,0.194556,0.009474
CSCO,2021-08-18,0.615237,0.005193,0.207462,0.009253
CSCO,2020-05-13,0.217667,0.007251,0.146554,0.010302
CSCO,2022-08-17,0.406801,0.004438,0.201255,0.010493
CSCO,2022-02-16,0.469345,0.006103,0.168276,0.009212
CSCO,2023-11-15,0.353893,0.006359,0.170286,0.010723
CSCO,2023-05-17,0.501108,0.006435,0.158378,0.01155
CSCO,2019-02-13,0.462713,0.004915,0.223122,0.009274
CSCO,2024-02-14,0.210831,0.006603,0.12614,0.010788
CSCO,2019-08-14,0.400701,0.004659,0.093903,0.012017
CVS,2023-11-01,0.463424,0.010467,0.348182,0.007962
CVS,2023-05-03,0.50107,0.009768,0.318837,0.007148
CVS,2020-02-12,0.510803,0.005874,0.251692,0.007152
CVS,2018-08-08,0.287481,0.008217,0.192623,0.009245
CVS,2021-02-16,0.497374,0.007565,0.223968,0.008535
CVS,2024-08-07,0.403206,0.015374,0.250515,0.009088
CVS,2020-05-06,0.364866,0.008336,0.102529,0.00844
CVS,2019-08-07,0.57357,0.006182,0.354302,0.007954
CVS,2022-11-02,0.505407,0.009087,0.281555,0.008592
CVS,2020-08-05,0.516691,0.00717,0.154008,0.006631
CVS,2024-02-07,0.503564,0.012802,0.272835,0.009718
CVS,2019-11-06,0.593159,0.005291,0.276418,0.00752
CVS,2022-08-03,0.547506,0.007525,0.235596,0.0074
CVS,2022-02-09,0.596205,0.008954,0.215374,0.006658
CVS,2018-05-02,0.330944,0.007868,0.223825,0.006944
CVS,2020-11-06,0.476376,0.004087,0.211025,0.008105
CVS,2021-11-03,0.574462,0.007407,0.250907,0.008216
CVS,2024-05-01,0.22403,0.016958,0.060106,0.007501
CVS,2022-05-04,0.559319,0.009703,0.168617,0.009668
CVS,2019-05-01,0.29713,0.006002,0.204866,0.007662
CVS,2018-11-06,0.345756,0.005215,0.174641,0.006682
CVS,2023-02-08,0.540001,0.008679,0.340075,0.008113
CVS,2023-08-02,0.436648,0.011845,0.27855,0.011465
CVS,2021-08-04,0.540452,0.010495,0.183526,0.005333
GD,2018-01-24,0.472621,0.006018,0.20142,0.009093
GD,2021-01-27,0.306717,0.007836,0.184171,0.010951
GD,2019-07-24,0.38162,0.006726,0.182382,0.008333
GD,2021-04-28,0.353122,0.00887,0.268681,0.008574
GD,2022-04-27,0.318501,0.008832,0.168179,0.010851
GD,2024-04-24,0.329368,0.003805,0.237279,0.010363
GD,2018-10-24,0.228297,0.006491,0.107095,0.008486
GD,2021-10-27,0.327658,0.005015,0.225222,0.01046
GD,2021-07-28,0.289103,0.00834,0.218843,0.011344
GD,2022-07-27,0.267919,0.008188,0.124294,0.008096
GD,2019-04-24,0.274982,0.006875,0.26597,0.010177
GD,2024-07-24,0.441235,0.008812,0.242281,0.008649
GD,2019-01-30,0.433829,0.009586,0.186798,0.009316
GD,2020-01-29,0.472866,0.009809,0.163217,0.004818
GD,2020-10-28,0.268713,0.00521,0.240682,0.005019
GD,2023-01-25,0.416309,0.01143,0.205624,0.009251
GD,2020-04-29,0.025418,0.010929,0.063667,0.014226
GD,2023-10-25,0.354253,0.004411,0.206297,0.008394
GD,2024-01-24,0.401258,0.008496,0.186082,0.009928
GD,2023-07-26,0.253999,0.004552,0.198536,0.00927
GD,2020-07-29,-0.023137,0.007279,0.132468,0.009047
GD,2022-01-26,0.363019,0.008119,0.139919,0.011883
GD,2022-10-26,0.352161,0.007534,0.118131,0.00816
GD,2019-10-23,0.302408,0.003571,0.175019,0.00604
AVY,2020-07-27,0.035824,0.010353,0.079734,0.010016
AVY,2021-04-28,0.448078,0.010453,0.236491,0.006335
AVY,2021-10-27,0.331518,0.008547,0.145639,0.006545
AVY,2021-07-28,0.487211,0.006565,0.264925,0.008312
AVY,2018-10-23,0.37161,0.009926,0.183618,0.007581
AVY,2019-04-24,0.216856,0.012073,0.17521,0.007132
AVY,2019-07-23,0.481472,0.010345,0.125763,0.009341
AVY,2019-01-30,0.669686,0.008396,0.175567,0.010262
AVY,2020-01-29,0.497945,0.006874,0.065441,0.006952
AVY,2020-04-29,0.237441,0.01055,0.045307,0.005801
AVY,2020-10-21,0.407824,0.011165,0.175746,0.008792
AVY,2021-02-03,0.507944,0.007983,0.258702,0.006314
AVY,2019-10-23,0.446218,0.009911,0.087265,0.00649
DOC,2019-08-01,0.525291,0.007223,0.163121,0.010358
DOC,2020-02-12,0.356389,0.006166,0.108666,0.007128
DOC,2021-05-05,0.499636,0.008457,0.166524,0.013153
DOC,2019-05-02,0.454594,0.006873,0.146336,0.006582
DOC,2020-11-03,0.292685,0.009704,0.184615,0.010484
DOC,2020-05-06,0.079896,0.010964,0.014428,0.010339
DOC,2019-10-31,0.457136,0.006709,0.139473,0.008296
DOC,2020-08-05,0.302039,0.007737,0.03137,0.011299
DOC,2021-02-10,0.215192,0.011876,0.188159,0.011887
DOC,2021-11-03,0.458453,0.007986,0.12129,0.01217
DOC,2018-10-31,0.391131,0.007874,0.133053,0.010421
DOC,2021-08-04,0.319114,0.009065,0.212457,0.010741
CRSR,2022-08-04,-0.083271,0.008475,0.12218,0.007238
CRSR,2021-05-04,0.5782,0.009742,0.186936,0.00918
CRSR,2022-02-08,0.171604,0.007844,0.096359,0.009428
CRSR,2020-11-10,0.472749,0.006915,0.107919,0.007044
CRSR,2021-08-03,0.36195,0.009067,0.083777,0.007396
CRSR,2021-02-09,0.586211,0.006986,0.187293,0.007048
CRSR,2021-11-02,0.153549,0.011356,0.123669,0.006168
CRSR,2022-05-05,0.042189,0.011577,0.147271,0.00736
BR,2019-08-01,0.546141,0.005229,0.211263,0.005923
BR,2019-02-07,0.114235,0.005048,0.19715,0.006881
BR,2021-05-04,0.56406,0.005546,0.345072,0.004354
BR,2019-11-07,0.251603,0.003799,0.246683,0.00472
BR,2019-05-07,0.369132,0.002489,0.243732,0.005187
BR,2021-11-03,0.574734,0.002053,0.207761,0.005011
BR,2020-05-08,0.303331,0.006664,0.209959,0.0058
BR,2020-10-30,0.533128,0.005799,0.204339,0.007107
BR,2020-08-11,0.467837,0.005572,0.266315,0.004881
BR,2020-01-31,0.222792,0.003103,0.16475,0.004249
BR,2021-02-02,0.546661,0.00291,0.285001,0.006955
BR,2021-08-12,0.616725,0.003429,0.327463,0.008547
KO,2020-04-21,0.30509,0.006282,0.165167,0.008538
KO,2024-07-23,0.615966,0.009259,0.208188,0.008079
KO,2022-10-25,0.546646,0.008025,0.262474,0.008805
KO,2019-04-23,0.500245,0.00534,0.223849,0.008294
KO,2020-10-22,0.53325,0.005343,0.237384,0.007578
KO,2021-10-27,0.662872,0.004912,0.249691,0.006983
KO,2020-07-21,0.417062,0.00625,0.145046,0.00979
KO,2019-07-23,0.599662,0.003663,0.21754,0.00703
KO,2021-04-19,0.679629,0.004836,0.230424,0.008791
KO,2022-07-26,0.478264,0.005848,0.153676,0.008123
KO,2021-02-10,0.34011,0.007284,0.242689,0.006777
KO,2023-10-24,0.551857,0.009039,0.14334,0.006721
KO,2022-02-10,0.623253,0.007225,0.243261,0.003606
KO,2020-01-30,0.615223,0.005086,0.170257,0.006682
KO,2018-07-25,0.580641,0.005307,0.195224,0.007051
KO,2023-02-14,0.489679,0.008934,0.316128,0.006702
KO,2024-02-13,0.537466,0.010359,0.233326,0.006458
KO,2019-02-14,0.490584,0.005495,0.252593,0.007197
KO,2019-10-18,0.417325,0.004323,0.275153,0.005218
KO,2022-04-25,0.545993,0.009368,0.179541,0.009505
KO,2023-07-26,0.587495,0.006907,0.179094,0.004671
KO,2021-07-21,0.700838,0.005368,0.223439,0.0062
KO,2024-04-30,0.618125,0.008947,0.262002,0.005533
KO,2018-10-30,0.503115,0.006011,0.186186,0.007347
IVZ,2021-10-26,0.477852,0.00882,0.226388,0.011375
IVZ,2021-01-26,0.547058,0.010494,0.172702,0.006895
IVZ,2019-07-25,0.512368,0.008847,0.169235,0.011323
IVZ,2019-01-30,0.259844,0.006648,0.081651,0.010772
IVZ,2018-10-18,0.342283,0.01129,0.135818,0.009717
IVZ,2020-01-29,0.252901,0.009024,0.197033,0.013932
IVZ,2020-10-27,0.460979,0.01013,0.220104,0.009763
IVZ,2021-07-27,0.516486,0.009096,0.190436,0.009997
IVZ,2020-04-23,0.390633,0.010685,0.136149,0.009637
IVZ,2020-07-28,0.287815,0.008615,0.052902,0.010382
IVZ,2021-04-27,0.518067,0.010253,0.177124,0.011819
IVZ,2019-10-23,0.475886,0.008469,0.24884,0.010518
ASO,2024-03-21,0.268238,0.008814,0.128888,0.005191
ASO,2021-03-30,0.535359,0.005493,0.278289,0.006135
ASO,2023-08-31,0.317698,0.005963,0.243595,0.004717
ASO,2023-03-16,0.342509,0.005041,0.305061,0.007374
ASO,2022-03-29,0.614378,0.006588,0.235353,0.009228
ASO,2022-06-07,0.267,0.007094,0.278041,0.008475
ASO,2021-12-10,0.694949,0.006515,0.309118,0.009785
ASO,2023-11-30,0.070623,0.007934,0.185191,0.006231
ASO,2022-12-07,0.454247,0.004742,0.253053,0.005632
ASO,2024-06-11,0.153386,0.004526,0.225166,0.005392
ASO,2022-09-07,0.293542,0.00586,0.257479,0.007272
ASO,2021-09-09,0.65127,0.005726,0.351174,0.008659
ASO,2023-06-06,0.232242,0.006946,0.170816,0.007002
AXP,2024-07-19,0.579387,0.004401,0.198341,0.008086
AXP,2019-04-18,0.497064,0.006304,0.166487,0.008545
AXP,2024-01-26,0.582996,0.003853,0.199032,0.008769
AXP,2020-10-23,0.15804,0.00899,0.067894,0.005097
AXP,2023-10-20,0.516969,0.002757,0.188403,0.007028
AXP,2019-01-17,0.510953,0.006205,0.107038,0.008315
AXP,2022-01-25,0.624947,0.005558,0.149447,0.0079
AXP,2021-01-26,0.191033,0.008214,0.165555,0.009957
AXP,2021-07-23,0.534934,0.006697,0.18741,0.009694
AXP,2023-01-27,0.4998,0.003543,0.119299,0.007592
AXP,2024-04-19,0.564182,0.003279,0.149205,0.006849
AXP,2020-01-24,0.564443,0.005445,0.168849,0.005004
AXP,2021-04-23,0.281011,0.006416,0.113382,0.008062
AXP,2019-07-19,0.475168,0.0058,0.113714,0.01074
AXP,2018-10-18,0.481781,0.005557,0.22947,0.008217
AXP,2022-10-21,0.590023,0.003684,0.185501,0.006772
AXP,2021-10-22,0.524397,0.006604,0.155109,0.006781
AXP,2020-04-24,-0.053199,0.006891,0.047723,0.010482
AXP,2023-07-21,0.499377,0.00179,0.197627,0.006286
AXP,2022-04-22,0.648655,0.005402,0.262801,0.006837
AXP,2019-10-18,0.563115,0.005853,0.147676,0.005916
AXP,2022-07-22,0.549028,0.004978,0.181472,0.00779
AXP,2018-07-18,0.474675,0.003261,0.283775,0.007263
AXP,2020-07-24,0.052707,0.007422,0.02558,0.006688
FI,2019-02-07,0.444063,0.006976,0.214918,0.008691
FI,2022-04-27,0.627886,0.004603,0.344984,0.005279
FI,2019-07-25,0.47382,0.008233,0.26461,0.006744
FI,2021-10-27,0.628523,0.003238,0.216519,0.007525
FI,2022-02-08,0.714473,0.003241,0.2811,0.006819
FI,2020-08-05,0.399487,0.005637,0.294487,0.009683
FI,2019-11-06,0.599498,0.005557,0.307265,0.008694
FI,2022-07-26,0.621179,0.002862,0.386498,0.010946
FI,2020-05-07,0.440146,0.008869,0.22548,0.010723
FI,2019-04-30,0.400215,0.00733,0.268962,0.009734
FI,2020-10-27,0.560825,0.00441,0.279538,0.007584
FI,2021-07-27,0.675097,0.002308,0.267506,0.009181
FI,2018-10-31,0.457642,0.00507,0.126502,0.009597
FI,2021-04-27,0.638623,0.004929,0.357536,0.006986
KEYS,2020-11-18,0.441378,0.004617,0.307249,0.007427
KEYS,2020-02-24,0.491183,0.004632,0.348616,0.004853
KEYS,2019-08-21,0.540698,0.004287,0.338101,0.008082
KEYS,2019-05-29,0.576393,0.005376,0.33792,0.006981
KEYS,2021-05-19,0.549161,0.005729,0.322947,0.009975
KEYS,2019-02-21,0.489122,0.003766,0.284855,0.004918
KEYS,2017-05-30,0.494734,0.004973,0.273426,0.008434
KEYS,2020-05-26,0.299086,0.004653,0.198553,0.007864
KEYS,2022-05-17,0.523573,0.004076,0.304216,0.007727
KEYS,2019-11-26,0.582076,0.006227,0.283432,0.006316
KEYS,2018-11-20,0.597038,0.003069,0.338146,0.006684
KEYS,2021-11-22,0.565952,0.006463,0.349978,0.005093
KEYS,2021-08-18,0.676597,0.003951,0.318376,0.005132
KEYS,2022-08-17,0.614743,0.004936,0.344188,0.006557
KEYS,2020-08-20,0.422093,0.003774,0.328253,0.008962
KEYS,2021-02-18,0.46714,0.006554,0.284973,0.009671
KEYS,2022-02-17,0.582495,0.003448,0.317981,0.006556
ABSI,2021-11-09,0.382061,0.009637,0.229199,0.007687
BIGC,2022-08-04,0.326593,0.0085,0.289976,0.007789
BIGC,2022-02-28,0.435833,0.004494,0.22483,0.009296
BIGC,2020-11-05,0.49694,0.005506,0.297535,0.008023
BIGC,2022-05-02,0.485893,0.005014,0.242461,0.006079
BIGC,2021-08-05,0.554362,0.006288,0.292061,0.005849
BIGC,2021-05-11,0.498143,0.005018,0.306065,0.007653
BIGC,2021-11-04,0.559254,0.005081,0.24948,0.009967
BIGC,2021-02-22,0.550034,0.006579,0.287872,0.008355
AVAV,2020-12-08,0.172293,0.006715,0.200467,0.009091
AVAV,2019-06-25,0.169368,0.007701,0.24113,0.010618
AVAV,2018-11-29,0.15373,0.007147,0.126574,0.010204
AVAV,2021-06-29,0.258424,0.008094,0.211191,0.010303
AVAV,2020-03-03,0.175529,0.007678,0.233612,0.014454
AVAV,2020-09-09,0.350697,0.009212,0.227098,0.014251
AVAV,2018-06-26,0.235881,0.009826,0.17844,0.009747
AVAV,2019-12-03,0.217192,0.007963,0.324167,0.009726
AVAV,2024-06-26,0.456584,0.007136,0.321343,0.008588
AVAV,2019-09-04,0.165662,0.008765,0.227489,0.009788
AVAV,2021-03-09,0.322551,0.008426,0.373955,0.009852
AVAV,2020-06-23,0.296506,0.007365,0.269115,0.011575
AVAV,2024-03-04,0.447374,0.0076,0.271962,0.008228
AVGO,2022-03-03,0.553344,0.004431,0.187624,0.010572
AVGO,2023-12-07,0.177275,0.004103,0.154649,0.00784
AVGO,2020-09-03,0.089361,0.010982,0.133979,0.006838
AVGO,2021-06-03,0.272909,0.008885,0.161525,0.007105
AVGO,2018-03-15,0.141456,0.007852,0.157938,0.007298
AVGO,2022-05-26,0.530914,0.005593,0.239428,0.008262
AVGO,2019-06-13,0.07511,0.015364,0.13721,0.012195
AVGO,2020-03-12,-0.018262,0.012531,-0.012682,0.013832
AVGO,2024-03-07,0.185483,0.004478,0.180403,0.009689
AVGO,2022-12-08,0.511812,0.006829,0.069735,0.009102
AVGO,2024-06-12,0.096778,0.003777,0.156612,0.008271
AVGO,2023-08-31,0.042919,0.007201,0.117193,0.009031
AVGO,2018-06-07,0.240484,0.007368,0.113133,0.008582
AVGO,2018-12-06,0.339805,0.010787,0.18462,0.006396
AVGO,2021-03-04,0.372281,0.012814,0.112574,0.010081
AVGO,2022-09-01,0.504818,0.00593,0.120256,0.011088
AVGO,2019-03-14,-0.080744,0.013601,0.213933,0.008503
AVGO,2021-09-02,0.450198,0.0076,0.215598,0.007914
AVGO,2023-06-01,0.209585,0.007096,0.162258,0.008418
AVGO,2021-12-09,0.571549,0.006474,0.17528,0.011139
AVGO,2019-09-12,0.183186,0.00933,0.073972,0.013836
AVGO,2023-03-02,0.098805,0.006947,0.175447,0.00751
AVGO,2020-12-10,0.411168,0.009386,0.191585,0.007531
AVGO,2020-06-04,0.032539,0.008138,0.123273,0.008931
AVGO,2017-12-06,0.260865,0.007869,0.23257,0.008517
AVGO,2019-12-12,0.152467,0.009905,0.17517,0.00587
AVGO,2018-09-06,0.341871,0.010749,0.126436,0.006659
CSGS,2021-05-05,0.553008,0.005935,0.191072,0.009109
CSGS,2019-02-06,0.599602,0.008613,0.160538,0.008193
CSGS,2020-02-05,0.601382,0.008206,0.269573,0.01
CSGS,2020-05-06,0.208727,0.0123,-0.087472,0.005928
CSGS,2019-08-07,0.54499,0.009046,0.315305,0.007654
CSGS,2019-10-30,0.636746,0.005263,0.209077,0.005814
CSGS,2021-11-03,0.6256,0.009097,0.263426,0.005834
CSGS,2019-05-01,0.502336,0.00742,0.225926,0.007859
CSGS,2021-02-03,0.411262,0.005195,0.274574,0.007253
CSGS,2018-11-07,0.519162,0.006662,0.214269,0.008931
CSGS,2021-08-04,0.680866,0.006101,0.353307,0.007218
ISRG,2020-10-15,0.190606,0.010896,0.189475,0.007739
ISRG,2022-07-21,0.211611,0.007706,0.206661,0.011359
ISRG,2020-04-16,-0.139174,0.011333,0.131896,0.015031
ISRG,2019-10-17,0.401444,0.01164,0.188186,0.010013
ISRG,2020-01-23,0.374236,0.015689,0.099205,0.006879
ISRG,2024-07-18,0.382095,0.006275,0.187183,0.009092
ISRG,2018-04-17,0.432674,0.012494,0.212461,0.008151
ISRG,2022-04-21,0.166752,0.011618,0.146282,0.012046
ISRG,2020-07-21,-0.051553,0.010996,0.11115,0.006074
ISRG,2019-07-18,0.434887,0.014565,0.205029,0.009542
ISRG,2021-01-21,0.040763,0.011319,0.114048,0.0124
ISRG,2024-04-18,0.168994,0.00867,0.170993,0.008468
ISRG,2018-10-18,0.316983,0.006598,0.181275,0.008028
ISRG,2022-10-18,0.097027,0.010636,0.145515,0.007262
ISRG,2023-07-20,0.396881,0.009135,0.166272,0.008077
ISRG,2022-01-20,0.293334,0.011439,0.124143,0.008765
ISRG,2021-04-20,0.194865,0.012242,0.142769,0.007614
ISRG,2019-01-24,0.457224,0.012787,0.188245,0.010522
ISRG,2024-01-23,0.295602,0.008549,0.216029,0.012284
ISRG,2021-10-19,0.171739,0.011299,0.14531,0.009257
ISRG,2023-01-24,0.215211,0.009835,0.182321,0.010392
ISRG,2021-07-20,0.223208,0.011266,0.140352,0.008302
ISRG,2023-10-19,0.340541,0.009011,0.108044,0.008809
DRVN,2021-04-28,0.552476,0.009706,0.303385,0.005042
DRVN,2022-04-27,0.593777,0.005404,0.228833,0.00489
DRVN,2021-10-27,0.584454,0.004685,0.199374,0.009682
DRVN,2021-07-28,0.659823,0.006824,0.144218,0.005861
DRVN,2022-07-27,0.660091,0.009334,0.251316,0.007609
DRVN,2022-02-16,0.50321,0.007635,0.249721,0.007443
MTB,2019-01-17,0.244652,0.008472,0.10246,0.009762
MTB,2022-07-20,0.104321,0.007336,0.038181,0.01007
MTB,2019-10-17,0.093897,0.006884,0.035404,0.010882
MTB,2019-04-15,0.039477,0.0095,0.072531,0.011113
MTB,2020-01-23,-0.074062,0.008221,0.079756,0.009151
MTB,2020-10-22,0.017589,0.01091,0.072237,0.007012
MTB,2020-04-20,-0.209324,0.010107,0.02652,0.012669
MTB,2021-10-20,0.016597,0.0068,0.041227,0.011431
MTB,2019-07-18,0.070183,0.006995,0.07494,0.008814
MTB,2021-01-21,0.098695,0.008379,0.051374,0.008882
MTB,2021-04-19,0.040059,0.009508,0.088491,0.009143
MTB,2022-04-20,-0.173252,0.007788,0.068389,0.010179
MTB,2018-04-16,-0.131822,0.010916,0.135471,0.011264
MTB,2018-10-17,-0.036529,0.008407,0.104491,0.009375
MTB,2022-01-20,0.072767,0.009065,0.066304,0.007113
MTB,2020-07-23,-0.079361,0.012226,0.055461,0.011792
MTB,2018-07-18,0.102921,0.009409,0.034387,0.012439
MTB,2021-07-21,-0.096976,0.007205,0.126422,0.008324
AFYA,2021-11-22,0.425536,0.007264,0.161289,0.00817
CMPS,2021-08-11,0.2386,0.003923,0.157126,0.009686
CMPS,2024-05-08,0.391151,0.008329,0.120832,0.01403
CMPS,2022-05-10,0.283577,0.006342,0.12524,0.00896
CMPS,2021-05-13,0.307348,0.008901,0.156444,0.008143
CMPS,2022-08-04,0.239292,0.0061,0.172735,0.007851
CMPS,2020-11-12,0.028748,0.006268,0.109816,0.011638
CMPS,2022-02-24,0.310893,0.008288,0.150032,0.008886
CMPS,2022-11-03,0.177256,0.007481,0.124806,0.009297
CMPS,2024-08-01,0.29697,0.009369,0.109928,0.011458
CMPS,2023-05-11,0.30725,0.005872,0.183686,0.011171
CMPS,2021-03-09,0.147731,0.006441,0.222622,0.009466
CMPS,2024-02-29,0.260559,0.00819,0.134322,0.006948
CMPS,2021-11-09,0.152534,0.004889,0.103783,0.0094
CMPS,2023-08-03,0.27102,0.009516,0.178825,0.008135
CMPS,2023-02-28,0.251552,0.008932,0.15256,0.008686
ARE,2021-10-26,0.452714,0.005092,0.147476,0.010346
ARE,2020-02-04,0.327296,0.007229,0.108754,0.010673
ARE,2019-04-30,0.406535,0.006203,0.154563,0.011843
ARE,2020-10-27,0.364704,0.008388,0.119414,0.011737
ARE,2021-07-27,0.422899,0.007393,0.166889,0.010897
ARE,2020-04-28,0.247376,0.00721,0.121405,0.013335
ARE,2019-07-30,0.429065,0.007438,0.177143,0.009966
ARE,2018-01-30,0.449921,0.004715,0.159618,0.011291
ARE,2019-02-05,0.463696,0.005102,0.143045,0.006347
ARE,2021-02-02,0.370329,0.008042,0.150602,0.010147
ARE,2020-07-28,0.375376,0.007667,0.069812,0.01039
ARE,2021-04-27,0.465478,0.005221,0.120671,0.011039
ARE,2018-10-30,0.436231,0.007895,0.128187,0.005854
EA,2024-01-30,0.520774,0.003724,0.29459,0.007382
EA,2023-11-01,0.505775,0.004779,0.314144,0.00765
EA,2022-05-10,0.490688,0.007255,0.278264,0.007997
EA,2023-08-01,0.531334,0.006556,0.29552,0.006961
EA,2020-07-30,0.527035,0.005188,0.142153,0.010501
EA,2023-01-31,0.296218,0.005441,0.278018,0.010783
EA,2022-08-02,0.396165,0.006341,0.260588,0.007125
EA,2023-05-09,0.5441,0.005431,0.251912,0.007312
EA,2020-11-05,0.515093,0.005128,0.234485,0.006832
EA,2019-05-07,0.34045,0.006086,0.171448,0.010572
EA,2021-11-03,0.576101,0.004001,0.213276,0.007761
EA,2020-01-30,0.477103,0.006531,0.221434,0.006707
EA,2024-07-30,0.482982,0.002967,0.312918,0.005039
EA,2022-11-01,0.41948,0.004221,0.24435,0.010038
EA,2020-05-05,0.261039,0.009849,0.188567,0.010934
EA,2019-10-29,0.497742,0.004448,0.19226,0.009707
EA,2018-05-08,0.392191,0.007032,0.163724,0.009184
EA,2019-07-30,0.407565,0.00449,0.197361,0.008193
EA,2019-02-05,0.205899,0.006155,0.203601,0.010379
EA,2021-05-11,0.534737,0.004271,0.27261,0.006796
EA,2021-02-02,0.528225,0.006028,0.218263,0.010477
EA,2024-05-07,0.26337,0.00403,0.25601,0.005801
EA,2021-08-04,0.581433,0.003601,0.2708,0.008854
EA,2022-02-01,0.510425,0.006673,0.272934,0.005289
EA,2018-10-30,0.330467,0.004446,0.226424,0.00852
CTRA,2020-07-31,0.192988,0.012658,0.138388,0.0123
CTRA,2020-05-01,0.226171,0.010906,0.163385,0.011563
CTRA,2018-07-27,0.221343,0.008185,0.131969,0.009033
CTRA,2019-04-26,0.517498,0.004174,0.212808,0.010485
CTRA,2021-07-30,0.511292,0.010276,0.198802,0.012721
CTRA,2020-10-30,0.617142,0.007808,0.245973,0.008504
CTRA,2019-02-22,0.449344,0.009547,0.150584,0.00696
CTRA,2021-02-24,0.389707,0.005455,0.189241,0.009432
CTRA,2020-02-21,0.432238,0.011121,0.134518,0.009296
CTRA,2019-10-25,0.458978,0.013814,0.149174,0.009848
CTRA,2019-07-26,0.509319,0.013995,0.061339,0.011635
CTRA,2021-04-30,0.367913,0.006567,0.208949,0.010755
CTRA,2018-10-26,0.333598,0.008355,0.197068,0.008547
EH,2022-05-31,0.308725,0.003647,0.142432,0.004416
EH,2022-03-29,0.386695,0.004038,0.266481,0.008286
EH,2022-08-18,0.417881,0.003223,0.235267,0.005726
EH,2020-08-25,0.414478,0.008969,0.154139,0.004175
EH,2020-12-03,0.532165,0.00377,0.150891,0.00472
EH,2021-04-16,0.392545,0.00478,0.27317,0.006178
EH,2020-05-29,0.523681,0.005988,0.132151,0.008813
EH,2021-08-25,0.464201,0.003824,0.210044,0.006897
EH,2021-12-02,0.354458,0.004857,0.456626,0.005949
ODFL,2022-02-02,0.541751,0.008825,0.298081,0.010753
ODFL,2018-10-25,0.41064,0.013108,0.205106,0.012873
ODFL,2019-02-07,0.298838,0.011323,0.225104,0.012994
ODFL,2022-04-27,0.39559,0.011466,0.231747,0.009274
ODFL,2019-07-25,0.262627,0.010323,0.157599,0.009743
ODFL,2021-10-27,0.340515,0.008519,0.215165,0.007453
ODFL,2020-07-30,0.227352,0.015945,0.196794,0.009429
ODFL,2021-07-28,0.624586,0.008929,0.23745,0.011913
ODFL,2022-07-27,0.585014,0.010842,0.140903,0.010036
ODFL,2021-04-22,0.57109,0.010101,0.21188,0.008161
ODFL,2019-04-25,0.228346,0.008992,0.116213,0.010973
ODFL,2019-10-24,0.062739,0.007817,0.078134,0.013572
ODFL,2020-10-27,0.419023,0.01162,0.217597,0.008485
ODFL,2021-02-04,0.542959,0.011487,0.286777,0.009608
ODFL,2020-04-23,0.071778,0.010964,0.055045,0.013189
ODFL,2020-02-06,0.083796,0.007595,0.152362,0.008908
EEFT,2019-07-24,0.512251,0.005372,0.227152,0.012684
EEFT,2021-07-28,0.45409,0.006458,0.165308,0.008316
EEFT,2021-10-21,0.568199,0.007097,0.159736,0.009568
EEFT,2020-10-28,0.480413,0.00914,0.145664,0.006724
EEFT,2021-02-10,0.44105,0.00546,0.178178,0.008799
EEFT,2020-04-29,0.243272,0.012207,0.092218,0.012375
EEFT,2019-04-30,0.517585,0.005912,0.199835,0.006681
EEFT,2021-04-30,0.583791,0.006843,0.213534,0.011307
EEFT,2020-07-29,0.411195,0.009828,0.160487,0.006289
EEFT,2020-02-11,0.595107,0.006941,0.175646,0.009594
EEFT,2019-10-23,0.529125,0.007134,0.150389,0.009082
EXC,2019-08-01,0.218744,0.005262,0.038641,0.006248
EXC,2021-05-05,0.102885,0.006158,0.130522,0.009528
EXC,2019-05-02,0.435928,0.00452,0.154474,0.010186
EXC,2020-11-03,0.299016,0.005749,0.09414,0.007827
EXC,2021-11-06,0.391246,0.007009,0.201332,0.009254
EXC,2021-08-06,0.401937,0.004283,0.142575,0.004426
EXC,2020-08-04,0.359812,0.006001,0.117521,0.006973
EXC,2019-10-31,0.290026,0.005188,0.110728,0.009206
EXC,2020-05-08,-0.074262,0.00979,0.051967,0.009729
EXC,2018-11-01,0.3049,0.004028,0.157487,0.005915
EXC,2020-02-11,0.437516,0.005515,0.137532,0.009079
EXC,2019-02-08,0.501648,0.003807,0.135941,0.00692
FDX,2019-06-25,0.323847,0.007564,0.12756,0.008261
FDX,2020-09-15,0.400389,0.008225,0.247415,0.006569
FDX,2018-12-18,0.219235,0.008357,0.270616,0.004414
FDX,2024-03-21,0.340839,0.003373,0.249434,0.005983
FDX,2023-09-20,0.36534,0.004799,0.284529,0.00717
FDX,2020-06-30,0.30946,0.006429,0.210571,0.008144
FDX,2021-12-16,0.442796,0.00758,0.274312,0.005723
FDX,2019-09-17,0.317679,0.005596,0.037151,0.007509
FDX,2019-12-17,0.226157,0.006281,0.133794,0.006776
FDX,2023-03-16,0.036573,0.004856,0.217409,0.009577
FDX,2021-06-24,0.53005,0.005095,0.259998,0.007011
FDX,2022-09-22,0.131371,0.003162,0.106651,0.008233
FDX,2017-12-19,0.555668,0.006748,0.239895,0.007232
FDX,2024-06-25,0.507958,0.006302,0.287474,0.006464
FDX,2021-09-21,0.29618,0.00697,0.193779,0.007807
FDX,2020-03-17,0.309519,0.006801,0.114514,0.011559
FDX,2023-12-19,0.235299,0.003635,0.13245,0.007749
FDX,2018-09-17,0.419426,0.009384,0.228304,0.006764
FDX,2023-06-20,0.247071,0.005419,0.139222,0.007926
FDX,2020-12-17,0.44372,0.005133,0.247838,0.006102
FDX,2021-03-18,0.479728,0.007363,0.250825,0.00872
FDX,2022-03-17,0.302296,0.006636,0.247309,0.007102
FDX,2022-12-20,0.334021,0.005613,0.195941,0.007576
FDX,2022-06-23,0.351491,0.008634,0.225779,0.007551
FDX,2018-06-19,0.525152,0.006175,0.326884,0.006713
FDX,2018-03-20,0.504662,0.006431,0.280777,0.005514
CRTO,2023-05-03,0.488933,0.007183,0.17802,0.00753
CRTO,2021-05-05,0.444548,0.002998,0.221455,0.006917
CRTO,2022-10-28,0.458077,0.007374,0.15988,0.008819
CRTO,2024-05-02,0.579659,0.0044,0.231025,0.005971
CRTO,2024-08-01,0.65974,0.002525,0.206281,0.007474
CRTO,2024-02-07,0.569957,0.005712,0.199867,0.006861
CRTO,2022-08-03,0.617958,0.008315,0.143406,0.007721
CRTO,2022-02-09,0.610666,0.00482,0.154492,0.006333
CRTO,2020-10-28,0.37424,0.006221,0.142504,0.007668
CRTO,2021-02-10,0.352084,0.004165,0.160226,0.007452
CRTO,2021-11-03,0.654451,0.003979,0.201054,0.009555
CRTO,2020-04-29,0.06299,0.008993,0.147986,0.006651
CRTO,2019-04-30,0.227779,0.007631,0.171773,0.00864
CRTO,2018-10-31,0.116312,0.010695,0.112145,0.007855
CRTO,2022-05-04,0.496779,0.005178,0.190453,0.007097
CRTO,2020-07-29,0.100641,0.00833,0.12224,0.007025
CRTO,2020-02-11,-0.09144,0.008081,0.071177,0.00587
CRTO,2023-02-08,0.527664,0.007464,0.240232,0.006329
CRTO,2023-08-02,0.490131,0.005186,0.197202,0.006196
CRTO,2021-08-04,0.54829,0.002417,0.216856,0.007378
CRTO,2019-07-31,0.311142,0.007927,0.213749,0.007321
CRTO,2023-11-02,0.524236,0.006381,0.27098,0.004838
AAON,2019-08-01,0.252307,0.006413,0.062905,0.011948
AAON,2019-05-02,0.214157,0.009125,0.2033,0.010297
AAON,2021-08-06,0.263358,0.005553,-0.020862,0.01213
AAON,2019-10-31,0.051531,0.005396,0.118646,0.006827
AAON,2020-11-05,0.241842,0.006795,0.177451,0.005917
AAON,2020-05-07,0.062932,0.006742,-0.067975,0.00809
AAON,2021-02-25,0.365297,0.007384,0.107998,0.012575
AAON,2020-08-07,0.01237,0.007649,0.129018,0.008497
AAON,2018-11-01,-0.064407,0.007488,0.088385,0.009621
AAON,2021-11-04,0.050285,0.007576,0.126576,0.006518
AAON,2019-02-28,0.145783,0.007651,0.105657,0.008239
AAON,2021-05-06,0.036755,0.012321,0.179521,0.008874
AAON,2020-02-27,0.367665,0.006646,0.08037,0.008078
AMSWA,2019-11-21,0.044667,0.010435,0.311153,0.004837
AMSWA,2022-08-24,0.284728,0.00978,0.274892,0.011093
AMSWA,2022-02-23,0.501557,0.011426,0.240565,0.006421
AMSWA,2018-06-21,0.184026,0.010204,0.3091,0.012476
AMSWA,2020-11-19,-0.081712,0.009206,0.268285,0.007002
AMSWA,2019-06-19,-0.10481,0.009962,0.220537,0.007737
AMSWA,2019-02-20,0.119313,0.010048,0.22821,0.010975
AMSWA,2021-06-08,0.220879,0.00932,0.243072,0.009141
AMSWA,2020-08-26,0.275942,0.009477,0.236748,0.011709
AMSWA,2022-06-08,0.417079,0.013018,0.207231,0.007609
AMSWA,2020-02-20,0.397631,0.010748,0.35107,0.004948
AMSWA,2020-06-18,0.259624,0.009859,0.217763,0.01072
AMSWA,2021-11-18,0.490731,0.012115,0.235776,0.007654
AMSWA,2019-08-28,0.240193,0.011392,0.228232,0.009482
AMSWA,2021-08-25,0.462677,0.010128,0.255258,0.011743
AUTL,2020-03-03,0.343667,0.007699,0.097847,0.005269
AUTL,2019-11-07,0.151986,0.006753,0.119156,0.010267
AUTL,2020-05-07,0.176603,0.008441,0.139969,0.010187
AUTL,2019-08-08,0.162634,0.009239,0.168218,0.007504
ALPN,2021-03-18,0.383232,0.009439,0.313707,0.019157
EGIO,2019-10-16,0.490447,0.010284,0.257814,0.008816
EGIO,2021-04-29,0.239732,0.010209,0.172652,0.007644
EGIO,2020-10-22,0.433194,0.008478,0.136885,0.007062
EGIO,2021-02-11,0.20623,0.01238,0.132999,0.003191
EGIO,2019-01-30,0.397181,0.009166,0.163993,0.007258
EGIO,2020-07-20,0.535357,0.009826,0.243076,0.010547
EGIO,2020-01-29,0.539398,0.008319,0.205616,0.007152
EGIO,2021-07-29,0.566191,0.01391,0.217026,0.005707
EGIO,2022-01-20,0.587442,0.003508,0.310239,0.006273
EGIO,2019-07-17,0.458928,0.008594,0.126375,0.00733
EGIO,2020-04-23,0.443673,0.009894,0.140539,0.008545
EGIO,2018-07-19,0.425053,0.009822,0.12773,0.009025
EGIO,2019-04-17,0.311608,0.008884,0.202142,0.007128
EGIO,2021-11-04,0.471364,0.00614,0.276298,0.004734
EGIO,2022-04-28,0.601154,0.005963,0.280649,0.006639
DXPE,2018-11-05,0.553312,0.004447,0.160883,0.009011
DXPE,2019-03-07,0.516558,0.00366,0.043197,0.010618
DXPE,2019-11-07,0.512226,0.002895,0.133261,0.005881
DXPE,2019-08-06,0.472966,0.003965,0.091197,0.006829
DXPE,2019-05-07,0.478921,0.007225,0.052083,0.004958
DXPE,2020-05-08,-0.062999,0.006253,-0.074349,0.011062
DXPE,2021-03-09,0.170723,0.006012,0.191221,0.006791
DXPE,2021-05-07,0.44829,0.005164,0.186537,0.008821
DXPE,2020-03-06,0.210823,0.003237,-0.016616,0.010261
AAOI,2022-08-04,-0.205802,0.00975,0.107289,0.014144
AAOI,2022-02-24,0.040502,0.009876,0.069764,0.009709
AAOI,2019-02-21,0.170427,0.01138,0.113751,0.016625
AAOI,2019-08-07,0.156307,0.0111,0.151869,0.010796
AAOI,2019-05-08,0.142023,0.010775,0.23253,0.009074
AAOI,2019-11-06,0.1204,0.01273,0.125175,0.01337
AAOI,2020-11-05,0.012633,0.013088,0.145418,0.012422
AAOI,2021-02-25,-0.094307,0.008343,0.143128,0.012118
AAOI,2020-08-07,0.192971,0.007921,0.136874,0.010913
AAOI,2021-08-05,-0.057699,0.010469,0.065015,0.013913
AAOI,2021-11-04,-0.391499,0.011765,0.077123,0.014337
AAOI,2021-05-06,0.012424,0.010934,0.102288,0.012308
AAOI,2018-11-07,0.087613,0.01018,0.068335,0.009977
AAOI,2020-02-27,0.139978,0.012778,0.255695,0.014322
BRLT,2022-05-12,0.540043,0.009931,0.32199,0.006637
BRLT,2021-11-12,0.527515,0.005102,0.33657,0.005911
BRLT,2022-08-11,0.655919,0.007254,0.34469,0.005817
BRLT,2022-03-16,0.608561,0.005795,0.385193,0.006849
AWH,2021-05-13,0.370519,0.011448,0.165735,0.009225
AWH,2022-03-23,0.481021,0.011522,0.221508,0.009969
AWH,2021-11-10,0.326231,0.009196,0.208919,0.004866
AWH,2021-03-25,0.403535,0.009806,0.163144,0.008384
AWH,2022-08-10,0.250284,0.008665,0.186375,0.009181
AWH,2021-08-12,0.497372,0.009873,0.268101,0.004736
FLXS,2021-10-26,0.315634,0.008929,0.358902,0.0
FLXS,2022-04-26,0.110687,0.009469,0.104107,0.006984
FLXS,2022-01-25,0.155542,0.009955,0.107655,0.011713
FLXS,2021-01-26,0.026394,0.010607,0.236895,0.005539
FLXS,2022-08-23,0.062484,0.008799,0.187903,0.011467
FLXS,2021-08-24,0.255871,0.009412,0.25419,0.009229
FLXS,2021-04-27,0.225578,0.007407,0.175863,0.007868
CASY,2020-12-08,0.261082,0.010879,0.172253,0.011907
CASY,2017-12-12,0.458693,0.010248,0.105693,0.013487
CASY,2019-12-10,0.258635,0.011116,0.169424,0.012419
CASY,2022-09-08,0.409724,0.006348,0.176312,0.007241
CASY,2022-03-09,0.541069,0.005728,0.147091,0.007128
CASY,2020-09-09,0.358763,0.011025,0.223536,0.007967
CASY,2021-06-09,0.427934,0.007912,0.197617,0.009496
CASY,2019-09-10,0.399913,0.010017,0.180133,0.012646
CASY,2022-06-08,0.569552,0.009224,0.188038,0.008159
CASY,2018-06-12,0.404711,0.006942,0.170562,0.017825
CASY,2021-12-08,0.501194,0.009671,0.17906,0.005479
CASY,2021-03-09,0.294489,0.008224,0.086566,0.006722
CASY,2018-12-11,0.312711,0.010675,0.197933,0.011299
CASY,2018-09-11,0.486319,0.009515,0.230816,0.016219
CASY,2021-09-08,0.477328,0.009057,0.254509,0.008791
CASY,2019-06-11,0.360198,0.007801,0.263539,0.013548
CASY,2019-03-12,0.331197,0.008838,0.181751,0.010153
CASY,2020-03-10,0.189476,0.010131,0.163266,0.013714
CASY,2020-06-09,0.005595,0.008167,0.188609,0.01451
DUOL,2022-03-03,0.401009,0.010354,0.195703,0.008445
DUOL,2021-11-10,0.378943,0.005403,0.204845,0.007799
DUOL,2023-08-08,0.315279,0.006311,0.223617,0.00605
DUOL,2022-05-12,0.490154,0.011198,0.105366,0.007117
MNST,2019-02-27,0.056843,0.007251,0.10733,0.008279
MNST,2018-08-08,0.159624,0.007628,0.128414,0.008579
MNST,2019-05-02,0.122419,0.007922,0.190043,0.011132
MNST,2019-11-07,-0.070994,0.008499,0.204557,0.003968
MNST,2020-08-04,-0.145929,0.008136,0.099166,0.00956
MNST,2019-08-07,0.120576,0.007652,0.150315,0.006349
MNST,2020-11-05,-0.004151,0.007634,0.194892,0.009722
MNST,2020-05-07,-0.032692,0.005363,0.179825,0.010406
MNST,2021-02-25,-0.054956,0.007065,0.18693,0.008617
MNST,2021-08-05,0.02641,0.007496,0.086675,0.00638
MNST,2021-11-04,-0.013988,0.005859,0.015748,0.007282
MNST,2021-05-06,0.08664,0.006564,0.161769,0.010207
MNST,2018-11-07,-0.11133,0.007844,0.21805,0.011319
MNST,2020-02-27,-0.097455,0.008312,0.11272,0.005926
EOLS,2020-02-25,0.311546,0.007798,0.202731,0.007177
EOLS,2020-05-11,0.187853,0.014669,0.124902,0.008844
EOLS,2019-04-30,0.16399,0.01543,0.229223,0.006188
EOLS,2020-08-10,0.301479,0.011336,0.151933,0.008422
EOLS,2019-08-12,0.33498,0.011512,0.203821,0.00738
EOLS,2019-11-04,0.434561,0.009901,0.173477,0.006547
DDI,2022-05-10,-0.02921,0.007278,0.175857,0.011831
DDI,2022-08-09,-0.015053,0.012075,0.140411,0.006229
TPR,2021-11-11,0.697497,0.006415,0.382305,0.004588
TPR,2020-10-29,0.524398,0.006065,0.366817,0.004924
TPR,2020-08-13,0.438515,0.005265,0.29118,0.005241
TPR,2020-04-30,0.189912,0.006564,0.165668,0.006943
TPR,2019-11-05,0.261892,0.006116,0.215842,0.005441
TPR,2021-08-19,0.691087,0.008723,0.410277,0.00454
TPR,2021-02-04,0.486427,0.004707,0.328295,0.004538
TPR,2019-08-15,0.432596,0.006254,0.238186,0.005424
TPR,2020-02-06,0.299177,0.005556,0.165572,0.009718
TPR,2021-05-06,0.644003,0.005609,0.41263,0.004461
TPR,2018-10-30,0.569442,0.004973,0.306724,0.007272
ES,2019-08-01,0.328919,0.008394,0.073892,0.008497
ES,2021-02-17,0.433732,0.004331,0.116634,0.012684
ES,2019-05-02,0.392756,0.009787,0.09783,0.012025
ES,2018-11-02,0.134262,0.01,0.152638,0.010781
ES,2019-02-21,0.443867,0.00849,0.130126,0.009432
ES,2019-11-06,0.090337,0.008003,0.12389,0.010923
ES,2020-05-07,0.309895,0.007436,0.134305,0.010951
ES,2021-11-03,0.128341,0.007296,0.114011,0.009093
ES,2020-02-20,0.389479,0.009233,0.13751,0.012465
ES,2021-07-30,0.229647,0.007134,0.176112,0.008372
ES,2021-05-10,0.179697,0.006609,0.147792,0.008389
FANG,2024-08-06,0.02754,0.01049,0.219328,0.008117
FANG,2022-11-08,0.345245,0.013685,0.231628,0.010954
FANG,2023-08-01,0.141757,0.012945,0.189976,0.00806
FANG,2020-11-03,0.136349,0.00602,0.177773,0.009999
FANG,2021-05-04,0.535734,0.009756,0.18166,0.009751
FANG,2022-02-23,0.421209,0.010753,0.188805,0.009315
FANG,2023-05-02,0.101959,0.014815,0.158279,0.008525
FANG,2024-02-21,0.019746,0.010714,0.197664,0.00952
FANG,2022-08-02,0.64104,0.013133,0.23301,0.009276
FANG,2020-08-04,-0.048207,0.007856,0.12241,0.010514
FANG,2019-08-07,0.291416,0.009227,0.234216,0.011955
FANG,2023-11-07,0.014031,0.011029,0.215871,0.008328
FANG,2019-05-08,0.214559,0.005285,0.208053,0.00871
FANG,2020-02-19,0.289653,0.008359,0.252495,0.007232
FANG,2019-02-20,0.221256,0.00905,0.178471,0.010759
FANG,2019-11-06,0.062227,0.012507,0.094047,0.012312
FANG,2021-08-03,0.243768,0.008221,0.175278,0.006698
FANG,2022-05-03,0.362043,0.013016,0.189125,0.009524
FANG,2023-02-22,0.549856,0.013536,0.211894,0.008385
FANG,2020-05-05,-0.08057,0.020408,0.109416,0.010332
FANG,2024-05-01,0.021656,0.009967,0.246403,0.008476
FANG,2021-02-23,0.190801,0.007919,0.206772,0.009174
FANG,2021-11-05,0.172193,0.011772,0.204335,0.011779
CIVB,2020-10-23,0.374654,0.005107,0.134254,0.010505
CIVB,2019-05-03,0.364365,0.009335,0.194069,0.007832
CIVB,2021-10-27,0.197356,0.006477,0.209943,0.012826
CIVB,2021-07-23,0.109564,0.005464,0.146801,0.011803
CIVB,2021-04-23,0.337774,0.005575,0.183089,0.009732
CIVB,2019-02-15,0.546087,0.006182,0.24543,0.007638
CIVB,2021-02-05,0.36032,0.004977,0.156155,0.011626
CIVB,2020-04-24,0.269759,0.01019,0.073072,0.013187
CIVB,2019-10-25,0.411801,0.009752,0.133483,0.005914
CIVB,2019-07-26,0.319579,0.011851,0.141976,0.008744
CIVB,2020-02-07,0.34521,0.004364,0.196827,0.008243
CIVB,2020-07-24,0.369755,0.010633,0.091485,0.003586
ADSK,2019-05-23,0.441884,0.005366,0.244002,0.005635
ADSK,2019-08-27,0.52343,0.006877,0.23098,0.004978
ADSK,2017-11-28,0.438452,0.006976,0.173325,0.005734
ADSK,2020-05-27,0.285136,0.007336,0.073842,0.007583
ADSK,2019-11-26,0.551251,0.007598,0.168923,0.00416
ADSK,2020-08-25,0.592917,0.005867,0.222769,0.007101
ADSK,2018-08-23,0.473571,0.005398,0.186673,0.004266
ADSK,2018-11-20,0.568801,0.007599,0.214079,0.005664
ADSK,2024-02-29,0.434737,0.006162,0.173736,0.007949
ADSK,2024-06-11,0.411704,0.006448,0.186366,0.008129
ADSK,2021-05-27,0.521327,0.005345,0.258661,0.007282
ADSK,2020-02-27,0.627111,0.006464,0.150416,0.006099
AXGN,2020-02-24,0.377292,0.006352,0.221867,0.010837
AXGN,2021-05-05,0.366964,0.009076,0.213375,0.010861
AXGN,2018-10-29,0.563841,0.004039,0.214299,0.011263
AXGN,2019-02-26,0.537976,0.00751,0.195709,0.011463
AXGN,2018-02-28,0.471143,0.006932,0.235472,0.007315
AXGN,2020-05-06,0.139177,0.008435,0.022115,0.01183
AXGN,2020-10-29,0.34554,0.010974,0.088684,0.012465
AXGN,2019-08-06,0.433658,0.005216,0.192219,0.009901
AXGN,2019-05-08,0.397284,0.004844,0.209363,0.00989
AXGN,2020-08-05,0.169977,0.010736,0.133267,0.009615
AXGN,2019-11-06,0.460805,0.003114,0.172528,0.011099
AXGN,2021-11-03,0.242091,0.010188,0.076935,0.012909
AXGN,2021-08-04,0.381216,0.008682,0.167895,0.00486
ARAY,2021-08-11,0.499483,0.009562,0.211616,0.011659
ARAY,2021-01-27,0.316176,0.01177,0.136081,0.010362
ARAY,2022-04-27,0.218209,0.007812,0.212667,0.006176
ARAY,2019-04-23,0.22782,0.014558,0.188911,0.011604
ARAY,2020-10-29,0.123047,0.008319,0.122407,0.011158
ARAY,2020-01-28,0.25334,0.012127,0.256764,0.012236
ARAY,2020-08-13,0.155901,0.009615,0.160899,0.00917
ARAY,2020-04-28,0.140149,0.011945,0.072446,0.013868
ARAY,2019-10-29,0.152197,0.013472,0.198998,0.009817
ARAY,2019-08-15,0.288481,0.013527,0.143253,0.007071
ARAY,2022-08-10,0.394662,0.007216,0.238599,0.007582
ARAY,2022-01-26,0.267988,0.008651,0.208714,0.009349
ARAY,2019-01-22,0.460847,0.014869,0.255237,0.009731
ARAY,2021-04-27,0.444684,0.00994,0.250597,0.010629
ARAY,2018-10-30,0.335502,0.010886,0.212858,0.011884
SJM,2021-06-03,0.179935,0.00912,0.195662,0.009812
SJM,2018-11-28,0.135436,0.006323,0.118156,0.009062
SJM,2021-08-26,0.026851,0.019417,0.17626,0.009107
SJM,2019-02-26,0.386065,0.003948,0.229844,0.007125
SJM,2020-11-24,0.413468,0.00934,0.285268,0.009115
SJM,2022-06-07,0.04189,0.02439,0.273253,0.01007
SJM,2022-08-23,-0.020282,0.02381,0.215584,0.009195
SJM,2020-08-25,0.288632,0.007085,0.213758,0.012561
SJM,2018-06-07,0.437557,0.006393,0.215534,0.006956
SJM,2021-11-23,0.037091,0.019231,0.248283,0.012197
SJM,2021-02-25,0.464442,0.009402,0.16168,0.008168
SJM,2020-02-26,0.153022,0.004404,0.166855,0.010696
SJM,2022-03-01,0.023697,0.02381,0.265723,0.009251
SJM,2020-06-04,0.322622,0.010342,0.163446,0.0088
SJM,2019-06-06,0.395709,0.005141,0.257998,0.008704
SJM,2019-11-22,0.140188,0.005609,0.183378,0.012098
AMCR,2021-05-04,0.653962,0.005309,0.148798,0.007459
AMCR,2021-08-17,0.583378,0.005058,0.174061,0.009178
AMCR,2020-05-11,0.340425,0.006435,0.137166,0.008008
AMCR,2021-11-02,0.446721,0.005337,0.173645,0.007255
AMCR,2021-02-02,0.549371,0.007203,0.223161,0.00941
DZSI,2021-05-03,0.38887,0.013211,0.247898,0.01103
DZSI,2022-08-02,0.258643,0.00723,0.254771,0.007594
DZSI,2021-08-03,0.443247,0.009048,0.33179,0.008793
DZSI,2022-05-03,0.17295,0.005348,0.174893,0.010412
DZSI,2022-02-11,0.477175,0.005169,0.229273,0.007903
DZSI,2021-11-02,0.554167,0.012376,0.281836,0.008715
DZSI,2019-02-28,0.427144,0.01191,0.168265,0.007937
DZSI,2021-02-22,0.374,0.009174,0.352723,0.006594
ETN,2020-02-04,-0.176093,0.003215,0.195471,0.008713
ETN,2020-11-03,-0.255199,0.002607,0.211584,0.010582
ETN,2021-05-04,0.601897,0.003331,0.237434,0.011151
ETN,2022-08-02,0.556285,0.003864,0.243282,0.008694
ETN,2019-01-31,0.488503,0.003445,0.147528,0.011252
ETN,2022-02-04,0.537172,0.003302,0.201128,0.00835
ETN,2020-04-30,-0.220313,0.006241,0.060905,0.010333
ETN,2019-04-30,0.410721,0.004669,0.160544,0.010866
ETN,2021-08-03,0.537819,0.002893,0.202734,0.010965
ETN,2022-05-03,0.651146,0.003297,0.158967,0.008217
ETN,2021-11-02,0.576728,0.00679,0.201593,0.014416
ETN,2019-10-29,0.088535,0.00866,0.148189,0.007343
ETN,2019-07-30,0.38381,0.005046,0.130435,0.0085
ETN,2020-07-29,-0.018379,0.006055,0.039324,0.008716
ETN,2021-02-02,0.232924,0.006659,0.227615,0.010035
ETN,2018-10-30,0.412505,0.00766,0.135126,0.011118
XYL,2019-08-01,0.409759,0.003665,0.203262,0.005842
XYL,2019-05-02,0.446284,0.003581,0.164756,0.008277
XYL,2021-05-04,0.575033,0.006556,0.258146,0.005244
XYL,2022-02-03,0.332385,0.007209,0.250902,0.00647
XYL,2020-07-30,0.210329,0.007854,0.160646,0.005403
XYL,2020-10-29,0.158954,0.006558,0.155868,0.005622
XYL,2022-08-02,0.498119,0.006086,0.278941,0.00872
XYL,2019-01-31,0.585945,0.003538,0.281446,0.006595
XYL,2019-10-31,0.229953,0.005924,0.200334,0.009284
XYL,2021-08-03,0.593517,0.005663,0.270639,0.005962
XYL,2021-11-02,0.094209,0.008964,0.197041,0.006358
XYL,2020-05-05,-0.123034,0.008416,0.0916,0.00746
XYL,2021-02-04,0.157738,0.008203,0.248805,0.006239
XYL,2020-02-06,0.080934,0.00578,0.162118,0.00752
XYL,2018-10-30,0.54606,0.004532,0.249461,0.007349
BMY,2018-10-25,0.500826,0.009492,0.222213,0.009789
BMY,2024-04-25,0.418953,0.008826,0.24484,0.007006
BMY,2021-04-29,0.630559,0.005333,0.227866,0.007474
BMY,2019-07-25,0.443188,0.004992,0.184398,0.007706
BMY,2021-10-27,0.613729,0.003399,0.224783,0.008708
BMY,2021-07-28,0.684267,0.002276,0.267298,0.007034
BMY,2023-10-26,0.520487,0.006222,0.296079,0.009011
BMY,2022-07-27,0.549718,0.006287,0.230659,0.008646
BMY,2022-02-04,0.599689,0.007901,0.231914,0.009288
BMY,2019-10-31,0.542486,0.00517,0.131547,0.005155
BMY,2019-04-25,0.501168,0.004516,0.148653,0.009755
BMY,2018-02-05,0.529581,0.008631,0.160208,0.008186
BMY,2020-11-05,0.653456,0.004145,0.239233,0.007821
BMY,2020-05-07,0.391699,0.008802,0.176419,0.008319
BMY,2020-08-06,0.518018,0.006295,0.245962,0.008527
BMY,2024-07-26,0.502716,0.008439,0.210352,0.007558
BMY,2023-02-02,0.501203,0.010882,0.21371,0.010516
BMY,2021-02-04,0.673096,0.007488,0.243147,0.011175
BMY,2022-04-29,0.513868,0.005749,0.20082,0.007498
BMY,2024-02-02,0.498254,0.008507,0.292155,0.00679
BMY,2020-02-06,0.415148,0.006057,0.166664,0.004885
BMY,2023-07-27,0.46561,0.008044,0.295793,0.007985
BMY,2022-10-26,0.568462,0.007126,0.251562,0.009032
CEVA,2018-11-08,0.23065,0.009403,0.186582,0.010154
CEVA,2022-05-10,0.407304,0.006274,0.114422,0.009959
CEVA,2021-02-16,0.397678,0.006213,0.148003,0.010329
CEVA,2022-02-15,0.359711,0.007497,0.185422,0.007468
CEVA,2022-08-09,0.16261,0.010136,0.15732,0.01091
CEVA,2020-02-18,0.453306,0.011429,0.191855,0.008822
CEVA,2020-11-05,0.396298,0.008901,0.19247,0.010414
CEVA,2020-05-11,0.26693,0.009865,0.129883,0.010461
CEVA,2020-08-10,0.223546,0.010958,0.203297,0.006601
CEVA,2019-11-08,0.3314,0.008892,0.235336,0.006969
CEVA,2019-08-08,0.384874,0.01087,0.150626,0.008053
CEVA,2019-05-06,0.120416,0.00798,0.138371,0.008333
CEVA,2021-11-09,0.247411,0.00844,0.104191,0.007803
CEVA,2019-02-13,0.242584,0.007326,0.141298,0.012402
CEVA,2021-08-09,0.40182,0.009195,0.166531,0.007085
CEVA,2021-05-10,0.188049,0.008725,0.233164,0.008602
ARM,2024-05-08,0.389056,0.008748,0.216778,0.012175
ARM,2024-02-07,0.352377,0.008525,0.190099,0.010216
ARM,2024-07-31,0.495081,0.01016,0.158731,0.008977
ARM,2023-11-08,0.198744,0.014587,0.20294,0.008467
FROG,2021-02-11,0.567607,0.005751,0.231136,0.007126
FROG,2022-08-03,0.417286,0.006805,0.200433,0.00473
FROG,2022-02-10,0.327927,0.007601,0.249104,0.006694
FROG,2021-08-05,0.397617,0.008825,0.208419,0.006248
FROG,2021-11-04,0.466734,0.00791,0.230014,0.008505
FROG,2021-05-06,0.487879,0.006137,0.202955,0.007944
FROG,2022-05-09,0.457023,0.008886,0.187927,0.007119
ARBK,2022-04-28,0.223055,0.00289,0.23569,0.011799
BANR,2021-07-22,-0.135773,0.008376,0.182775,0.010113
BANR,2018-10-25,0.301128,0.00697,0.244268,0.007689
BANR,2022-07-21,0.121202,0.007232,0.209271,0.007475
BANR,2019-07-25,0.243254,0.006056,0.153362,0.009454
BANR,2020-10-22,-0.013451,0.008759,-0.043023,0.009189
BANR,2022-04-21,-0.155613,0.007892,0.25845,0.009049
BANR,2021-04-22,-0.138718,0.009042,0.202119,0.011548
BANR,2020-01-24,0.14082,0.006796,0.18682,0.007276
BANR,2019-04-25,-0.025396,0.007266,0.108794,0.010993
BANR,2021-10-21,-0.116668,0.007141,0.164448,0.009577
BANR,2019-10-24,0.295122,0.005616,0.089507,0.008112
BANR,2020-07-23,0.104307,0.008726,0.069895,0.015426
BANR,2019-01-24,0.298154,0.00778,0.159573,0.011484
BANR,2021-01-22,-0.119645,0.007319,0.172154,0.009203
BANR,2020-04-28,-0.009585,0.009118,0.035188,0.008159
BANR,2022-01-21,-0.2028,0.008503,0.192774,0.008863
FMC,2020-11-03,0.378233,0.00813,0.180713,0.007335
FMC,2020-05-06,0.312881,0.008964,0.199732,0.008114
FMC,2019-10-30,0.463831,0.008204,0.218307,0.007172
FMC,2020-08-05,0.3638,0.007283,0.212327,0.007066
FMC,2018-02-13,0.432167,0.010002,0.196914,0.009836
FMC,2021-02-10,0.023315,0.006186,0.178452,0.00838
FMC,2019-05-07,0.321318,0.005913,0.178708,0.008476
FMC,2021-11-03,0.372661,0.008059,0.048929,0.00849
FMC,2018-11-06,0.243725,0.007002,0.092979,0.008526
FMC,2020-02-06,0.44974,0.007058,0.17725,0.007194
FMC,2021-05-06,0.296132,0.004175,0.137973,0.009111
FMC,2019-02-12,0.394941,0.00777,0.177462,0.007483
FMC,2021-08-04,0.197924,0.007028,0.143682,0.008066
FMC,2019-07-31,0.299216,0.004934,0.13054,0.005443
ITW,2020-07-31,-0.04674,0.005729,0.039797,0.012827
ITW,2020-10-23,0.261332,0.004906,0.165736,0.01059
ITW,2023-08-01,0.31872,0.00277,0.273991,0.007527
ITW,2022-10-25,0.395636,0.007526,0.129288,0.00954
ITW,2024-02-01,0.149036,0.005296,0.19066,0.01019
ITW,2023-05-02,0.117147,0.006623,0.131743,0.010182
ITW,2018-10-24,0.247643,0.00394,0.116103,0.008771
ITW,2022-02-03,0.502724,0.006431,0.180024,0.013173
ITW,2019-02-01,0.241971,0.006455,0.138725,0.008947
ITW,2022-08-02,0.378305,0.005506,0.183498,0.012202
ITW,2019-04-25,0.163469,0.003665,0.134538,0.009368
ITW,2023-10-24,0.096296,0.005744,0.189304,0.011907
ITW,2021-02-05,0.309847,0.005064,0.198789,0.012315
ITW,2021-07-30,0.567258,0.005096,0.131769,0.008482
ITW,2022-05-03,0.41878,0.004988,0.193759,0.009655
ITW,2020-01-31,0.124358,0.006105,0.123519,0.009885
ITW,2024-07-30,-0.135315,0.006132,0.241716,0.011444
ITW,2023-02-02,0.510902,0.008471,0.189849,0.009646
ITW,2019-10-25,0.021617,0.007269,0.069339,0.008852
ITW,2020-05-05,0.14989,0.006262,0.033401,0.014457
ITW,2019-07-26,0.084816,0.008118,0.03419,0.009296
ITW,2018-07-23,0.478526,0.003546,0.114623,0.010063
ITW,2021-04-30,0.340825,0.004167,0.208541,0.012008
ITW,2021-10-28,0.209014,0.00564,0.108649,0.010373
ITW,2024-04-30,0.234236,0.002351,0.226446,0.007426
DAL,2022-10-13,0.715566,0.004845,0.189111,0.006194
DAL,2020-01-14,0.597257,0.007018,0.220314,0.008632
DAL,2021-07-14,0.642603,0.007292,0.15308,0.006084
DAL,2022-01-13,0.323856,0.007659,0.162077,0.006634
DAL,2023-07-13,0.433548,0.003468,0.178458,0.00751
DAL,2019-10-10,0.545126,0.007445,0.175134,0.010626
DAL,2020-10-13,0.255606,0.008675,0.173533,0.007429
DAL,2021-04-15,0.656339,0.00644,0.198127,0.008581
DAL,2017-10-11,0.676458,0.005233,0.128799,0.008533
DAL,2019-04-10,0.678564,0.006076,0.222611,0.009077
DAL,2024-07-11,0.590796,0.003792,0.210705,0.006897
DAL,2023-01-13,0.638502,0.003233,0.198843,0.006239
DAL,2022-07-13,0.543128,0.004813,0.136424,0.006767
DAL,2023-10-12,0.520745,0.003033,0.157685,0.007835
DAL,2018-07-12,0.665334,0.003533,0.164371,0.00852
DAL,2021-01-14,0.157072,0.008484,0.163906,0.007112
DAL,2020-07-14,0.313429,0.007698,0.111459,0.007499
DAL,2022-04-13,0.630141,0.006236,0.197596,0.007571
DAL,2024-01-12,0.617449,0.004625,0.192407,0.008334
DAL,2019-01-15,0.446479,0.008503,0.099893,0.013229
DAL,2018-10-11,0.607841,0.007457,0.207699,0.007543
DAL,2019-07-11,0.599889,0.005617,0.222577,0.007366
DAL,2018-04-12,0.623233,0.004772,0.208522,0.008385
DAL,2024-04-10,0.568334,0.004068,0.227826,0.009381
DAL,2021-10-13,0.596312,0.00633,0.18005,0.006622
DAL,2018-01-11,0.61884,0.003843,0.215086,0.00738
DAL,2020-04-22,0.049795,0.012658,0.119485,0.009801
TSN,2022-08-08,0.303364,0.006467,0.258591,0.007538
TSN,2019-02-07,0.341753,0.009537,0.193739,0.010661
TSN,2018-11-13,0.474323,0.009152,0.158061,0.010049
TSN,2023-02-06,0.36536,0.004771,0.18584,0.004678
TSN,2021-02-11,0.489385,0.007052,0.240241,0.006859
TSN,2023-08-07,0.16662,0.00636,0.213451,0.007286
TSN,2022-11-14,0.572474,0.005285,0.258563,0.00802
TSN,2023-05-08,0.151048,0.005802,0.217643,0.006402
TSN,2021-11-15,0.400176,0.005402,0.235548,0.007526
TSN,2023-11-13,0.271611,0.010346,0.240396,0.009593
TSN,2022-02-07,0.584366,0.003354,0.281891,0.007289
TSN,2024-02-05,0.234381,0.01003,0.227805,0.009664
TSN,2024-05-06,0.401678,0.010245,0.239437,0.009238
TSN,2021-08-09,0.547825,0.006373,0.250599,0.007629
TSN,2021-05-10,0.342579,0.004412,0.185983,0.005883
TSN,2024-08-05,0.525585,0.006784,0.346878,0.008324
CPRT,2019-11-21,0.412382,0.005662,0.223963,0.011862
CPRT,2019-05-23,0.472194,0.007449,0.206682,0.007249
CPRT,2017-11-22,0.41381,0.01091,0.147824,0.00815
CPRT,2020-09-03,0.067357,0.00582,0.185774,0.008576
CPRT,2020-05-21,-0.117459,0.01051,0.164788,0.010925
CPRT,2022-09-08,0.219816,0.010891,0.166827,0.009921
CPRT,2020-11-19,0.26593,0.007979,0.207156,0.008753
CPRT,2018-09-19,0.444546,0.008674,0.185223,0.008137
CPRT,2019-02-21,0.293334,0.008251,0.179165,0.006725
CPRT,2020-02-20,0.255054,0.006925,0.179876,0.0131
CPRT,2021-11-18,0.308765,0.007592,0.197016,0.008405
CPRT,2018-11-21,0.272382,0.007287,0.207974,0.007379
CPRT,2019-09-05,0.209696,0.007486,0.127031,0.009654
CPRT,2021-05-20,0.398302,0.010913,0.219192,0.01009
CPRT,2022-05-19,0.382821,0.012768,0.238268,0.009376
CPRT,2021-02-19,0.289365,0.006983,0.15856,0.008651
CPRT,2021-09-09,0.53949,0.007188,0.221772,0.011554
CPRT,2022-02-17,0.357173,0.009113,0.198621,0.012798
AGFY,2022-03-23,0.242784,0.008718,0.251411,0.010213
AGFY,2021-11-10,0.477806,0.009137,0.317757,0.00905
AGFY,2022-05-11,0.337714,0.009494,0.140681,0.005637
AGFY,2022-08-15,0.163071,0.011502,0.078304,0.010295
AGFY,2021-04-01,0.586479,0.010324,0.329989,0.004933
AGFY,2021-08-12,0.512473,0.008858,0.261559,0.010927
MTD,2018-11-08,0.151566,0.009824,0.167107,0.01169
MTD,2019-08-01,0.226403,0.007523,0.163379,0.013237
MTD,2019-02-07,0.331764,0.014596,0.160817,0.011632
MTD,2019-11-07,0.27538,0.010509,0.208137,0.011445
MTD,2019-05-09,0.36874,0.012357,0.245918,0.013889
MTD,2020-05-07,-0.027186,0.009833,0.108555,0.011298
MTD,2021-07-29,0.599549,0.00542,0.195882,0.010536
MTD,2021-02-04,0.501957,0.007816,0.268263,0.01122
MTD,2020-02-06,0.207191,0.010106,0.125131,0.013077
MTD,2021-05-06,0.543002,0.009574,0.191171,0.010143
CTRN,2022-03-15,0.48621,0.007201,0.235944,0.005365
CTRN,2019-05-23,-0.195736,0.006504,-0.045985,0.006242
CTRN,2022-08-24,0.040757,0.007168,0.153256,0.00564
CTRN,2021-05-25,0.467022,0.004579,0.252495,0.005757
CTRN,2023-05-23,0.179129,0.005708,0.180296,0.007642
CTRN,2020-03-13,0.34772,0.008021,0.221142,0.016105
CTRN,2021-03-16,0.302985,0.002795,0.288997,0.006475
CTRN,2024-08-27,0.313294,0.006271,0.141482,0.005707
CTRN,2021-11-30,0.598611,0.005716,0.257981,0.00827
CTRN,2022-11-29,0.266887,0.003766,0.296285,0.00582
CTRN,2024-06-04,0.41824,0.005722,0.18647,0.007308
CTRN,2023-03-21,0.112848,0.005601,0.109386,0.005571
CTRN,2018-08-23,0.240111,0.00288,0.211644,0.00738
CTRN,2020-05-28,0.153932,0.007961,0.217234,0.005177
CTRN,2018-05-23,0.208332,0.007035,0.188962,0.017259
CTRN,2023-11-28,0.125656,0.006001,0.141213,0.006051
CTRN,2020-12-01,0.335886,0.002275,0.283115,0.007258
CTRN,2019-03-15,-0.0056,0.00815,0.388882,0.007614
CTRN,2024-03-19,0.419998,0.004376,0.147528,0.006988
CTRN,2018-11-30,0.015051,0.005696,0.16673,0.008966
CTRN,2020-08-20,0.241613,0.006305,0.289518,0.004867
CTRN,2022-05-24,0.269256,0.008261,0.228771,0.008201
CTRN,2018-03-16,0.449848,0.002368,0.124761,0.012869
CTRN,2021-08-24,0.518385,0.005111,0.352275,0.006427
CTRN,2023-08-22,0.355498,0.002644,0.360986,0.011136
EG,2021-04-29,0.456282,0.005338,0.262585,0.008811
EG,2020-05-07,0.331266,0.010385,0.088447,0.016561
EG,2021-07-29,0.527659,0.007133,0.312729,0.004894
EG,2019-05-07,0.558204,0.005404,0.181481,0.015691
EG,2021-02-09,0.390469,0.004082,0.200977,0.005955
EG,2020-08-06,0.339973,0.006018,0.108755,0.008155
EG,2020-10-30,0.316612,0.004535,0.182526,0.007777
EG,2019-10-29,0.565393,0.006385,0.178263,0.008169
EG,2019-07-30,0.469478,0.007052,0.098939,0.008984
EG,2021-10-28,0.501194,0.004137,0.215557,0.009134
EG,2020-02-11,0.501296,0.006168,0.146444,0.005878
EG,2019-02-12,0.478607,0.006722,0.040153,0.012548
EG,2018-10-30,0.389628,0.009473,0.091709,0.011848
MRO,2022-08-04,0.521911,0.009361,0.175548,0.014052
MRO,2021-02-23,0.286537,0.008807,0.177,0.012152
MRO,2021-08-05,0.633636,0.007689,0.186478,0.010337
MRO,2021-11-04,0.678118,0.008016,0.254563,0.009205
MRO,2021-05-06,0.52175,0.006479,0.26944,0.011888
MRO,2022-05-05,0.441992,0.008106,0.262974,0.011409
MRO,2022-02-17,0.540975,0.00787,0.247049,0.007732
CLFD,2021-07-22,0.484729,0.007154,0.261158,0.0128
CLFD,2021-04-22,0.478065,0.007988,0.231653,0.012228
CLFD,2019-04-25,0.390648,0.006553,0.110141,0.009143
CLFD,2022-07-28,0.488478,0.008494,0.2953,0.006993
CLFD,2022-01-27,0.564044,0.00738,0.180093,0.006551
CLFD,2021-11-04,0.440455,0.006711,0.125741,0.006726
CLFD,2021-01-28,0.51436,0.006923,0.175476,0.009235
CLFD,2022-04-28,0.449355,0.010279,0.214687,0.007622
AGIO,2019-08-01,0.366814,0.006022,0.207416,0.011268
AGIO,2019-05-02,0.339694,0.007573,0.189061,0.009512
AGIO,2020-02-13,0.469205,0.00588,0.207074,0.011494
AGIO,2021-04-29,0.264081,0.007181,0.236301,0.011
AGIO,2020-07-30,0.35718,0.006265,0.191869,0.010445
AGIO,2019-10-31,0.470922,0.005121,0.146254,0.009194
AGIO,2020-04-30,0.210077,0.005664,0.150968,0.011741
AGIO,2020-11-05,0.267096,0.009879,0.196905,0.010994
AGIO,2021-07-29,0.477995,0.008681,0.142943,0.007867
AGIO,2021-11-03,0.354669,0.00907,0.133426,0.0092
AGIO,2021-02-25,0.394424,0.005699,0.183448,0.008408
AGIO,2019-02-14,0.468041,0.007861,0.226283,0.009204
ADUS,2021-05-04,0.187174,0.006881,0.252887,0.0105
ADUS,2021-02-26,0.226876,0.007742,0.161064,0.00942
ADUS,2019-08-06,0.384963,0.006432,0.276031,0.01139
ADUS,2019-11-05,0.418977,0.007663,0.298438,0.008902
ADUS,2019-05-07,0.438779,0.009234,0.180113,0.005468
ADUS,2021-08-03,0.445666,0.00698,0.263196,0.008507
ADUS,2021-11-02,0.28909,0.007946,0.109276,0.012556
ADUS,2020-05-05,0.097732,0.010791,0.062755,0.010659
ADUS,2019-03-05,0.394129,0.008282,0.143127,0.009514
NKE,2023-06-29,0.386942,0.00351,0.350389,0.00401
NKE,2024-03-21,0.35281,0.005382,0.348695,0.003682
NKE,2022-09-29,0.413852,0.005634,0.32763,0.007141
NKE,2018-09-25,0.5854,0.004587,0.347618,0.005931
NKE,2020-09-22,0.486701,0.007626,0.297725,0.009354
NKE,2018-03-22,0.499057,0.006146,0.279335,0.003544
NKE,2021-12-20,0.36983,0.004536,0.289461,0.00683
NKE,2020-03-24,0.460055,0.005351,0.257892,0.007377
NKE,2023-12-21,0.397296,0.005796,0.211789,0.003685
NKE,2020-12-18,0.518289,0.008078,0.271454,0.008219
NKE,2021-06-24,0.556396,0.006293,0.285267,0.005062
NKE,2019-03-21,0.546256,0.005387,0.406825,0.00343
NKE,2022-06-27,0.460821,0.005815,0.313069,0.007799
NKE,2019-12-19,0.537488,0.00438,0.31191,0.007092
NKE,2024-06-27,0.268571,0.004919,0.292304,0.003462
NKE,2017-12-21,0.53934,0.003713,0.259948,0.004916
NKE,2021-09-23,0.452055,0.005872,0.279646,0.006835
NKE,2019-09-25,0.588756,0.006566,0.307143,0.00667
NKE,2021-03-18,0.463418,0.004988,0.303036,0.008541
NKE,2019-06-27,0.608685,0.006426,0.245113,0.007589
NKE,2022-03-21,0.444289,0.003821,0.388529,0.005289
NKE,2022-12-20,0.453471,0.004756,0.308126,0.006428
NKE,2020-06-25,0.34434,0.008282,0.299426,0.007407
LH,2019-02-07,0.26454,0.009706,0.159067,0.007635
LH,2020-02-13,0.366556,0.004622,0.092029,0.011174
LH,2019-07-25,0.307868,0.004608,0.123371,0.006589
LH,2018-10-24,0.116438,0.007773,0.169768,0.006023
LH,2021-02-11,0.446004,0.005407,0.16039,0.012598
LH,2021-07-29,0.476875,0.006016,0.193377,0.008962
LH,2020-04-29,-0.036822,0.007649,0.106899,0.007902
LH,2022-02-10,0.29633,0.004582,0.258941,0.011388
LH,2019-10-24,0.414097,0.005407,0.168441,0.003962
LH,2020-10-27,0.457755,0.00583,0.132009,0.009863
LH,2022-07-28,0.179591,0.002099,0.181794,0.005064
LH,2021-04-30,0.452223,0.005533,0.145973,0.009446
LH,2021-10-28,0.220058,0.003647,0.14205,0.008317
LH,2020-07-28,0.14085,0.004433,0.176548,0.009309
LH,2022-04-28,0.033451,0.003681,0.134631,0.010586
GWW,2019-04-22,0.241826,0.004665,0.160197,0.00857
GWW,2019-07-24,0.241416,0.003708,0.092696,0.008358
GWW,2020-10-22,-0.02084,0.007634,0.133776,0.011028
GWW,2020-01-30,0.316963,0.004964,0.10555,0.007203
GWW,2021-07-30,0.296114,0.011597,0.210812,0.007957
GWW,2020-07-23,-0.052452,0.010071,0.162027,0.009982
GWW,2019-01-24,0.347686,0.003214,0.148737,0.010238
GWW,2018-10-16,0.43074,0.00624,0.114183,0.01152
GWW,2020-04-23,0.15786,0.008445,0.07284,0.010865
GWW,2021-04-30,0.397402,0.010263,0.192035,0.007756
GWW,2021-02-03,0.419124,0.006992,0.13382,0.009257
GWW,2021-10-29,0.544508,0.009645,0.215393,0.007583
GWW,2018-07-18,0.363082,0.003385,0.190911,0.010294
GWW,2019-10-23,0.339674,0.005213,0.177681,0.006043
CL,2020-07-31,0.346146,0.005426,0.323309,0.007402
CL,2018-04-27,0.460495,0.004533,0.131979,0.005429
CL,2019-11-01,0.317164,0.00287,0.39045,0.00408
CL,2020-05-01,0.481736,0.004042,0.282345,0.007948
CL,2019-04-26,0.281302,0.002399,0.277238,0.004291
CL,2021-07-30,0.215696,0.00647,0.282728,0.006664
CL,2019-01-25,0.380211,0.004012,0.213167,0.009488
CL,2020-10-30,0.524282,0.003859,0.355543,0.004283
CL,2020-01-31,0.522215,0.00499,0.374672,0.005017
CL,2019-07-26,0.400229,0.00221,0.345073,0.005504
CL,2021-04-30,0.45875,0.005529,0.315249,0.00764
CL,2021-01-29,0.490721,0.005476,0.29855,0.004679
CL,2021-10-29,0.156412,0.003368,0.286027,0.004844
CL,2018-10-26,0.13047,0.002989,0.139039,0.006186
PSA,2019-02-27,0.018097,0.033582,0.216233,0.007105
PSA,2019-05-02,0.065003,0.036101,0.211143,0.007878
PSA,2021-04-29,0.338983,0.007714,0.205157,0.008458
PSA,2020-05-01,0.13236,0.016611,-0.037523,0.01037
PSA,2019-10-30,0.057019,0.025078,0.147961,0.009632
PSA,2018-08-02,0.019779,0.021327,0.060699,0.009893
PSA,2020-11-05,0.008255,0.034351,0.195376,0.008909
PSA,2021-02-25,0.444498,0.015216,0.257844,0.010549
PSA,2020-08-06,0.159946,0.025281,-0.020511,0.007563
PSA,2021-11-02,0.444922,0.007712,0.201299,0.006982
PSA,2018-10-31,0.028097,0.032727,0.136999,0.008608
PSA,2020-02-26,0.021675,0.025641,0.198468,0.006985
PSA,2021-08-04,0.490278,0.007319,0.23919,0.006602
PSA,2019-07-31,-0.05858,0.032028,0.121339,0.00793
BDX,2019-05-09,0.253826,0.007505,0.187016,0.006332
BDX,2018-08-02,0.639983,0.006184,0.284849,0.006908
BDX,2019-08-06,0.48709,0.005385,0.290961,0.004969
BDX,2020-05-07,0.065323,0.009878,0.105378,0.010013
BDX,2018-02-06,0.423579,0.009349,0.178169,0.005908
BDX,2019-11-05,0.574161,0.007304,0.203327,0.009283
BDX,2020-11-06,0.270037,0.010198,0.183,0.009379
BDX,2020-08-06,0.200921,0.008706,0.116623,0.008508
BDX,2021-02-04,0.358854,0.007491,0.193509,0.005989
BDX,2018-05-03,0.557808,0.007566,0.284324,0.007559
BDX,2021-08-05,0.533991,0.008315,0.150497,0.006288
BDX,2018-11-06,0.590945,0.006874,0.25383,0.006044
BDX,2020-02-06,0.159773,0.007429,0.082809,0.007214
BDX,2021-11-04,0.538194,0.007166,0.231263,0.007451
BDX,2021-05-06,0.459376,0.006132,0.284356,0.007331
BKNG,2019-02-27,0.234148,0.011395,0.155985,0.008489
BKNG,2021-05-05,0.112563,0.008863,0.210646,0.008463
BKNG,2018-08-09,0.510563,0.013468,0.174948,0.008076
BKNG,2018-11-05,0.364905,0.009904,0.176763,0.007737
BKNG,2022-02-23,0.1982,0.007836,0.230862,0.009117
BKNG,2024-05-02,0.598797,0.008042,0.259589,0.009632
BKNG,2019-11-07,0.201527,0.012528,0.180582,0.006491
BKNG,2019-05-09,0.194954,0.013149,0.142556,0.006742
BKNG,2019-08-07,0.194299,0.009299,0.143235,0.01006
BKNG,2022-11-02,0.440726,0.007172,0.190132,0.007195
BKNG,2023-05-04,0.475739,0.008292,0.255212,0.010028
BKNG,2024-08-01,0.472462,0.00785,0.167592,0.008594
BKNG,2022-08-03,0.528654,0.008911,0.230482,0.007548
BKNG,2020-11-05,-0.292645,0.010957,0.165631,0.008417
BKNG,2020-05-07,0.010058,0.008638,0.1824,0.010726
BKNG,2017-11-06,0.278399,0.010629,0.165295,0.007729
BKNG,2021-11-03,0.135513,0.006067,0.204994,0.006362
BKNG,2023-02-23,0.61535,0.006673,0.300337,0.006858
BKNG,2018-02-27,0.31838,0.008041,0.193031,0.009043
BKNG,2020-08-07,-0.213608,0.010678,0.089576,0.009742
BKNG,2021-02-24,-0.085517,0.010514,0.152198,0.009461
BKNG,2020-02-26,0.237204,0.008881,0.092482,0.008874
BKNG,2022-05-04,0.214243,0.007288,0.18629,0.007115
BKNG,2024-02-22,0.544682,0.00564,0.247687,0.007194
BKNG,2023-08-03,0.540083,0.005543,0.233463,0.00743
BKNG,2021-08-04,0.205694,0.00684,0.183929,0.006647
BKNG,2023-11-02,0.404933,0.004769,0.270384,0.005721
BKNG,2018-05-09,0.357391,0.011155,0.097802,0.011618
DHC,2019-03-01,0.245799,0.009623,0.037949,0.014851
DHC,2020-05-07,0.02559,0.013483,0.041377,0.016598
DHC,2021-02-25,0.162162,0.011796,0.130184,0.005682
DHC,2020-08-06,-0.032163,0.010891,0.029526,0.007404
DHC,2019-08-08,0.017176,0.010372,0.101373,0.011383
DHC,2021-08-05,0.385205,0.014524,0.13941,0.006888
DHC,2018-11-06,0.285002,0.007222,0.145979,0.005834
DHC,2021-05-07,0.161099,0.015378,0.104318,0.006309
DHC,2021-11-04,0.07067,0.013229,0.188713,0.005998
ETR,2019-10-30,0.360002,0.005114,0.217101,0.009195
ETR,2020-02-19,0.365255,0.006569,0.240442,0.007463
ETR,2019-02-20,0.392417,0.005526,0.177904,0.006129
ETR,2020-05-11,0.222127,0.005584,0.160649,0.011189
ETR,2021-11-03,0.46721,0.006192,0.196066,0.008005
ETR,2018-10-31,0.331867,0.007393,0.188522,0.008169
ETR,2020-07-29,0.44125,0.006682,0.169584,0.010662
ATO,2018-11-08,0.422007,0.005677,0.067567,0.0
ATO,2021-11-11,0.472007,0.013063,0.139023,0.007676
ATO,2022-08-04,0.343636,0.010163,0.215423,0.006696
ATO,2019-02-06,0.479298,0.005478,0.12015,0.014366
ATO,2020-02-05,0.450578,0.008713,0.205921,0.008159
ATO,2020-11-12,0.382533,0.011628,0.184196,0.007993
ATO,2019-11-07,0.500907,0.009132,0.082417,0.0
ATO,2019-05-08,0.440021,0.008333,0.124945,0.006192
ATO,2022-02-09,0.431373,0.010958,0.163141,0.006785
ATO,2020-08-06,0.13482,0.00899,0.149012,0.007927
ATO,2020-05-08,0.340629,0.010539,0.026261,0.007712
ATO,2019-08-08,0.382668,0.007707,0.180001,0.002642
ATO,2021-08-05,0.240082,0.009434,0.170463,0.011605
ATO,2021-02-03,0.204252,0.011263,0.156714,0.011055
ATO,2021-05-06,0.27729,0.00924,0.316068,0.007299
ATO,2022-05-05,0.388654,0.012329,0.17464,0.008998
DBX,2022-08-04,0.369251,0.007241,0.144948,0.008984
DBX,2018-08-09,0.4044,0.00684,0.227738,0.0067
DBX,2019-02-21,0.367322,0.004444,0.165774,0.007223
DBX,2019-05-09,0.336958,0.005736,0.34121,0.003701
DBX,2020-11-05,0.423575,0.008978,0.338317,0.004692
DBX,2020-05-07,0.452277,0.009757,0.246643,0.007718
DBX,2020-02-20,0.399444,0.007028,0.269439,0.00562
DBX,2020-08-06,0.433305,0.006104,0.374973,0.006642
DBX,2019-08-08,0.2688,0.005714,0.246765,0.006151
DBX,2021-08-05,0.606472,0.008615,0.339075,0.006042
DBX,2021-11-04,0.472316,0.010417,0.25297,0.008242
DBX,2021-05-06,0.510885,0.00919,0.272128,0.005442
DBX,2021-02-18,0.375055,0.009633,0.237344,0.006338
DBX,2022-05-05,0.343191,0.00884,0.279518,0.009005
DBX,2022-02-17,0.466129,0.008124,0.344395,0.00744
CB,2021-04-28,0.333981,0.015034,0.108677,0.008567
CB,2021-10-27,0.513495,0.011052,0.105584,0.011689
CB,2021-07-28,0.553228,0.01277,0.140088,0.00905
CB,2020-10-28,0.368888,0.011927,0.101221,0.006894
CB,2020-07-29,0.086472,0.008375,0.112929,0.01004
CB,2021-02-03,0.49891,0.012545,0.145047,0.012793
PPG,2024-07-19,0.235852,0.005707,0.06736,0.00858
PPG,2019-04-18,-0.036891,0.007099,0.177763,0.009934
PPG,2019-01-17,0.118322,0.008732,0.099659,0.009407
PPG,2019-10-17,0.091465,0.01006,0.112312,0.009433
PPG,2023-01-20,0.576039,0.007268,0.037717,0.007868
PPG,2022-04-21,0.376544,0.00714,0.232995,0.006514
PPG,2020-07-17,0.225088,0.008683,0.179121,0.008509
PPG,2019-07-18,0.198799,0.009204,0.117095,0.008315
PPG,2024-04-19,0.43582,0.006044,0.174141,0.005991
PPG,2018-10-18,0.031812,0.00651,0.121263,0.00874
PPG,2021-10-21,0.287637,0.005671,0.084764,0.00871
PPG,2021-04-16,0.478911,0.004997,0.101627,0.010073
PPG,2021-01-22,0.508648,0.006355,0.124431,0.00851
PPG,2024-01-19,0.470448,0.007273,0.209449,0.007548
PPG,2020-04-28,-0.153298,0.007529,0.059446,0.011027
PPG,2022-01-21,0.193316,0.004566,0.172339,0.009887
PPG,2023-07-21,0.391005,0.005402,0.129258,0.006112
PPG,2022-10-20,0.330354,0.006386,0.140258,0.006181
PPG,2021-07-20,0.389756,0.006682,0.105515,0.00787
PPG,2020-01-16,0.329409,0.006819,0.135367,0.007939
PPG,2023-10-19,0.346247,0.004459,0.208489,0.005202
PPG,2022-07-22,0.57824,0.004173,0.094228,0.009535
PPG,2020-10-20,0.292995,0.005978,0.145133,0.00858
AMED,2019-08-01,0.442643,0.008415,0.186067,0.008632
AMED,2021-04-29,0.30322,0.006784,0.162643,0.005508
AMED,2020-10-29,0.513218,0.008549,0.165853,0.007889
AMED,2019-10-30,0.503121,0.010459,0.074257,0.009022
AMED,2020-02-19,0.496722,0.009958,0.199982,0.00597
AMED,2021-11-03,0.057405,0.008442,0.154543,0.010884
AMED,2021-02-25,0.230214,0.01078,0.172878,0.009793
AMED,2020-05-08,0.22561,0.00825,0.162491,0.009595
AMED,2021-08-05,0.379225,0.006962,0.152053,0.006178
AMED,2019-05-01,0.366443,0.009646,0.165129,0.008949
AMED,2020-07-29,0.200974,0.010475,0.156507,0.009461
AMED,2019-02-28,0.451599,0.010546,0.354935,0.007617
AMED,2018-10-30,0.372151,0.010918,0.293009,0.009515
IP,2018-10-25,0.391672,0.003311,0.155266,0.009202
IP,2021-04-29,0.343294,0.003087,0.178822,0.008606
IP,2019-07-25,0.154968,0.004263,0.077993,0.008974
IP,2021-10-27,0.33235,0.002875,0.155296,0.008956
IP,2019-01-31,0.147319,0.001819,0.112841,0.009446
IP,2019-10-31,0.261117,0.003529,0.08781,0.010913
IP,2019-04-25,0.351579,0.003721,0.092743,0.009278
IP,2020-04-30,0.116401,0.003983,0.066329,0.011726
IP,2021-07-29,0.390809,0.001855,0.120583,0.010232
IP,2020-01-30,0.127199,0.003237,0.114104,0.007852
IP,2021-02-04,0.426807,0.002504,0.14653,0.010064
FTCI,2021-08-11,0.381663,0.012116,0.20351,0.007379
FTCI,2022-03-15,0.410882,0.010501,0.183816,0.00765
FTCI,2022-05-10,0.050026,0.01129,0.252327,0.006565
FTCI,2021-11-10,0.348265,0.01061,0.254087,0.00805
FTCI,2022-08-09,0.097724,0.012739,0.178236,0.010101
BPOP,2021-07-22,0.112157,0.010436,0.061169,0.01097
BPOP,2019-07-24,0.058889,0.008518,0.117237,0.013452
BPOP,2021-04-28,0.096544,0.010052,0.144193,0.016112
BPOP,2018-10-24,0.075696,0.012776,0.167865,0.011001
BPOP,2020-01-28,0.18426,0.008453,0.103911,0.010786
BPOP,2021-10-20,0.241186,0.009057,0.107574,0.010018
BPOP,2020-04-30,0.007834,0.011321,0.047896,0.006823
BPOP,2020-10-28,0.218614,0.009662,0.101341,0.009346
BPOP,2020-07-23,-0.057611,0.010951,0.051661,0.01461
BPOP,2019-01-23,0.363252,0.010885,0.141752,0.011107
BPOP,2021-01-28,0.078158,0.010021,0.098857,0.01075
BPOP,2019-10-23,0.125746,0.00807,0.097404,0.011581
JBL,2022-06-16,0.381376,0.012909,0.294498,0.008181
JBL,2018-03-15,0.507205,0.011734,0.190909,0.011836
JBL,2020-03-13,-0.179434,0.015658,0.137891,0.008237
JBL,2018-09-25,0.422485,0.012398,0.125536,0.010182
JBL,2021-03-16,0.468724,0.007974,0.20774,0.008523
JBL,2021-12-16,0.524749,0.00885,0.188297,0.009908
JBL,2017-12-14,0.407777,0.009857,0.195264,0.009505
JBL,2019-12-17,0.518951,0.010903,0.202866,0.008184
JBL,2019-06-18,0.349881,0.009186,0.282341,0.009635
JBL,2020-09-24,0.400543,0.006727,0.10637,0.009136
JBL,2019-09-24,0.436965,0.008409,0.20808,0.006465
JBL,2019-03-14,0.260688,0.00885,0.175079,0.011971
JBL,2020-06-19,0.233495,0.013857,0.142469,0.011115
JBL,2020-12-17,0.582349,0.007647,0.222803,0.006141
JBL,2022-09-27,0.576058,0.006635,0.14421,0.009401
JBL,2018-06-14,0.472502,0.00841,0.212128,0.00835
JBL,2021-06-17,0.501216,0.008112,0.190116,0.007014
JBL,2022-03-16,0.46562,0.009191,0.240111,0.010705
JBL,2021-09-29,0.509654,0.00736,0.226156,0.011364
FANH,2019-11-21,0.123645,0.014134,0.025498,0.011326
FANH,2019-05-23,0.206584,0.012087,0.071339,0.016736
FANH,2019-08-21,0.157392,0.010508,0.055935,0.006053
FANH,2022-05-26,0.057984,0.011814,0.111489,0.006873
FANH,2021-03-17,0.172338,0.012795,0.070483,0.009119
FANH,2021-05-28,0.047179,0.011505,0.165805,0.007477
FANH,2019-03-11,0.315453,0.010904,0.144783,0.00904
FANH,2020-03-19,0.474085,0.006805,0.019266,0.005944
FANH,2020-05-26,0.234457,0.012285,0.006807,0.008396
FANH,2020-11-25,0.183995,0.006782,0.213172,0.010173
FANH,2022-03-28,0.153493,0.009009,0.179888,0.005362
FANH,2022-08-23,0.276699,0.008206,0.126821,0.007092
FANH,2020-08-25,0.43516,0.006311,0.150593,0.006696
FANH,2021-08-24,0.254158,0.008871,0.162854,0.009346
CE,2019-04-23,0.02638,0.004237,0.140742,0.008613
CE,2021-07-23,0.034217,0.00463,0.133319,0.008977
CE,2018-10-19,-0.050149,0.018433,0.179133,0.00801
CE,2019-07-23,0.024452,0.004808,0.055534,0.010682
CE,2021-04-23,0.029299,0.0,0.181692,0.011996
CE,2019-01-29,-0.013592,0.013825,0.156123,0.007086
CE,2021-10-22,0.099507,0.0,0.167935,0.009872
CE,2020-10-26,0.031091,0.00463,0.160793,0.009612
CE,2020-01-31,0.033966,0.005025,0.121799,0.008621
CE,2020-04-28,0.154238,0.004098,-5e-05,0.008817
CE,2019-10-22,0.02902,0.004902,0.142762,0.006947
CE,2021-01-29,0.024602,0.004425,0.199041,0.00779
CE,2020-07-29,0.030564,0.004525,0.175068,0.011141
BKR,2018-10-25,0.48697,0.00263,0.393451,0.006248
BKR,2020-01-22,0.183912,0.008084,0.17112,0.007357
BKR,2018-07-20,0.315487,0.003798,0.304032,0.009483
BKR,2021-10-20,0.304979,0.007023,0.266332,0.005868
BKR,2019-10-30,0.285352,0.007263,0.226667,0.008968
BKR,2021-01-21,0.578435,0.006294,0.298405,0.012388
BKR,2020-07-22,-0.018707,0.006615,0.251172,0.011203
BKR,2021-04-21,0.340773,0.00576,0.370126,0.009676
BKR,2020-10-21,0.306544,0.010058,0.239652,0.009124
BKR,2021-07-21,0.51155,0.005032,0.411336,0.010541
BKR,2020-04-22,-0.084628,0.011141,0.148353,0.011201
BKR,2019-07-31,0.483246,0.002624,0.327123,0.0076
LULU,2023-12-07,0.444978,0.009009,0.37174,0.002267
LULU,2024-03-21,0.452531,0.006063,0.325535,0.005236
LULU,2019-12-11,0.520771,0.008485,0.250658,0.007363
LULU,2020-06-11,0.331152,0.007835,0.319456,0.009424
LULU,2019-03-27,0.522787,0.007052,0.394334,0.006403
LULU,2018-05-31,0.539831,0.006199,0.346914,0.005951
LULU,2022-12-08,0.463274,0.007792,0.412217,0.006164
LULU,2021-03-30,0.51852,0.005948,0.357487,0.007092
LULU,2023-08-31,0.572336,0.006433,0.38322,0.003757
LULU,2022-03-29,0.49833,0.006758,0.392669,0.00547
LULU,2020-09-08,0.399374,0.006797,0.357494,0.00323
LULU,2018-12-05,0.473711,0.005564,0.283821,0.003773
LULU,2024-06-05,0.418589,0.006189,0.316923,0.005199
LULU,2022-09-01,0.485651,0.007624,0.395697,0.003703
LULU,2018-03-27,0.517276,0.007286,0.346601,0.004953
LULU,2023-06-01,0.557266,0.005955,0.3519,0.003995
LULU,2021-12-09,0.565198,0.007317,0.33522,0.006151
LULU,2022-06-02,0.409102,0.009529,0.329586,0.005758
LULU,2021-09-08,0.465034,0.006424,0.31303,0.00578
LULU,2020-12-10,0.488129,0.006177,0.301855,0.006577
LULU,2017-12-06,0.465646,0.008714,0.264095,0.003607
LULU,2020-03-26,0.317673,0.006778,0.204878,0.008534
LULU,2024-08-29,0.393681,0.008329,0.265683,0.006721
ON,2020-11-02,0.058094,0.007203,0.122135,0.010657
ON,2018-10-29,0.314162,0.00764,0.115633,0.010108
ON,2019-04-29,0.194321,0.009402,0.136487,0.00872
ON,2020-05-11,0.002214,0.009384,0.11336,0.00799
ON,2020-02-03,0.081906,0.010083,0.146791,0.009221
ON,2019-10-28,-0.084215,0.009077,0.11689,0.011261
ON,2020-08-10,0.065988,0.007117,0.146022,0.007906
ON,2019-02-04,0.190309,0.006887,0.089596,0.010474
OXY,2019-08-01,0.672219,0.004919,0.188512,0.006478
OXY,2024-05-08,0.608396,0.006258,0.2534,0.009044
OXY,2020-02-28,0.442714,0.002064,0.192842,0.00856
OXY,2022-11-09,0.499528,0.010069,0.252568,0.007325
OXY,2022-05-11,0.562202,0.004949,0.204994,0.008243
OXY,2020-05-06,0.144288,0.010222,0.134753,0.009582
OXY,2022-08-03,0.576633,0.007739,0.258308,0.006917
OXY,2022-02-25,0.660485,0.006136,0.231653,0.012677
OXY,2019-11-05,0.495679,0.004922,0.247269,0.007341
OXY,2020-11-10,0.473269,0.005424,0.20344,0.00685
OXY,2020-08-11,0.17849,0.009623,0.197753,0.007149
OXY,2023-05-10,0.475624,0.010493,0.173026,0.008358
OXY,2019-05-06,0.427705,0.010189,0.203163,0.008276
OXY,2023-11-08,0.549072,0.006379,0.219308,0.007749
OXY,2021-02-23,0.447929,0.007576,0.174852,0.006981
OXY,2023-08-03,0.338337,0.008147,0.256209,0.008702
OXY,2019-02-13,0.529011,0.004634,0.163106,0.011121
OXY,2024-08-08,0.607394,0.006004,0.237983,0.006207
OXY,2018-11-06,0.648034,0.005572,0.177809,0.010599
OXY,2021-11-05,0.554847,0.00558,0.200435,0.009572
OXY,2021-05-11,0.558611,0.007838,0.108267,0.008692
OXY,2024-02-15,0.531763,0.005607,0.240956,0.006691
OXY,2023-02-28,0.407709,0.006018,0.149689,0.00899
OXY,2021-08-04,0.510795,0.00678,0.244619,0.009038
OXY,2018-05-09,0.462386,0.005512,0.210835,0.009663
URI,2019-04-18,0.302748,0.0037,0.268963,0.008911
URI,2019-10-17,0.1963,0.007353,0.152029,0.00775
URI,2021-04-29,0.240169,0.007259,0.206386,0.009191
URI,2020-07-30,0.080808,0.006584,0.098398,0.007528
URI,2020-10-29,0.147537,0.004058,0.147581,0.011333
URI,2019-07-18,0.272913,0.003634,0.15542,0.006667
URI,2020-04-30,-0.092,0.009229,0.151355,0.011301
URI,2018-10-18,0.521734,0.005607,0.187954,0.008475
URI,2021-07-29,0.279997,0.005385,0.187587,0.00725
URI,2020-01-30,0.128584,0.005344,0.142283,0.011601
URI,2019-01-24,0.408011,0.004588,0.178813,0.006786
URI,2021-10-28,0.446797,0.004374,0.198128,0.007974
URI,2021-01-28,0.227423,0.005917,0.119418,0.01065
CFB,2019-10-21,0.154944,0.006551,0.135331,0.016749
CFB,2020-01-23,0.367922,0.006165,0.173505,0.012684
CFB,2020-07-23,0.386302,0.009637,0.07,0.009107
CFB,2020-04-23,0.26427,0.011341,0.135133,0.007974
CFB,2020-10-20,0.413858,0.010703,0.15782,0.00787
ALDX,2022-08-05,0.138012,0.013683,0.147571,0.007169
ALDX,2019-05-09,0.06361,0.009143,0.122999,0.009727
ALDX,2021-03-11,0.211976,0.012525,0.139317,0.013649
ALDX,2019-08-08,0.156927,0.011657,0.184671,0.010513
ALDX,2021-08-05,0.206835,0.017518,0.157332,0.00984
ALDX,2019-03-08,0.184704,0.009985,0.154765,0.008789
ALDX,2022-03-17,0.220679,0.013629,0.153479,0.01054
ALDX,2021-10-28,0.186263,0.013831,0.123845,0.01205
ALDX,2021-05-06,0.201691,0.01595,0.21512,0.008346
ALDX,2022-05-05,0.189025,0.012202,0.150633,0.009017
CTLP,2020-02-19,0.226653,0.008901,0.204432,0.009976
CTLP,2019-11-12,0.361556,0.006053,0.274939,0.007647
ADBE,2018-09-13,0.397686,0.006845,0.287379,0.006432
ADBE,2018-03-15,0.487731,0.007519,0.220457,0.006481
ADBE,2021-12-16,0.424433,0.005137,0.240204,0.007985
ADBE,2019-09-17,0.312183,0.00948,0.250013,0.007379
ADBE,2019-06-18,0.361348,0.00703,0.307966,0.005506
ADBE,2018-12-13,0.453511,0.011398,0.235762,0.006532
ADBE,2021-09-21,0.51636,0.005157,0.251827,0.006063
ADBE,2019-03-14,0.395313,0.010185,0.207477,0.007027
ADMA,2021-08-11,0.585228,0.016631,0.338917,0.006431
ADMA,2021-11-10,0.526763,0.01403,0.284865,0.007816
ADMA,2021-05-12,0.528236,0.012003,0.295436,0.010338
ADMA,2020-05-06,0.389554,0.008172,0.13698,0.01347
ADMA,2020-08-05,0.369476,0.007364,0.24211,0.011419
ADMA,2020-11-06,0.37932,0.020504,0.296638,0.009786
ADMA,2021-03-25,0.432419,0.012142,0.232896,0.008746
J,2020-02-04,0.562048,0.008234,0.250602,0.0071
J,2020-08-03,0.433036,0.007989,0.211935,0.010429
J,2020-05-06,0.322887,0.008782,0.170875,0.009554
J,2020-11-24,0.437946,0.007214,0.191116,0.007164
J,2018-10-22,0.517185,0.008198,0.251116,0.011496
J,2019-05-07,0.423506,0.008082,0.323459,0.00739
J,2021-11-23,0.533389,0.002222,0.223479,0.00925
J,2019-08-05,0.562808,0.007137,0.319828,0.007163
J,2021-02-09,0.558141,0.003888,0.224224,0.006799
J,2019-11-25,0.492689,0.006314,0.233781,0.008973
J,2018-08-06,0.576952,0.006505,0.196626,0.010857
J,2021-05-10,0.612221,0.004035,0.23344,0.010524
FLEX,2021-05-05,0.388098,0.006152,0.291726,0.006509
FLEX,2019-07-25,0.161755,0.00756,0.224796,0.006999
FLEX,2021-10-27,0.291577,0.00698,0.217931,0.006587
FLEX,2020-07-30,0.124154,0.008659,0.289643,0.008941
FLEX,2020-10-29,0.257404,0.009613,0.048124,0.008892
FLEX,2022-07-27,0.407,0.006529,0.214393,0.009881
FLEX,2019-01-30,0.312629,0.006757,0.346252,0.008938
FLEX,2020-05-07,0.108308,0.006386,0.250108,0.007446
FLEX,2019-04-30,0.337452,0.005446,0.18837,0.007272
FLEX,2019-10-24,0.161847,0.007658,0.2845,0.004946
FLEX,2020-01-30,0.25559,0.005256,0.273645,0.00564
FLEX,2021-07-30,0.367924,0.005875,0.26572,0.006291
FLEX,2022-05-04,0.356544,0.00552,0.295931,0.005885
FLEX,2022-01-26,0.184412,0.005338,0.271591,0.004975
FLEX,2021-01-28,0.447881,0.006623,0.161129,0.007249
DSP,2021-05-13,0.53243,0.007291,0.26902,0.005988
DSP,2022-08-09,0.344269,0.006693,0.237669,0.007047
DSP,2022-03-10,0.537993,0.007329,0.160556,0.007803
DSP,2022-05-03,0.607633,0.008858,0.147752,0.004263
DSP,2021-11-09,0.015527,0.0,0.291582,0.007167
DSP,2021-08-12,0.583656,0.008807,0.236972,0.007602
DOOO,2021-06-03,0.320883,0.00361,0.161901,0.006255
DOOO,2021-12-01,0.186173,0.00384,0.11775,0.008022
DOOO,2020-11-25,0.423033,0.004909,0.209638,0.010068
DOOO,2020-05-28,0.137137,0.004691,0.066213,0.011866
DOOO,2021-09-02,0.387277,0.005611,0.197095,0.011421
DOOO,2020-03-20,0.552847,0.003443,0.074932,0.011308
DOOO,2021-03-25,0.662843,0.005039,0.16793,0.011604
DOOO,2020-08-27,0.101744,0.008294,0.036598,0.011632
APPS,2019-06-03,0.439028,0.007302,0.361132,0.007424
APPS,2020-06-02,0.390392,0.00876,0.324776,0.010364
APPS,2019-08-05,0.486818,0.008957,0.339468,0.006358
APPS,2020-02-10,0.512181,0.005012,0.206047,0.006286
EIX,2019-07-25,0.187491,0.01387,0.082109,0.012402
EIX,2020-04-30,0.126514,0.00877,0.071391,0.01215
EIX,2021-07-29,0.205319,0.01354,0.168271,0.012863
EIX,2019-04-30,0.202203,0.010659,0.04014,0.013247
EIX,2021-02-25,0.309142,0.012265,0.217516,0.009502
EIX,2020-10-27,0.334129,0.010729,0.134261,0.015952
EIX,2021-11-02,0.312466,0.013113,0.141528,0.014909
EIX,2019-10-29,0.183959,0.010125,0.111634,0.01143
EIX,2020-07-28,0.170122,0.010069,0.135627,0.010726
EIX,2019-02-28,0.158783,0.011671,0.094705,0.010297
EIX,2021-04-27,0.388597,0.01219,0.180469,0.016508
EIX,2018-10-30,0.150003,0.014934,0.083485,0.013526
MLM,2021-05-04,0.420734,0.005109,0.240302,0.008954
MLM,2020-10-29,0.370198,0.009269,0.181162,0.008152
MLM,2021-07-29,0.561726,0.003633,0.222527,0.006227
MLM,2019-04-30,0.445252,0.005823,0.198963,0.007613
MLM,2021-02-09,0.563046,0.008321,0.208781,0.009686
MLM,2021-11-02,0.655461,0.006584,0.101379,0.01022
MLM,2020-05-05,0.12299,0.008326,0.130484,0.009711
MLM,2019-10-29,0.511939,0.00822,0.20791,0.007772
MLM,2019-07-30,0.387719,0.008315,0.298715,0.006262
MLM,2018-11-06,0.339624,0.00538,0.236126,0.005665
MLM,2020-07-28,0.346215,0.008864,0.205118,0.008514
MLM,2019-02-12,0.477487,0.004692,0.192499,0.008724
CAMT,2022-07-27,0.153844,0.014872,0.169091,0.009833
CAMT,2019-11-07,0.366844,0.010131,0.111891,0.006678
CAMT,2019-08-06,0.401342,0.007822,0.093538,0.006795
CAMT,2020-08-05,0.411599,0.009651,0.147388,0.008882
CAMT,2020-05-11,0.135238,0.00853,0.179602,0.008719
CAMT,2020-02-20,0.215923,0.009125,0.128376,0.012426
CAMT,2020-10-27,0.295648,0.012821,0.179115,0.008431
CAMT,2022-11-17,0.11998,0.008186,0.053178,0.009301
CAMT,2019-02-13,0.440752,0.005711,0.254228,0.014286
C,2020-01-14,0.576928,0.007289,0.215012,0.007353
C,2021-07-14,0.136749,0.007642,0.171757,0.005695
C,2024-04-12,0.223882,0.009903,0.211413,0.005193
C,2019-04-15,0.240195,0.00611,0.203722,0.007015
C,2018-10-12,0.329163,0.007318,0.140551,0.005801
C,2020-10-13,-0.018398,0.008412,0.160403,0.008143
C,2023-07-14,0.176195,0.012579,0.128581,0.006857
C,2022-01-14,0.175949,0.007357,0.150723,0.007992
C,2022-10-14,0.163602,0.012729,0.137902,0.006221
C,2021-04-15,0.21819,0.008255,0.174491,0.005201
C,2019-07-15,0.389438,0.008002,0.170575,0.008404
C,2024-07-12,0.201793,0.010063,0.125234,0.006892
C,2018-01-16,0.436356,0.008552,0.130299,0.009475
C,2021-10-14,0.20616,0.005055,0.234989,0.004057
C,2021-01-15,0.05637,0.008211,0.221147,0.006394
C,2018-07-13,0.513051,0.010156,0.172099,0.008258
C,2023-01-13,0.453356,0.0084,0.148398,0.007865
C,2023-10-13,0.430562,0.009726,0.146737,0.006434
C,2022-04-14,-0.052899,0.012804,0.190994,0.00825
C,2020-07-14,-0.073875,0.006863,0.074953,0.009122
C,2022-07-15,0.396242,0.011417,0.208834,0.008949
C,2024-01-12,0.128351,0.010515,0.122395,0.008297
C,2020-04-15,0.208867,0.00819,0.019556,0.008983
C,2018-04-13,0.527011,0.0077,0.151607,0.008254
C,2019-10-15,0.315229,0.009861,0.211544,0.008306
C,2019-01-14,0.278366,0.009893,0.058026,0.010204
DVAX,2024-05-08,0.457863,0.012187,0.170697,0.010284
DVAX,2024-08-06,0.628548,0.011358,0.19393,0.013436
DVAX,2022-08-04,0.59473,0.012831,0.238836,0.00639
DVAX,2023-05-02,0.571002,0.010911,0.212717,0.008293
DVAX,2019-02-26,0.373469,0.009163,0.140331,0.011105
DVAX,2022-02-28,0.545298,0.012955,0.232089,0.009122
DVAX,2022-11-03,0.539326,0.012137,0.202553,0.009252
DVAX,2019-05-08,0.144367,0.008511,0.151754,0.009945
DVAX,2019-11-06,0.307445,0.010101,0.109718,0.008016
DVAX,2020-11-05,0.422328,0.010129,0.200026,0.012876
DVAX,2023-02-23,0.656135,0.01065,0.270542,0.011447
DVAX,2021-02-25,0.355067,0.01183,0.229432,0.011542
DVAX,2020-08-06,0.239452,0.008095,0.159594,0.014626
DVAX,2020-05-08,0.413091,0.010866,0.103566,0.015044
DVAX,2024-02-22,0.545119,0.012929,0.262712,0.005993
DVAX,2023-08-03,0.607398,0.009626,0.239139,0.009207
DVAX,2020-03-11,0.371048,0.012401,0.090459,0.007671
DVAX,2021-11-04,0.447521,0.013178,0.217621,0.011547
DVAX,2021-05-06,0.49829,0.009455,0.213749,0.014038
DVAX,2022-05-05,0.589002,0.011524,0.112323,0.010106
DVAX,2023-11-02,0.610415,0.011937,0.194131,0.010724
TT,2021-05-05,0.548959,0.007819,0.249037,0.010783
TT,2018-10-24,0.660094,0.007071,0.219085,0.008656
TT,2020-08-04,0.082847,0.004606,0.186858,0.007189
TT,2019-01-30,0.605114,0.006163,0.173929,0.010508
TT,2020-01-29,0.358663,0.008412,0.191105,0.007966
TT,2020-10-28,0.098433,0.006779,0.180862,0.008336
TT,2020-05-12,-0.110609,0.006549,0.110341,0.00959
TT,2021-02-05,0.464189,0.008137,0.214908,0.008985
TT,2021-11-03,0.568202,0.007208,0.205561,0.007917
TT,2019-04-30,0.497085,0.005858,0.199312,0.007462
TT,2020-05-05,0.047145,0.00661,0.002307,0.007974
TT,2019-10-29,0.530576,0.009025,0.169684,0.009431
TT,2019-07-30,0.616071,0.00805,0.163992,0.010241
TT,2020-07-29,0.075042,0.006319,0.154765,0.013601
TT,2021-08-04,0.540713,0.007855,0.225615,0.006179
ALT,2021-08-11,0.213425,0.007372,0.147367,0.011768
ALT,2022-03-15,0.074455,0.007828,0.153032,0.011782
ALT,2021-11-10,0.08973,0.011843,0.091171,0.009168
ALT,2021-05-17,0.283389,0.016833,0.118421,0.016631
ALT,2021-02-25,0.429849,0.015019,0.181004,0.011681
ALT,2022-05-12,0.153813,0.012228,0.200937,0.009062
ALT,2022-08-11,0.115395,0.019091,0.165997,0.010245
AMWD,2021-08-31,0.236806,0.008074,0.212314,0.010564
AMWD,2020-02-25,-0.013369,0.007732,0.087744,0.007795
AMWD,2019-02-26,0.189607,0.01412,0.255944,0.009131
AMWD,2019-08-27,-0.079387,0.01143,0.102344,0.010769
AMWD,2018-03-09,0.141543,0.005268,0.184921,0.008845
AMWD,2020-11-24,0.19168,0.005797,0.183182,0.005595
AMWD,2020-05-26,-0.132367,0.009346,0.07025,0.009533
AMWD,2019-11-26,0.031006,0.008264,0.196215,0.009686
AMWD,2020-08-25,-0.058011,0.006648,0.153692,0.010181
AMWD,2019-05-28,-0.021035,0.01059,0.13566,0.011579
AMWD,2021-11-23,-0.076254,0.008023,0.264135,0.008194
AMWD,2021-02-25,0.312888,0.008134,0.223564,0.007621
AMWD,2021-05-27,0.296547,0.009056,0.129379,0.013271
AMWD,2018-08-27,0.288839,0.009908,0.173653,0.007889
D,2020-07-31,0.336665,0.007574,0.208329,0.006747
D,2022-08-08,0.34285,0.006308,0.148444,0.011051
D,2018-04-27,0.295249,0.006511,0.153512,0.010688
D,2022-11-04,0.392463,0.007144,0.15604,0.012936
D,2019-05-03,0.276676,0.007296,0.169917,0.010777
D,2019-11-01,0.546762,0.010315,0.100349,0.007419
D,2021-05-04,0.433732,0.009726,0.221174,0.008143
D,2018-01-29,0.422713,0.00444,0.161083,0.013372
D,2021-08-06,0.449502,0.005867,0.23031,0.008982
D,2019-02-01,0.405945,0.009126,0.034264,0.008557
D,2024-05-02,0.318781,0.00798,0.23147,0.012275
D,2023-05-05,0.460759,0.006121,0.245282,0.010165
D,2024-08-01,0.431209,0.007605,0.263702,0.007364
D,2020-11-05,0.327678,0.009552,0.214931,0.01285
D,2018-08-01,0.330768,0.005754,0.086017,0.007818
D,2022-02-11,0.504262,0.005241,0.267845,0.007716
D,2021-02-12,0.409495,0.007206,0.171321,0.008192
D,2020-05-05,0.206282,0.008868,0.105749,0.010692
D,2018-11-01,0.396727,0.005954,0.202033,0.010709
D,2023-08-04,0.417758,0.010211,0.148037,0.01442
D,2023-11-03,0.303134,0.006345,0.184015,0.00845
D,2024-02-22,0.319108,0.01084,0.17387,0.005807
D,2021-11-05,0.394676,0.00758,0.243523,0.012736
D,2020-02-11,0.460962,0.007759,0.178611,0.005865
D,2023-02-08,0.409034,0.006023,0.127021,0.013768
D,2019-07-31,0.400204,0.007407,0.096673,0.011041
D,2022-05-05,0.317451,0.00617,0.202392,0.008244
CNTG,2021-09-07,0.34259,0.007959,0.182462,0.010201
CNTG,2021-04-15,0.289214,0.009282,0.18657,0.011086
CNTG,2022-03-30,0.402257,0.006716,0.296903,0.01107
CNTG,2021-11-24,0.156361,0.00657,0.078457,0.007965
TRGP,2018-08-09,0.510905,0.007061,0.243526,0.006348
TRGP,2019-11-07,0.37634,0.009378,0.162145,0.008519
TRGP,2019-02-20,0.421636,0.009053,0.159101,0.009311
TRGP,2020-11-05,0.404385,0.007944,0.267339,0.007497
TRGP,2019-05-07,0.309921,0.006917,0.17807,0.007786
TRGP,2020-02-20,0.485733,0.011523,0.215605,0.00918
TRGP,2020-08-06,0.259464,0.009201,0.245545,0.010834
TRGP,2020-05-08,0.17318,0.018841,0.119402,0.010562
TRGP,2019-08-08,0.380771,0.006213,0.278485,0.007984
TRGP,2021-02-23,0.418312,0.007112,0.248017,0.008396
TRGP,2021-08-05,0.461821,0.007647,0.126344,0.012147
TRGP,2021-11-04,0.596583,0.006983,0.231145,0.007608
TRGP,2021-05-06,0.297894,0.009626,0.222991,0.010884
CVLT,2021-10-26,0.385254,0.015789,0.10492,0.008818
CVLT,2021-01-27,0.349841,0.006619,0.26641,0.003312
CVLT,2021-05-04,0.431459,0.011963,0.224556,0.006764
CVLT,2020-01-29,0.395627,0.014184,0.266064,0.00382
CVLT,2020-05-12,0.218395,0.0124,0.17901,0.007281
CVLT,2019-01-29,0.409977,0.0132,0.231416,0.00482
CVLT,2019-04-30,0.276053,0.009965,0.196523,0.002716
CVLT,2020-10-27,0.342546,0.010144,0.186029,0.008643
CVLT,2021-07-27,0.412791,0.015495,0.145406,0.008206
CVLT,2019-10-29,0.397818,0.014152,0.191954,0.0058
CVLT,2019-07-30,0.127054,0.01383,0.085057,0.005948
CVLT,2020-07-28,0.275938,0.014472,0.185299,0.004191
CVLT,2018-10-30,0.437686,0.010897,0.275333,0.008479
DVA,2019-08-01,0.02598,0.015117,-0.037079,0.012801
DVA,2024-08-06,0.163423,0.013409,0.103293,0.015815
DVA,2021-04-29,0.050201,0.018651,0.016959,0.00828
DVA,2022-10-28,-0.119584,0.018063,-0.061595,0.013514
DVA,2020-07-30,0.248274,0.014316,0.038291,0.010375
DVA,2021-02-11,0.031946,0.014514,0.066623,0.009719
DVA,2020-10-29,0.24714,0.015737,0.06276,0.013696
DVA,2024-05-02,0.159197,0.010585,0.112515,0.01231
DVA,2023-11-07,0.057519,0.014207,0.097963,0.009625
DVA,2023-05-08,0.328728,0.015354,0.084609,0.009624
DVA,2019-11-05,0.107645,0.01348,-0.003624,0.008468
DVA,2019-05-07,0.110556,0.009305,0.016092,0.012851
DVA,2022-02-10,0.242994,0.017031,0.045711,0.01235
DVA,2021-08-03,0.171206,0.017162,0.062743,0.005739
DVA,2023-02-22,0.19587,0.015332,0.097557,0.011
DVA,2020-05-05,0.124556,0.015315,0.016814,0.009966
DVA,2024-02-13,0.275704,0.012743,0.0642,0.015592
DVA,2022-08-01,0.129959,0.017367,0.111741,0.008181
DVA,2019-02-14,0.022729,0.014057,0.038636,0.010553
DVA,2023-08-03,0.330768,0.013126,0.113894,0.008847
DVA,2020-02-10,0.09206,0.017945,0.047767,0.010821
DVA,2021-10-28,0.056667,0.021785,0.069386,0.01263
DVA,2018-11-07,0.157682,0.01239,-0.023441,0.010384
DVA,2022-05-05,0.004204,0.017189,-0.023619,0.007424
FCNCA,2021-01-27,0.218179,0.006353,0.162557,0.019402
FCNCA,2021-04-28,0.232417,0.009318,0.180321,0.01594
FCNCA,2021-10-27,0.099992,0.007244,0.179776,0.012147
FCNCA,2021-08-03,0.058885,0.007033,0.20603,0.011179
FCNCA,2022-07-28,0.36311,0.006849,0.099706,0.013406
FCNCA,2020-07-29,0.25528,0.007799,0.107379,0.006138
FCNCA,2022-01-26,0.129228,0.00576,0.189064,0.007006
FCNCA,2022-04-28,0.312292,0.005856,0.204514,0.009375
ACB,2021-05-13,0.394636,0.00874,0.14107,0.007851
ACB,2019-05-15,0.428237,0.006485,0.175594,0.008016
ACB,2021-09-27,0.480137,0.009522,0.25109,0.007125
ACB,2020-02-13,0.363788,0.010119,0.100572,0.01016
ACB,2020-09-22,0.326729,0.007449,0.173775,0.005896
ACB,2024-08-07,0.605833,0.006764,0.231608,0.005284
ACB,2021-02-11,0.495446,0.006838,0.19558,0.00666
ACB,2023-06-14,0.451775,0.008515,0.284356,0.007292
ACB,2020-11-09,0.539988,0.009594,0.171816,0.005705
ACB,2023-08-10,0.43521,0.007815,0.214923,0.009343
ACB,2023-11-09,0.395415,0.008147,0.233397,0.006468
ACB,2024-02-08,0.455122,0.00594,0.28839,0.005462
ACB,2019-09-12,0.410442,0.006094,0.158945,0.00835
ACB,2022-09-20,0.419365,0.00987,0.215564,0.005363
ACB,2022-05-12,0.275382,0.009009,0.132085,0.006549
ACB,2022-11-10,0.426264,0.011071,0.131712,0.005781
ACB,2024-06-20,0.542257,0.006932,0.204832,0.007498
ACB,2021-11-09,0.466077,0.00924,0.252617,0.005861
ACB,2023-02-09,0.472398,0.01269,0.203964,0.005838
ACB,2020-05-14,0.230634,0.009085,0.165601,0.010821
ACB,2019-11-14,0.239938,0.006685,0.1203,0.007218
GNRC,2019-08-01,0.402024,0.012696,0.172285,0.009953
GNRC,2019-05-02,0.429998,0.011844,0.211161,0.00872
GNRC,2020-02-13,0.3497,0.014825,0.177614,0.005845
GNRC,2021-04-29,0.607287,0.009647,0.150707,0.00797
GNRC,2020-07-30,0.305127,0.009846,0.17878,0.008198
GNRC,2021-07-28,0.616338,0.011705,0.152599,0.004858
GNRC,2021-02-11,0.354678,0.010465,0.150425,0.007984
GNRC,2019-10-31,0.292668,0.011185,0.110536,0.009183
GNRC,2020-04-30,0.068817,0.012422,0.055629,0.010753
GNRC,2020-10-28,0.434054,0.009723,0.149372,0.012457
GNRC,2021-11-02,0.547553,0.007796,0.157354,0.008296
GNRC,2019-02-14,0.464317,0.011987,0.177304,0.008951
BFIN,2019-07-30,0.016573,0.051613,0.076046,0.016907
BFIN,2019-01-23,0.026611,0.047923,0.158847,0.014987
IEX,2022-02-02,0.465855,0.007214,0.114594,0.010455
IEX,2021-04-28,0.472208,0.008042,0.253626,0.005928
IEX,2022-04-27,0.572709,0.009162,0.187215,0.007818
IEX,2018-10-24,0.498104,0.009744,0.102184,0.009959
IEX,2021-10-27,0.403294,0.006209,0.140468,0.00811
IEX,2021-07-28,0.40259,0.006062,0.167256,0.011029
IEX,2022-07-27,0.527382,0.005282,0.164251,0.007992
IEX,2019-10-30,0.049448,0.006146,0.035915,0.009486
IEX,2019-01-30,0.365968,0.002886,0.118416,0.009236
IEX,2020-10-28,0.265702,0.004828,0.198743,0.007702
IEX,2020-01-30,0.014045,0.00683,0.060987,0.007935
IEX,2019-04-26,0.346579,0.005343,0.088595,0.007823
IEX,2020-04-24,0.102146,0.007452,0.120865,0.008165
IEX,2021-02-04,0.513538,0.008132,0.239542,0.009903
IEX,2019-07-26,0.053975,0.004876,0.12304,0.010743
IEX,2020-07-24,0.139331,0.007278,0.06595,0.011501
ABNB,2023-11-01,0.594202,0.006244,0.178295,0.012171
ABNB,2024-05-08,0.540158,0.003579,0.186818,0.007175
ABNB,2024-08-06,0.576149,0.006475,0.133495,0.007847
ABNB,2021-05-13,0.339317,0.005457,0.172937,0.007204
ABNB,2022-02-15,0.349863,0.009372,0.243221,0.006109
ABNB,2022-08-02,0.493294,0.01076,0.237213,0.010358
ABNB,2023-05-09,0.384436,0.002567,0.250308,0.00641
ABNB,2021-02-25,0.131707,0.010217,0.173248,0.006315
ABNB,2023-02-14,0.379939,0.005594,0.227139,0.007176
ABNB,2022-05-03,0.451673,0.005132,0.205842,0.006808
ABNB,2022-11-01,0.480244,0.006316,0.239301,0.00912
ABNB,2024-02-13,0.432064,0.005701,0.219998,0.006306
ABNB,2023-08-03,0.439607,0.003309,0.206391,0.010684
ABNB,2021-11-04,0.301116,0.006949,0.21082,0.008537
ABNB,2021-08-12,0.494507,0.008388,0.225633,0.008541
V,2021-10-26,0.558968,0.00826,0.266782,0.010476
V,2024-07-23,0.610381,0.005885,0.238638,0.010826
V,2022-10-25,0.556312,0.006951,0.149926,0.014246
V,2022-04-26,0.566796,0.005987,0.260523,0.012106
V,2023-07-25,0.576535,0.00586,0.118397,0.008218
V,2018-10-24,0.393869,0.007349,0.100162,0.010685
V,2019-04-24,0.416696,0.006247,0.126494,0.007874
V,2024-04-23,0.579924,0.008132,0.163101,0.011482
V,2019-07-23,0.567212,0.006684,0.104153,0.007224
V,2019-01-30,0.208938,0.007607,0.110063,0.011654
V,2020-04-30,0.192958,0.005452,0.123493,0.012385
V,2022-07-26,0.540465,0.005249,0.186481,0.008446
V,2020-10-28,0.205134,0.006482,0.294236,0.009283
V,2023-01-26,0.58375,0.006512,0.139498,0.008092
V,2023-10-24,0.633575,0.007894,0.219803,0.004482
V,2019-10-24,0.502813,0.005365,0.21639,0.009466
V,2018-07-25,0.41869,0.006058,0.130783,0.007157
V,2021-07-27,0.66348,0.005145,0.280316,0.008421
V,2022-01-27,0.689119,0.004474,0.251369,0.006857
V,2020-07-28,0.047656,0.009806,0.19751,0.013418
V,2021-01-28,0.22309,0.006636,0.280885,0.01184
V,2024-01-25,0.549192,0.005118,0.189925,0.007649
V,2021-04-27,0.515462,0.0054,0.266761,0.008566
CSSE,2021-08-11,0.463641,0.005763,0.193116,0.004931
CSSE,2022-05-11,0.260825,0.008002,0.13751,0.0087
CSSE,2021-03-31,0.338772,0.008055,0.180744,0.006798
CSSE,2022-03-31,0.419482,0.009381,0.142312,0.005508
CSSE,2022-08-11,0.404658,0.005741,0.153056,0.006071
CSSE,2021-11-08,0.556479,0.007139,0.179087,0.007979
CRESY,2020-06-10,0.003228,0.005054,0.042174,0.011673
CRESY,2020-02-12,0.02102,0.006028,0.190141,0.0
CRESY,2020-09-30,0.056461,0.003502,0.001722,0.0
CRESY,2020-11-20,-0.100832,0.005644,0.369383,0.005597
SRE,2021-05-05,0.235407,0.008397,0.247276,0.008451
SRE,2022-08-04,0.469828,0.006553,0.21715,0.008035
SRE,2019-11-01,0.489007,0.007997,0.170839,0.006674
SRE,2018-05-07,0.235808,0.012365,0.155819,0.010852
SRE,2019-02-26,0.471114,0.006586,0.215134,0.00701
SRE,2020-08-05,0.488345,0.011248,0.187091,0.006727
SRE,2020-11-05,0.382623,0.009103,0.235547,0.007056
SRE,2022-02-25,0.490284,0.007284,0.253174,0.009018
SRE,2019-05-07,0.365677,0.009524,0.180812,0.007407
SRE,2020-05-04,0.487309,0.012234,0.221479,0.007699
SRE,2021-02-25,0.509695,0.011757,0.210589,0.009099
SRE,2017-10-30,0.459136,0.010852,0.104413,0.008911
SRE,2018-08-06,0.438349,0.00936,0.173487,0.007439
SRE,2021-08-05,0.350055,0.009631,0.288598,0.010466
SRE,2021-11-05,0.445772,0.005835,0.279281,0.010463
SRE,2018-11-07,0.415003,0.008116,0.204759,0.007436
SRE,2019-08-02,0.286596,0.011685,0.203917,0.008732
SRE,2022-05-05,0.495643,0.005965,0.281523,0.006987
SRE,2020-02-27,0.542171,0.007081,0.19301,0.009687
CENT,2019-08-01,-0.024526,0.006777,0.097005,0.006575
CENT,2020-02-05,0.057303,0.00654,0.139708,0.006946
CENT,2020-11-23,0.441997,0.007455,0.188231,0.008906
CENT,2020-05-06,0.055077,0.008534,0.164553,0.00646
CENT,2020-08-05,0.450608,0.007674,0.149967,0.008811
CENT,2019-11-26,0.074857,0.005284,0.110961,0.008239
CENT,2021-11-22,0.355541,0.003883,0.148036,0.007034
CENT,2019-05-06,0.045652,0.004662,0.186229,0.004901
CENT,2021-08-04,0.557471,0.005673,0.171247,0.005795
AXSM,2024-02-20,0.287486,0.011585,0.226871,0.010314
AXSM,2023-02-27,0.307144,0.006116,0.152644,0.009497
AXSM,2020-03-12,0.424136,0.008135,0.177162,0.012809
AXSM,2021-03-01,0.244494,0.012735,0.163533,0.008039
AXSM,2022-08-09,0.274002,0.019765,0.147337,0.010163
AXSM,2023-08-07,0.431292,0.010739,0.166774,0.007454
AXSM,2019-05-09,0.207593,0.00997,0.204069,0.010678
AXSM,2023-11-06,0.428335,0.010511,0.211468,0.010285
AXSM,2023-05-08,0.288447,0.009091,0.184927,0.007966
AXSM,2022-05-02,0.14911,0.011145,0.137955,0.009294
AXSM,2020-08-10,0.271707,0.013571,0.171052,0.011164
AXSM,2020-05-09,0.243307,0.010669,0.141579,0.009035
AXSM,2019-11-08,0.11332,0.013253,0.158013,0.011328
AXSM,2020-11-07,0.405509,0.011207,0.169235,0.00894
AXSM,2019-08-08,0.296566,0.013298,0.200629,0.013824
AXSM,2022-03-01,0.199986,0.012422,0.080214,0.012823
AXSM,2024-05-06,0.244752,0.011042,0.271377,0.009495
AXSM,2021-08-09,0.264766,0.013567,0.078734,0.011881
AXSM,2021-05-10,0.217492,0.012563,0.162041,0.009977
AXSM,2021-11-08,0.238911,0.013319,0.09957,0.01248
AXSM,2024-08-05,0.365157,0.011524,0.18387,0.009368
AXSM,2022-11-07,0.257427,0.0078,0.129771,0.008109
AON,2020-07-31,0.400862,0.010643,0.225213,0.008572
AON,2023-07-28,0.530005,0.010181,0.227718,0.011143
AON,2020-05-01,0.500616,0.011603,0.232485,0.008365
AON,2022-10-28,0.640469,0.013748,0.240584,0.008772
AON,2019-02-01,0.707135,0.010801,0.220682,0.007823
AON,2022-02-04,0.50766,0.013769,0.290641,0.008837
AON,2023-04-28,0.425934,0.013667,0.203652,0.011049
AON,2023-10-27,0.61846,0.008303,0.2162,0.009901
AON,2021-02-05,0.64283,0.014418,0.296045,0.009982
AON,2022-07-29,0.609797,0.012602,0.31282,0.007577
AON,2023-02-03,0.618464,0.010178,0.243777,0.008282
AON,2019-04-26,0.505289,0.010212,0.252467,0.007134
AON,2021-07-30,0.580342,0.010067,0.270056,0.007928
AON,2020-10-30,0.490625,0.011866,0.215568,0.00773
AON,2024-07-26,0.696164,0.005529,0.239298,0.009659
AON,2020-01-31,0.656348,0.006431,0.164329,0.009125
AON,2019-10-25,0.65192,0.009095,0.169683,0.008519
AON,2019-07-26,0.475845,0.012295,0.243218,0.009743
AON,2022-04-29,0.580024,0.012773,0.236395,0.008357
AON,2021-04-30,0.538671,0.013158,0.226773,0.011788
AON,2024-02-02,0.657038,0.010022,0.229739,0.0097
AON,2018-05-04,0.471756,0.009157,0.280243,0.007528
AON,2021-10-29,0.571406,0.011819,0.176473,0.008108
AON,2018-10-26,0.560671,0.006194,0.267359,0.009212
AON,2024-04-26,0.680141,0.005258,0.194263,0.007073
ANGO,2021-09-30,0.477257,0.009071,0.202922,0.006838
ANGO,2021-01-07,0.156682,0.007913,0.150072,0.006382
ANGO,2019-04-02,0.241934,0.010613,0.240756,0.008262
ANGO,2018-07-11,0.269604,0.008363,0.170983,0.011101
ANGO,2020-04-07,0.358146,0.007981,0.225109,0.007836
ANGO,2018-03-29,0.049048,0.009043,0.196885,0.007438
ANGO,2020-09-29,0.23408,0.009136,0.221356,0.006546
ANGO,2021-03-30,0.177259,0.007745,0.165791,0.007008
ANGO,2020-07-16,0.121429,0.006497,0.295513,0.005415
ANGO,2021-07-13,0.358778,0.009756,0.226137,0.004513
ANGO,2020-01-07,0.464261,0.006227,0.240223,0.004304
ANGO,2019-01-04,0.472244,0.008018,0.290994,0.008107
ANGO,2019-07-10,0.397757,0.009788,0.21125,0.007722
ANGO,2019-10-03,0.359269,0.007257,0.237233,0.008161
VRTX,2023-02-07,0.528753,0.008911,0.182224,0.006652
VRTX,2021-02-01,0.536803,0.004881,0.159329,0.007411
VRTX,2022-08-04,0.476957,0.006407,0.171386,0.007849
VRTX,2023-08-01,0.581943,0.005405,0.160885,0.009836
VRTX,2021-04-29,0.588817,0.010793,0.186492,0.009956
VRTX,2018-10-24,0.536016,0.007353,0.234229,0.011081
VRTX,2020-07-30,0.553367,0.004868,0.070421,0.009056
VRTX,2020-10-29,0.442419,0.005541,0.157612,0.007217
VRTX,2019-10-30,0.537563,0.006873,0.146789,0.008361
VRTX,2024-08-01,0.46183,0.007401,0.147799,0.010189
VRTX,2023-11-06,0.428975,0.007817,0.189085,0.007006
VRTX,2021-07-29,0.554381,0.006932,0.162575,0.007405
VRTX,2020-04-29,0.503551,0.005405,0.183446,0.010999
VRTX,2019-04-30,0.463606,0.006477,0.208629,0.010189
VRTX,2020-01-30,0.519325,0.007895,0.18941,0.007323
VRTX,2018-07-25,0.571659,0.008874,0.185743,0.007768
VRTX,2021-11-02,0.604405,0.006424,0.237654,0.005922
VRTX,2024-02-05,0.479657,0.007823,0.126926,0.00827
VRTX,2023-05-01,0.504162,0.00861,0.187303,0.0081
VRTX,2022-10-27,0.472315,0.007148,0.163927,0.007511
VRTX,2024-05-06,0.517681,0.007503,0.155701,0.006897
VRTX,2022-01-26,0.492675,0.006614,0.163843,0.006022
VRTX,2019-07-31,0.509228,0.005415,0.126785,0.008637
VRTX,2022-05-05,0.527235,0.005148,0.191552,0.007738
AMRN,2019-02-27,0.349293,0.016197,0.137966,0.015167
AMRN,2023-11-01,0.404693,0.007681,0.272298,0.008808
AMRN,2023-05-03,0.180293,0.008025,0.269764,0.00703
AMRN,2021-04-29,0.223221,0.010721,0.17316,0.009894
AMRN,2020-02-25,0.340776,0.015617,0.168781,0.010655
AMRN,2020-08-04,0.295821,0.014852,0.232197,0.010252
AMRN,2023-03-01,0.45732,0.006894,0.178493,0.008882
AMRN,2022-08-03,0.360397,0.009698,0.235081,0.005964
AMRN,2020-11-05,0.385824,0.014163,0.181422,0.017235
AMRN,2019-11-05,0.208381,0.015771,0.09131,0.016112
AMRN,2021-11-03,0.355132,0.011173,0.138047,0.011243
AMRN,2024-07-31,0.326134,0.008723,0.233542,0.010075
AMRN,2021-02-25,0.242281,0.015312,0.187464,0.008089
AMRN,2024-02-29,0.476409,0.007861,0.273871,0.005161
AMRN,2024-05-01,0.418864,0.006232,0.310181,0.009721
AMRN,2022-05-04,0.263959,0.011387,0.140156,0.011233
AMRN,2021-08-05,0.466139,0.011228,0.121833,0.010532
AMRN,2022-03-01,0.431313,0.011096,0.161363,0.012074
AMRN,2022-10-27,0.404374,0.006719,0.265865,0.009631
AMRN,2019-07-31,0.271683,0.014764,0.217389,0.010224
DCOM,2021-10-29,0.283197,0.013806,0.220649,0.00955
FIVE,2021-06-03,0.409378,0.01023,0.259003,0.007374
FIVE,2021-12-01,0.484412,0.009627,0.200817,0.004011
FIVE,2019-06-05,0.394023,0.009493,0.215006,0.007566
FIVE,2021-03-17,0.263363,0.008636,0.224161,0.00885
FIVE,2024-03-20,0.552671,0.012945,0.198901,0.008386
FIVE,2020-09-02,0.313936,0.007918,0.192829,0.008787
FIVE,2019-03-27,0.44425,0.011177,0.223508,0.008949
FIVE,2020-12-02,0.418002,0.009798,0.183154,0.006594
FIVE,2018-06-06,0.473709,0.011778,0.231789,0.009195
FIVE,2021-09-01,0.439258,0.011808,0.211822,0.008071
FIVE,2020-03-18,0.38256,0.01138,0.164392,0.012156
FIVE,2023-08-30,0.442925,0.012646,0.21937,0.00646
FIVE,2024-06-05,0.188122,0.012744,0.134041,0.00703
FIVE,2018-12-06,0.454934,0.013402,0.283428,0.007992
FIVE,2022-06-08,0.329382,0.015213,0.112998,0.013205
FIVE,2023-06-01,0.475544,0.013453,0.197983,0.007768
FIVE,2023-11-29,0.428917,0.013109,0.196965,0.006971
FIVE,2019-08-28,0.464904,0.011739,0.218235,0.009346
FIVE,2023-03-15,0.370788,0.010458,0.194051,0.008049
FIVE,2022-03-30,0.269349,0.00413,0.156747,0.005758
FIVE,2018-03-21,0.502771,0.011833,0.219919,0.007221
FIVE,2024-08-28,0.155179,0.010865,0.19005,0.006518
FIVE,2022-11-30,0.496566,0.01096,0.156607,0.006688
FIVE,2019-12-04,0.299785,0.009041,0.171966,0.006399
FIVE,2022-08-31,0.155078,0.012799,0.170803,0.008517
FIVE,2020-06-09,0.192975,0.009629,0.180993,0.008184
ILMN,2019-07-29,0.12091,0.012113,0.125052,0.008275
ILMN,2021-02-11,0.23277,0.009165,0.182957,0.006822
ILMN,2020-10-29,0.417124,0.008143,0.186536,0.007604
ILMN,2018-10-23,0.527452,0.009694,0.168339,0.008198
ILMN,2018-07-30,0.513883,0.006736,0.165079,0.008923
ILMN,2019-04-25,0.298153,0.008836,0.120053,0.007496
ILMN,2020-04-30,-0.193267,0.007432,0.034885,0.00608
ILMN,2020-01-29,0.146323,0.012926,0.044042,0.005432
ILMN,2019-01-29,0.212779,0.009575,0.115224,0.005716
ILMN,2019-10-24,0.153412,0.009682,0.093031,0.00716
ILMN,2020-08-06,0.103813,0.007837,-0.013629,0.006385
ILMN,2021-08-05,0.51242,0.007968,0.091649,0.009344
ILMN,2021-11-04,0.32446,0.009792,0.136563,0.007837
ILMN,2021-04-27,0.281451,0.010237,0.157929,0.006467
ILMN,2018-04-24,0.442545,0.006064,0.173676,0.009155
DGII,2021-05-05,0.268358,0.009587,0.0568,0.00737
DGII,2019-05-02,0.246008,0.010681,0.288568,0.010413
DGII,2021-11-10,0.390779,0.007988,0.325183,0.008255
DGII,2020-11-12,0.42219,0.004177,0.320663,0.010862
DGII,2019-01-31,0.339177,0.005046,0.235046,0.006711
DGII,2018-11-15,0.38735,0.006209,0.261991,0.010373
DGII,2020-01-30,0.380598,0.009632,0.149531,0.009187
DGII,2020-08-06,0.273995,0.00838,0.118301,0.005924
DGII,2020-05-08,0.088885,0.00939,0.127496,0.009071
DGII,2019-08-08,0.322268,0.009096,0.208723,0.007496
DGII,2021-02-03,0.436422,0.009083,0.37878,0.009355
DGII,2019-11-14,0.200664,0.009913,0.176138,0.01478
DGII,2021-08-04,0.495176,0.008776,0.183452,0.00998
LUV,2021-07-22,0.412388,0.005354,0.072703,0.007121
LUV,2018-10-25,0.425005,0.004009,0.067128,0.007789
LUV,2024-04-25,0.247333,0.00481,0.08664,0.005091
LUV,2019-07-25,0.290997,0.004749,0.067732,0.007731
LUV,2020-01-23,0.286597,0.005817,0.129535,0.008564
LUV,2020-10-22,0.12915,0.009865,0.102461,0.005913
LUV,2023-10-26,0.437012,0.005997,0.176869,0.005449
LUV,2021-04-22,0.254195,0.00742,0.080208,0.007175
LUV,2024-07-25,0.382802,0.005765,0.115714,0.005846
LUV,2019-04-25,0.330181,0.006619,0.087464,0.007889
LUV,2021-10-21,-0.027586,0.006768,0.036166,0.006035
LUV,2023-01-26,0.230732,0.00752,0.084764,0.006422
LUV,2019-10-24,0.195584,0.006834,0.128878,0.00818
LUV,2020-07-23,0.002585,0.008978,0.082474,0.00861
LUV,2019-01-24,0.362363,0.004858,0.141065,0.007213
LUV,2022-07-28,0.355089,0.006152,0.138232,0.007123
LUV,2020-04-28,0.018394,0.007336,0.064628,0.008743
LUV,2023-04-27,0.288492,0.009372,0.157641,0.005038
LUV,2022-10-27,0.474457,0.006453,0.132296,0.006972
LUV,2022-01-27,0.199746,0.009095,0.122685,0.007748
LUV,2023-07-27,0.437836,0.006155,0.155246,0.007587
LUV,2021-01-28,0.139811,0.005471,0.194715,0.00592
LUV,2024-01-25,0.528783,0.004436,0.183879,0.008468
LUV,2022-04-28,0.231088,0.007546,0.160096,0.006959
PNW,2018-11-08,0.38906,0.009415,0.138045,0.011074
PNW,2021-05-05,0.257986,0.011589,0.109418,0.009692
PNW,2019-11-07,0.216931,0.011489,0.059233,0.010904
PNW,2018-08-03,0.239018,0.01071,0.022353,0.012456
PNW,2020-08-06,0.33274,0.010981,0.112963,0.008951
PNW,2020-05-08,0.194535,0.013958,0.130634,0.010327
PNW,2020-10-30,0.33308,0.007072,0.197527,0.01245
PNW,2019-02-22,0.274925,0.008424,0.107241,0.010274
PNW,2021-02-24,0.426842,0.007276,0.133235,0.009852
PNW,2020-02-21,0.347884,0.008567,0.128617,0.010438
PNW,2019-08-08,0.190447,0.008891,0.126231,0.008934
PNW,2021-08-05,0.246072,0.008214,0.149387,0.008947
PNW,2019-05-01,0.333979,0.010279,0.093863,0.0142
PNW,2021-11-05,0.357811,0.008162,0.15677,0.01632
DUO,2021-03-26,0.282206,0.001799,0.139869,0.018158
DUO,2020-08-13,0.220808,0.002743,0.331254,0.005063
DUO,2021-05-14,0.238093,0.001082,0.20528,0.006659
DUO,2020-11-20,0.215693,0.001828,0.23273,0.006309
DUO,2021-08-13,0.291119,0.002857,-0.119215,0.019139
RL,2020-02-04,0.51038,0.00291,0.351082,0.006628
RL,2019-05-14,0.571993,0.003747,0.271457,0.0086
RL,2020-10-29,0.356134,0.0056,0.340038,0.007903
RL,2019-11-07,0.376211,0.003799,0.278264,0.003945
RL,2020-08-04,0.026294,0.00735,0.157475,0.004898
RL,2020-05-27,0.226726,0.004902,0.247433,0.007295
RL,2021-08-03,0.506774,0.007226,0.384254,0.006265
RL,2021-05-20,0.432814,0.006281,0.324245,0.004789
RL,2021-11-02,0.699161,0.005821,0.319395,0.006311
RL,2021-02-04,0.401051,0.004502,0.325857,0.0077
RL,2019-07-30,0.568861,0.006134,0.400626,0.006547
RL,2019-02-05,0.496749,0.004816,0.388568,0.005901
RL,2018-11-06,0.466916,0.004173,0.296388,0.007763
BASE,2022-03-09,0.398387,0.008349,0.326272,0.00784
BASE,2021-12-07,0.405691,0.007767,0.308075,0.00588
BASE,2022-06-08,0.511807,0.008926,0.348333,0.007059
BASE,2022-09-07,0.477535,0.007863,0.268643,0.007812
ATSG,2021-08-06,0.279347,0.00874,0.269275,0.009817
ATSG,2020-05-06,0.349045,0.005963,0.151515,0.008761
ATSG,2020-03-03,0.336199,0.007703,0.124872,0.011066
ATSG,2019-11-07,0.500028,0.006229,0.144384,0.011946
ATSG,2021-02-26,0.174497,0.010101,0.086682,0.010517
ATSG,2019-08-06,0.436934,0.008255,0.175342,0.010229
ATSG,2019-05-08,0.391596,0.005796,0.234189,0.016532
ATSG,2020-10-30,0.251674,0.008123,0.250971,0.010349
ATSG,2020-08-07,0.13602,0.007383,0.218509,0.010496
ATSG,2021-11-05,0.354118,0.010438,0.21673,0.010084
ATSG,2019-02-28,0.306369,0.007645,0.141145,0.00812
ATSG,2021-05-06,0.14009,0.008925,0.249979,0.009999
GIS,2021-12-21,0.064302,0.018779,0.208908,0.007167
GIS,2023-09-20,0.093478,0.014218,0.254316,0.009909
GIS,2020-09-23,0.090877,0.016807,0.247496,0.006435
GIS,2022-03-23,0.044777,0.017699,0.214026,0.007904
GIS,2024-03-20,0.063816,0.013043,0.232257,0.006338
GIS,2018-12-19,0.423161,0.001746,0.203537,0.00647
GIS,2023-06-28,0.059351,0.013825,0.234545,0.007112
GIS,2020-07-01,0.454004,0.004934,0.177115,0.008337
GIS,2019-03-20,0.500544,0.001855,0.299385,0.006686
GIS,2020-03-18,-0.118789,0.003927,0.156225,0.008804
GIS,2018-06-27,0.386667,0.002709,0.186734,0.005411
GIS,2023-12-20,0.042132,0.014634,0.238494,0.005991
GIS,2021-09-22,0.021983,0.018349,0.190649,0.008438
GIS,2017-12-20,0.39386,0.002586,0.302899,0.005571
GIS,2022-09-21,0.058837,0.015464,0.165798,0.011806
GIS,2024-06-26,0.057911,0.014354,0.205963,0.005114
GIS,2021-03-24,0.130382,0.013468,0.197335,0.006497
GIS,2022-06-29,0.058519,0.010204,0.164782,0.010633
GIS,2021-06-30,0.064843,0.020202,0.212778,0.011257
GIS,2019-12-18,0.519335,0.001536,0.222979,0.007159
GIS,2020-12-17,0.076134,0.018519,0.213416,0.008959
GIS,2018-03-21,0.273009,0.002792,0.240973,0.005831
GIS,2022-12-20,0.518945,0.003415,0.199569,0.008403
GIS,2019-09-18,0.306009,0.001218,0.256714,0.005969
GIS,2019-06-26,0.334019,0.003622,0.197962,0.007873
CDXC,2020-11-04,0.297698,0.008278,0.198679,0.00649
CDXC,2021-03-10,0.404223,0.006906,0.197384,0.006439
CDXC,2019-05-09,0.261122,0.006767,0.138575,0.012303
CDXC,2019-08-07,0.365553,0.00564,0.168045,0.008098
CDXC,2020-05-11,0.158739,0.007153,0.171399,0.008606
CDXC,2021-11-03,0.279052,0.009141,0.099775,0.00722
CDXC,2021-08-03,0.194791,0.009278,0.153482,0.007412
CDXC,2020-08-06,0.383651,0.008328,0.200935,0.008699
CDXC,2019-11-12,0.352151,0.008078,0.139667,0.007583
CDXC,2021-05-06,0.279717,0.006995,0.137311,0.006383
CDXC,2020-03-10,0.331216,0.009183,0.106702,0.010417
FISI,2020-05-01,0.214231,0.007824,0.031531,0.01422
FISI,2020-07-30,0.065079,0.010565,0.178948,0.014599
FISI,2019-02-01,0.074382,0.009212,0.148905,0.011467
FISI,2019-10-30,0.216365,0.006509,0.154283,0.009059
FISI,2019-04-30,0.144259,0.007568,0.124558,0.008715
FISI,2020-10-30,0.112947,0.006476,0.170346,0.010139
FISI,2020-01-31,0.254753,0.009771,0.193647,0.006497
FISI,2019-07-30,0.137207,0.004178,0.080343,0.00528
ALKT,2022-02-23,0.584978,0.010504,0.257676,0.006579
ALKT,2022-08-03,0.512407,0.007235,0.262146,0.005295
ALKT,2021-11-04,0.402212,0.008212,0.170606,0.00557
ALKT,2021-08-04,0.474975,0.00848,0.221078,0.008987
ALKT,2022-05-05,0.497805,0.006563,0.403206,0.00274
ECL,2021-10-26,0.583677,0.008929,0.212002,0.006567
ECL,2022-04-26,0.528007,0.010731,0.184671,0.009262
ECL,2021-02-16,0.46238,0.0125,0.274155,0.005817
ECL,2022-02-15,0.458653,0.008197,0.244412,0.008559
ECL,2020-02-18,0.485309,0.007171,0.150281,0.006037
ECL,2022-07-26,0.454576,0.009167,0.253286,0.007941
ECL,2019-04-30,0.515803,0.00796,0.135211,0.007573
ECL,2019-02-19,0.482342,0.008475,0.262214,0.008308
ECL,2020-10-27,0.392238,0.009146,0.153418,0.007949
ECL,2021-07-27,0.588496,0.008554,0.264852,0.006449
ECL,2020-04-28,0.337044,0.011643,0.120995,0.010619
ECL,2019-10-29,0.56073,0.007346,0.176171,0.006842
ECL,2019-07-30,0.534509,0.007001,0.224422,0.006804
ECL,2020-07-28,0.215618,0.012953,0.100821,0.005778
ECL,2021-04-27,0.372969,0.009114,0.297907,0.007265
ECL,2018-10-30,0.473954,0.008806,0.174498,0.010003
CONN,2020-12-08,0.196743,0.007879,0.150078,0.008708
CONN,2019-03-26,0.455814,0.008028,0.225251,0.00805
CONN,2020-09-03,-0.0832,0.011339,0.121828,0.009836
CONN,2019-12-10,0.249464,0.010212,0.151833,0.007387
CONN,2022-06-01,0.250241,0.008955,-0.026427,0.007747
CONN,2021-12-07,0.530638,0.011084,0.289765,0.011995
CONN,2018-12-04,0.539242,0.007215,0.267795,0.007338
CONN,2022-03-29,0.509093,0.008922,0.12324,0.005646
CONN,2021-09-01,0.487868,0.00961,0.296315,0.009965
CONN,2021-03-31,0.32899,0.00992,0.230923,0.008049
CONN,2019-05-31,0.341035,0.007966,0.185943,0.010691
CONN,2022-08-30,0.087157,0.008026,0.145216,0.006715
CONN,2018-04-05,0.282624,0.009993,0.149657,0.00803
CONN,2020-04-14,-0.013386,0.010139,0.101404,0.009326
CONN,2019-09-03,0.450717,0.007032,0.266399,0.011332
CONN,2020-06-09,0.104534,0.00978,0.125875,0.011069
ZBH,2020-02-04,0.552991,0.006608,0.250343,0.007416
ZBH,2021-05-04,0.431293,0.006405,0.145782,0.011091
ZBH,2019-02-01,0.215084,0.005272,0.123003,0.007917
ZBH,2018-07-26,0.430043,0.008616,0.150445,0.007042
ZBH,2020-05-11,0.053332,0.007767,0.147281,0.01209
ZBH,2019-11-05,0.526681,0.005343,0.206904,0.005823
ZBH,2021-02-05,0.342914,0.007062,0.232999,0.008594
ZBH,2019-04-26,0.376887,0.005464,0.18339,0.006698
ZBH,2021-08-03,0.396295,0.007395,0.209926,0.012539
ZBH,2019-07-26,0.399164,0.003692,0.243428,0.005482
ZBH,2021-11-04,0.035838,0.009131,0.085111,0.01204
ZBH,2018-10-26,0.136417,0.008475,0.130971,0.007392
EOG,2019-02-27,0.589608,0.005059,0.287812,0.008754
EOG,2022-05-06,0.606358,0.004633,0.264623,0.007481
EOG,2022-11-04,0.628498,0.006039,0.171206,0.010709
EOG,2018-01-28,0.455642,0.003696,0.226853,0.004268
EOG,2019-05-03,0.592915,0.002754,0.244394,0.009248
EOG,2020-02-28,0.48109,0.005435,0.107819,0.007716
EOG,2022-08-05,0.555145,0.005343,0.172114,0.008291
EOG,2018-11-02,0.441621,0.005165,0.17701,0.008745
EOG,2019-11-07,0.449619,0.006806,0.201387,0.008083
EOG,2023-05-05,0.581977,0.005121,0.24566,0.006307
EOG,2018-08-03,0.487429,0.005457,0.143327,0.008035
EOG,2021-02-26,0.431664,0.006507,0.176109,0.004809
EOG,2024-05-03,0.553071,0.003623,0.296173,0.008061
EOG,2022-02-25,0.583924,0.003372,0.227742,0.006088
EOG,2020-11-06,0.573161,0.006836,0.21936,0.013072
EOG,2024-08-02,0.542579,0.003602,0.16476,0.007514
EOG,2020-05-08,0.184164,0.007557,0.133955,0.010881
EOG,2020-08-07,0.323884,0.007346,0.256523,0.008362
EOG,2023-08-04,0.456238,0.004412,0.204863,0.007165
EOG,2023-11-03,0.476194,0.004693,0.322132,0.007428
EOG,2021-08-05,0.527839,0.005171,0.280013,0.00892
EOG,2018-05-04,0.508684,0.005339,0.198924,0.006323
EOG,2021-05-07,0.444562,0.003845,0.177739,0.007747
EOG,2021-11-05,0.503196,0.004216,0.241231,0.007099
EOG,2023-02-24,0.596238,0.004399,0.218823,0.010357
EOG,2024-02-23,0.615546,0.004798,0.23603,0.007257
EOG,2019-08-02,0.44097,0.004631,0.244396,0.008737
KIM,2018-10-25,0.461545,0.008899,0.12999,0.008692
KIM,2019-05-02,0.324923,0.005594,0.193612,0.008635
KIM,2021-04-29,0.450631,0.006754,0.184039,0.009819
KIM,2019-07-25,0.467579,0.00647,0.154165,0.00654
KIM,2021-02-11,0.301258,0.009078,0.140037,0.009517
KIM,2019-01-31,0.293971,0.006422,0.096293,0.007918
KIM,2020-11-05,0.306158,0.005437,0.089762,0.010261
KIM,2021-07-29,0.559428,0.009683,0.117426,0.010793
KIM,2019-10-24,0.389587,0.006167,0.189174,0.010421
KIM,2020-01-30,0.326763,0.006195,0.073684,0.009603
KIM,2020-05-09,0.201358,0.0084,0.153421,0.009495
KIM,2020-08-07,0.364097,0.008558,0.162758,0.009322
KIM,2021-11-05,0.461264,0.006659,0.188493,0.008995
CLX,2019-08-01,0.358783,0.006969,0.276852,0.009618
CLX,2020-02-04,0.296731,0.007418,0.177926,0.008449
CLX,2020-11-02,0.66614,0.005449,0.33612,0.004374
CLX,2020-05-01,0.500315,0.007131,0.280872,0.00821
CLX,2020-08-03,0.464361,0.005822,0.318021,0.008673
CLX,2021-11-01,0.277518,0.016627,0.193684,0.008043
CLX,2019-10-31,0.052858,0.007356,0.096904,0.006312
CLX,2021-08-03,0.206625,0.006378,0.217726,0.006001
CLX,2021-02-04,0.50409,0.005752,0.275767,0.007918
CLX,2018-10-31,0.435869,0.007096,0.209363,0.007926
CLX,2021-04-30,0.330581,0.006285,0.167931,0.007349
CLX,2019-05-01,0.419865,0.007967,0.196132,0.006405
CLX,2019-02-04,0.459631,0.005682,0.278221,0.008632
MCO,2020-07-31,0.270731,0.013741,0.148447,0.013975
MCO,2018-04-27,0.329151,0.010743,0.177853,0.009555
MCO,2020-02-12,0.516834,0.009105,0.12747,0.010013
MCO,2021-04-28,0.417967,0.015308,0.150465,0.012726
MCO,2017-02-09,0.293182,0.009437,0.187359,0.009724
MCO,2021-07-28,0.373972,0.013791,0.168449,0.010675
MCO,2020-10-29,0.427187,0.013225,0.206647,0.013023
MCO,2019-04-24,0.316286,0.00964,0.161496,0.008947
MCO,2018-07-27,0.444301,0.011284,0.165761,0.007578
MCO,2019-10-30,0.392316,0.011251,0.17116,0.010572
MCO,2020-04-30,0.214543,0.011965,0.06845,0.011571
MCO,2019-02-15,0.374259,0.011042,0.099733,0.009669
MCO,2021-02-12,0.388321,0.013097,0.224632,0.013429
MCO,2021-10-28,0.621643,0.014954,0.2129,0.011535
MCO,2019-07-31,0.292541,0.015398,0.142316,0.012221
MCO,2018-10-26,0.113817,0.010934,0.193647,0.010951
WRK,2019-08-01,0.344973,0.007761,0.236648,0.007496
WRK,2021-05-05,0.364045,0.009831,0.2515,0.006722
WRK,2022-08-04,0.634439,0.008932,0.172695,0.010236
WRK,2018-11-05,0.468933,0.007182,0.125186,0.011502
WRK,2022-02-03,0.276465,0.006764,0.273601,0.007546
WRK,2019-11-07,0.403676,0.006862,0.225061,0.007886
WRK,2020-08-04,0.254672,0.007699,0.1067,0.009369
WRK,2019-01-31,0.326968,0.008197,0.113292,0.007938
WRK,2020-11-05,0.339107,0.004838,0.177926,0.008384
WRK,2019-04-30,0.39366,0.005956,0.199127,0.008031
WRK,2020-01-30,0.238914,0.004287,0.197095,0.008816
WRK,2020-05-05,0.218863,0.007763,0.016907,0.011029
WRK,2021-08-05,0.613044,0.004389,0.314992,0.005437
WRK,2021-11-09,0.471948,0.007989,0.276491,0.006944
WRK,2021-01-28,0.359065,0.00652,0.230568,0.009532
WRK,2022-05-05,0.432378,0.008785,0.176664,0.008657
ALKS,2022-04-27,0.399834,0.009886,0.247458,0.008598
ALKS,2020-02-13,0.401061,0.008475,0.167324,0.010227
ALKS,2021-04-29,0.339295,0.009339,0.160337,0.011516
ALKS,2019-07-25,0.319104,0.009135,0.211038,0.00886
ALKS,2018-04-26,0.353539,0.00897,0.166242,0.007876
ALKS,2021-10-27,0.447857,0.015248,0.240669,0.011058
ALKS,2021-07-28,0.570522,0.012104,0.157971,0.009393
ALKS,2021-02-11,0.416129,0.011482,0.139716,0.011065
ALKS,2022-07-27,0.461416,0.012627,0.210843,0.007847
ALKS,2018-10-23,0.359437,0.009146,0.124065,0.009773
ALKS,2019-04-25,0.235915,0.010699,0.085787,0.005
ALKS,2020-04-29,0.258952,0.008874,0.141073,0.008571
ALKS,2020-10-30,0.355021,0.010343,0.210932,0.009155
ALKS,2019-02-14,0.500187,0.009007,0.131479,0.007703
ALKS,2022-02-16,0.439386,0.012542,0.232515,0.010698
ALKS,2020-07-29,0.203339,0.010785,0.175034,0.013595
ALKS,2019-10-23,0.345096,0.009773,0.156404,0.006814
AFMD,2021-11-10,0.191936,0.007203,0.182405,0.00784
AFMD,2019-03-27,0.339863,0.01021,0.141343,0.010011
AFMD,2019-05-22,0.398773,0.011832,0.133199,0.014954
AFMD,2019-08-07,0.367796,0.00943,0.125816,0.005161
AFMD,2020-11-10,0.394984,0.006835,0.155019,0.009495
AFMD,2020-08-11,0.317647,0.006654,0.126644,0.0147
AFMD,2020-06-23,0.307453,0.006737,0.07576,0.012097
AFMD,2020-04-28,0.217214,0.010697,0.049611,0.010304
AFMD,2021-09-08,0.31283,0.007539,0.145728,0.015656
COP,2018-10-25,0.459868,0.008397,0.130233,0.008754
COP,2020-02-04,0.272428,0.010804,0.095458,0.01068
COP,2022-08-04,0.183018,0.007774,0.205825,0.013119
COP,2021-05-04,0.410152,0.005725,0.142161,0.008446
COP,2022-02-03,0.490724,0.008625,0.254248,0.008908
COP,2020-07-30,0.220686,0.015017,0.076066,0.011693
COP,2020-10-29,0.333898,0.007528,0.12347,0.01075
COP,2024-05-02,0.365361,0.00625,0.256385,0.004637
COP,2019-01-31,0.390996,0.008043,0.143798,0.00942
COP,2023-05-04,0.479418,0.002613,0.206869,0.008197
COP,2022-11-03,0.317745,0.008969,0.210098,0.01212
COP,2024-08-01,0.268786,0.007004,0.194693,0.007096
COP,2020-04-30,0.137033,0.012092,-0.027005,0.011914
COP,2024-02-08,0.301632,0.005047,0.232616,0.006478
COP,2021-08-03,0.400624,0.010438,0.195798,0.009617
COP,2023-02-02,0.300685,0.004046,0.168528,0.007855
COP,2021-11-02,0.318368,0.010617,0.198779,0.010794
COP,2019-10-29,0.391874,0.002665,0.034571,0.007631
COP,2019-07-30,0.321957,0.004614,0.125859,0.009714
COP,2023-08-03,0.358878,0.002335,0.207485,0.007033
COP,2021-02-02,0.427588,0.008479,0.172926,0.009566
COP,2022-05-05,0.545456,0.010471,0.148952,0.008992
COP,2023-11-02,0.49434,0.006854,0.254416,0.007987
ORLY,2021-04-29,0.491412,0.007252,0.17861,0.010601
ORLY,2020-07-30,0.374435,0.009498,0.168827,0.0117
ORLY,2021-02-11,0.332262,0.008457,0.116827,0.005738
ORLY,2020-10-29,0.283209,0.007039,0.044362,0.007163
ORLY,2021-07-29,0.446456,0.007315,0.181485,0.012525
ORLY,2020-04-23,0.117072,0.003757,0.025935,0.007689
ORLY,2021-10-28,0.477556,0.007121,0.159366,0.009353
JPM,2020-01-14,0.434741,0.001316,0.097773,0.008715
JPM,2018-01-12,0.278059,0.004438,0.118244,0.011084
JPM,2024-04-12,0.182681,0.005189,0.069513,0.01093
JPM,2018-10-12,0.110971,0.002,0.094794,0.009439
JPM,2019-04-12,0.204079,0.005261,0.100881,0.009769
JPM,2021-04-14,0.259421,0.007484,0.09794,0.010691
JPM,2020-10-13,0.014482,0.007428,0.09656,0.011738
JPM,2023-07-14,0.053207,0.004854,0.011635,0.01137
JPM,2022-01-14,0.380207,0.010325,0.074606,0.010455
JPM,2022-10-14,0.009824,0.006849,-0.035948,0.017657
JPM,2017-10-12,0.312406,0.003217,0.141915,0.011022
JPM,2021-07-13,0.241712,0.004266,0.076827,0.010197
JPM,2024-07-12,0.484907,0.00559,0.124007,0.010651
JPM,2021-01-15,0.201575,0.008276,0.059206,0.007351
JPM,2019-07-16,0.388334,0.003425,0.116535,0.007119
JPM,2018-07-13,0.470025,0.002015,0.118231,0.008179
JPM,2023-01-13,0.245427,0.007404,0.026469,0.013354
JPM,2023-10-13,0.158082,0.006576,0.063317,0.012932
JPM,2020-07-14,0.008484,0.011114,-0.064911,0.011827
JPM,2022-04-13,-0.179495,0.008796,0.084095,0.013201
JPM,2024-01-12,0.426875,0.003132,0.162752,0.013565
JPM,2019-01-15,0.082784,0.004046,0.063851,0.008367
JPM,2018-04-13,0.235424,0.00625,0.133126,0.009233
JPM,2019-10-15,0.18762,0.002643,0.04745,0.005899
JPM,2020-04-14,0.071229,0.007035,-0.001201,0.012724
JPM,2021-10-13,0.275116,0.005607,0.081927,0.008577
JPM,2022-07-14,-0.038871,0.007451,0.062687,0.012104
CAKE,2021-02-17,0.250159,0.017083,0.145341,0.012915
CAKE,2021-04-28,0.283036,0.017048,0.200069,0.010976
CAKE,2020-10-29,0.160657,0.014318,0.191227,0.012405
CAKE,2020-02-19,0.303286,0.011705,0.171615,0.010211
CAKE,2019-02-20,0.273786,0.013295,0.110254,0.011851
CAKE,2021-11-03,0.28076,0.017471,0.17162,0.011522
CAKE,2021-07-27,0.271975,0.016589,0.174241,0.009137
CAKE,2020-05-05,0.346853,0.01877,0.145303,0.016005
CAKE,2019-10-29,0.437337,0.003995,0.093531,0.011645
CAKE,2019-05-01,0.253574,0.013468,0.181689,0.009421
CAKE,2020-07-29,0.26073,0.009954,0.152174,0.011289
CAKE,2018-02-21,0.348739,0.011859,0.151135,0.010427
CAKE,2018-10-30,0.409713,0.01217,0.080451,0.009948
ROST,2019-11-21,0.39128,0.013286,0.201648,0.008253
ROST,2019-05-23,0.192063,0.012248,0.132389,0.010882
ROST,2020-05-21,-0.1643,0.014531,0.080736,0.013511
ROST,2020-11-19,-0.211934,0.013271,0.141578,0.007574
ROST,2020-03-03,0.285798,0.015428,0.080522,0.009924
ROST,2021-08-19,0.34316,0.017241,0.151075,0.011432
ROST,2018-11-20,0.301841,0.012087,0.095998,0.008571
ROST,2021-11-18,0.129361,0.014456,0.126912,0.0114
ROST,2021-05-20,0.239007,0.014804,0.173419,0.006681
ROST,2018-05-24,0.221092,0.01158,0.063765,0.007897
ROST,2020-08-20,-0.413716,0.01425,0.049839,0.010889
ROST,2021-03-02,-0.07683,0.012847,0.116216,0.007551
ROST,2017-11-16,0.527044,0.009188,0.166062,0.004264
ROST,2019-08-22,0.310211,0.01426,0.179873,0.008805
ROST,2019-03-05,0.200477,0.010067,0.141706,0.007529
K,2019-08-01,0.361648,0.003466,0.227798,0.005072
K,2019-02-07,0.446237,0.004464,0.157262,0.008162
K,2019-05-02,0.332315,0.00462,0.159898,0.006489
K,2020-07-30,0.227352,0.015945,0.196766,0.009429
K,2021-02-11,0.555777,0.006089,0.216312,0.010029
K,2020-10-29,0.553888,0.005616,0.215723,0.007749
K,2020-04-30,0.336056,0.008432,0.100513,0.00781
K,2019-10-29,0.475906,0.003615,0.206036,0.007741
K,2018-10-31,0.391062,0.005305,0.192565,0.004871
K,2021-08-05,0.570334,0.004904,0.117423,0.008641
K,2020-02-06,0.50866,0.003566,0.360815,0.003415
K,2021-11-04,0.295794,0.005222,0.196031,0.007138
K,2021-05-06,0.608088,0.00432,0.210212,0.008263
DVN,2021-02-17,0.479661,0.009029,0.181652,0.011003
DVN,2021-05-05,0.518269,0.007784,0.185248,0.010134
DVN,2024-08-07,0.634213,0.006608,0.268401,0.007171
DVN,2020-05-06,0.301019,0.014377,0.155131,0.011432
DVN,2022-08-02,0.585039,0.004946,0.227038,0.00964
DVN,2024-05-02,0.598642,0.005451,0.246625,0.007047
DVN,2023-05-09,0.678548,0.006369,0.24307,0.010451
DVN,2019-08-07,0.523551,0.007586,0.259877,0.009349
DVN,2022-11-02,0.616909,0.005194,0.200623,0.011756
DVN,2020-02-19,0.566131,0.007962,0.123958,0.009673
DVN,2019-02-20,0.653234,0.006847,0.182615,0.008439
DVN,2020-08-05,0.32496,0.009747,0.152047,0.012642
DVN,2019-11-06,0.531423,0.006561,0.223496,0.009522
DVN,2021-11-03,0.646916,0.007967,0.231051,0.012121
DVN,2024-02-28,0.57711,0.006422,0.204779,0.005848
DVN,2023-02-15,0.474079,0.005349,0.196654,0.008173
DVN,2020-10-30,0.545191,0.008963,0.195241,0.010148
DVN,2022-05-03,0.565971,0.006319,0.167446,0.009806
DVN,2023-11-08,0.601802,0.008544,0.256958,0.009054
DVN,2022-02-16,0.644294,0.006651,0.23848,0.012403
DVN,2019-05-01,0.533781,0.003579,0.196013,0.010838
DVN,2018-11-07,0.50024,0.00698,0.262776,0.008661
DVN,2023-08-02,0.638886,0.006434,0.220057,0.005632
DVN,2021-08-04,0.673742,0.006657,0.226831,0.011136
RVTY,2019-07-29,0.540691,0.005578,0.229339,0.007354
RVTY,2021-05-04,0.522955,0.009752,0.314074,0.009324
RVTY,2021-07-28,0.506307,0.008925,0.185027,0.012134
RVTY,2019-01-31,0.62464,0.007418,0.264724,0.010858
RVTY,2019-10-30,0.611438,0.006335,0.226077,0.009568
RVTY,2019-04-25,0.465795,0.00607,0.187422,0.011203
RVTY,2020-10-28,0.322929,0.009543,0.186361,0.01161
RVTY,2020-01-27,0.546433,0.007412,0.193569,0.011431
RVTY,2020-05-05,0.092694,0.006741,0.027596,0.013085
RVTY,2018-10-31,0.482117,0.010349,0.147719,0.009687
RVTY,2021-02-02,0.41685,0.010166,0.17547,0.015873
RVTY,2020-07-28,0.322952,0.008183,0.181609,0.010598
BLFY,2022-04-27,0.11082,0.007545,0.178952,0.004164
BLFY,2022-07-27,0.294772,0.004085,0.193767,0.011276
BLFY,2021-10-22,0.246149,0.012133,0.113085,0.007449
BLFY,2022-01-26,0.089158,0.010084,0.164535,0.010995
PNC,2019-10-16,0.434036,0.006053,0.10218,0.009553
PNC,2021-07-14,0.374697,0.002921,0.17646,0.009098
PNC,2020-10-14,-0.03838,0.007045,0.064436,0.011015
PNC,2019-01-16,0.046235,0.004867,0.098084,0.009924
PNC,2018-10-12,0.32898,0.004265,0.083811,0.009156
PNC,2020-01-15,0.314477,0.008879,0.120305,0.006464
PNC,2017-01-12,0.301283,0.005961,0.117203,0.010836
PNC,2019-04-12,0.284238,0.006061,0.110536,0.008988
PNC,2022-01-18,0.112573,0.006313,0.126734,0.008524
PNC,2020-07-15,-0.10395,0.011411,0.10333,0.010951
PNC,2021-04-16,-0.029166,0.008155,0.091839,0.008851
PNC,2021-01-15,-0.094389,0.005884,0.080999,0.010857
PNC,2022-04-14,0.013692,0.00659,0.062367,0.010382
PNC,2019-07-17,0.441726,0.004719,0.083568,0.008294
PNC,2021-10-15,0.206665,0.007105,0.107844,0.010201
PNC,2022-07-15,0.450221,0.004833,0.081123,0.009683
PNC,2020-04-15,0.111071,0.007559,0.015294,0.007687
PNC,2018-04-13,-0.062249,0.005236,0.125855,0.010802
WRB,2021-07-22,0.265475,0.01177,0.144871,0.010734
WRB,2020-04-21,0.061373,0.008187,0.070257,0.011262
WRB,2019-04-23,0.22227,0.011806,0.143509,0.013211
WRB,2020-01-28,0.217854,0.010162,0.16779,0.010805
WRB,2020-07-21,0.031296,0.012812,0.091695,0.010611
WRB,2019-07-23,0.420632,0.012334,0.13462,0.013091
WRB,2021-10-21,0.261791,0.00986,0.086055,0.01506
WRB,2019-01-29,0.318488,0.0115,0.224849,0.013535
WRB,2019-10-22,0.167056,0.012992,0.137078,0.006055
WRB,2020-10-20,0.322859,0.012958,0.107115,0.015258
DCFC,2022-09-22,0.561167,0.004264,0.165853,0.007512
AOS,2021-04-29,0.334338,0.012031,0.167455,0.009702
AOS,2020-07-30,-0.273683,0.010794,0.114983,0.00907
AOS,2020-10-29,-0.018165,0.012536,0.160905,0.008297
AOS,2020-01-28,-0.061295,0.011455,0.077699,0.00695
AOS,2021-07-29,0.472768,0.012007,0.173686,0.00858
AOS,2019-01-29,0.18734,0.015748,0.071577,0.00853
AOS,2019-04-30,-0.074498,0.010818,0.131055,0.011413
AOS,2020-05-05,-0.183671,0.008532,0.051507,0.010508
AOS,2019-10-29,-0.218069,0.016788,0.034415,0.010324
AOS,2019-07-30,-0.276613,0.017213,0.085653,0.013431
AOS,2021-10-28,0.634238,0.010225,0.232019,0.009204
AOS,2021-01-28,0.190689,0.012384,0.168137,0.010299
AOS,2018-10-30,-0.122396,0.020063,0.036054,0.008577
L,2019-02-11,-0.144753,0.005452,0.059024,0.005701
L,2018-11-05,0.069798,0.006914,0.042031,0.014901
L,2021-11-01,0.232555,0.006193,0.138781,0.004032
L,2021-05-03,0.135328,0.007603,0.076123,0.004808
L,2018-02-12,0.253306,0.008387,0.167309,0.006562
L,2019-10-28,0.09583,0.009368,0.001814,0.004073
L,2019-08-05,0.10459,0.007729,0.001904,0.010638
L,2021-02-08,0.047648,0.007732,0.090006,0.008179
L,2021-08-02,0.186953,0.010118,0.041774,0.011572
L,2020-02-10,0.190019,0.007034,0.015823,0.007417
FSBC,2021-10-26,0.368902,0.016858,0.150562,0.009505
FSBC,2022-04-26,0.174493,0.013399,0.164285,0.014769
FSBC,2022-07-26,0.067326,0.010578,0.179148,0.013337
FSBC,2022-02-01,0.084978,0.013605,0.195907,0.011676
AKTS,2021-02-01,0.515257,0.005617,0.201669,0.006987
AKTS,2020-11-02,0.539945,0.004936,0.328051,0.006368
AKTS,2021-08-30,0.491125,0.003982,0.28275,0.006935
AKTS,2022-09-12,0.49857,0.004521,0.17084,0.005381
AKTS,2021-11-01,0.522147,0.005016,0.226854,0.007064
AKTS,2021-05-03,0.494267,0.00561,0.267118,0.007395
AKTS,2020-02-03,0.491617,0.00511,0.263355,0.007091
AKTS,2020-05-04,0.499272,0.005167,0.278169,0.008501
AKTS,2022-05-02,0.445575,0.005156,0.241181,0.006886
AKTS,2022-01-31,0.445162,0.005554,0.282248,0.005262
CRON,2022-05-10,0.386756,0.0077,0.21964,0.008716
CRON,2022-02-18,0.308157,0.007278,0.282475,0.00278
CRON,2024-05-09,0.537967,0.0098,0.078289,0.007743
CRON,2022-08-09,0.447355,0.009651,0.160372,0.008202
CRON,2021-08-06,0.34999,0.006022,0.215563,0.008341
CRON,2023-05-09,0.146477,0.009376,0.173419,0.009641
CRON,2019-05-09,0.363637,0.009278,0.20186,0.008127
CRON,2021-02-26,0.391655,0.007949,0.21259,0.007914
CRON,2020-11-05,0.373304,0.005588,0.133776,0.00659
CRON,2020-08-06,0.160831,0.006166,0.094474,0.006616
CRON,2020-05-08,0.15855,0.008866,0.155318,0.009321
CRON,2023-08-08,0.389628,0.010473,0.12518,0.011765
CRON,2024-02-29,0.626985,0.009304,0.079839,0.010253
CRON,2019-08-08,0.468568,0.006953,0.230807,0.007506
CRON,2023-11-08,0.561031,0.009941,0.253252,0.007392
CRON,2019-11-12,0.324527,0.00793,0.176112,0.007059
CRON,2022-03-01,0.335499,0.007384,0.239039,0.01087
CRON,2024-08-08,0.387162,0.006491,0.171758,0.004202
CRON,2021-05-07,0.351076,0.008211,0.212978,0.004562
CRON,2023-02-28,0.250674,0.009618,0.183375,0.006455
CRON,2020-03-30,0.246577,0.007747,0.162101,0.011977
CRON,2022-11-07,0.45107,0.00821,0.219821,0.004938
AIRG,2021-08-10,0.016835,0.010597,0.237214,0.007159
AIRG,2021-11-09,0.205246,0.008555,0.21733,0.009424
TDY,2020-01-22,0.316865,0.003482,0.288898,0.012508
TDY,2021-01-27,-0.00172,0.007508,0.179396,0.008778
TDY,2019-07-24,0.275791,0.006627,0.306177,0.013906
TDY,2021-04-28,0.173777,0.012444,0.287195,0.011433
TDY,2018-10-24,0.226878,0.005621,0.087903,0.019892
TDY,2021-10-27,0.166229,0.008178,0.239894,0.009047
TDY,2021-07-28,0.138415,0.010856,0.162099,0.008699
TDY,2019-04-24,0.411038,0.006584,0.198623,0.011138
TDY,2020-07-22,-0.195219,0.009029,0.024722,0.014037
TDY,2019-01-23,0.160344,0.00403,0.112411,0.014104
TDY,2020-04-22,0.102159,0.012346,0.00654,0.011186
TDY,2019-10-23,0.480256,0.007242,0.28683,0.011168
APPN,2018-02-22,0.506563,0.005253,0.218815,0.008355
APPN,2022-08-04,0.198716,0.007977,0.199074,0.015978
APPN,2019-05-02,0.336295,0.00712,0.092385,0.010022
APPN,2024-05-02,0.172044,0.007131,0.105097,0.007129
APPN,2023-05-09,0.226964,0.008743,0.199504,0.00916
APPN,2019-02-21,0.308687,0.005405,0.203351,0.008426
APPN,2022-11-03,0.146348,0.011249,0.088943,0.011223
APPN,2024-08-01,0.272696,0.007465,0.122151,0.008529
APPN,2019-10-31,0.22717,0.005971,0.168339,0.008847
APPN,2023-02-16,0.195618,0.009338,0.177815,0.011156
APPN,2020-11-05,0.235101,0.005149,0.267723,0.009656
APPN,2020-05-07,0.141388,0.006072,0.221246,0.010844
APPN,2020-02-20,0.195364,0.005977,0.165995,0.008258
APPN,2020-08-06,0.265633,0.00598,0.25916,0.008552
APPN,2019-08-08,0.278288,0.006464,0.153839,0.008275
APPN,2018-11-01,0.301973,0.005537,0.196551,0.010052
APPN,2021-08-05,0.245216,0.007997,0.219316,0.006824
APPN,2023-08-03,0.185019,0.008724,0.225032,0.009119
APPN,2021-11-04,0.126997,0.004526,0.152428,0.00924
APPN,2021-05-06,0.234082,0.006022,0.307487,0.008722
APPN,2024-02-15,0.189674,0.005699,0.14838,0.00948
APPN,2021-02-18,0.261124,0.005249,0.242488,0.01005
APPN,2022-05-05,0.240421,0.007745,0.273004,0.009858
APPN,2023-11-02,0.160666,0.010858,0.172985,0.008801
APPN,2022-02-17,0.209015,0.00703,0.212666,0.007939
PDD,2019-08-21,0.433083,0.005132,0.321425,0.006398
PDD,2021-03-17,0.423115,0.001639,0.235082,0.005646
PDD,2021-11-26,0.398969,0.001821,0.151437,0.006334
PDD,2019-11-20,0.30649,0.004872,0.185094,0.004403
PDD,2020-11-12,0.427189,0.00547,0.215609,0.005263
PDD,2020-05-22,0.354275,0.0059,0.233809,0.005837
PDD,2020-03-11,0.457655,0.005884,0.179731,0.006028
PDD,2019-03-13,0.484159,0.005232,0.322342,0.004778
PDD,2021-08-24,0.468725,0.001914,0.226538,0.005319
PDD,2020-08-21,0.400267,0.004259,0.281577,0.008316
PDD,2019-05-20,0.459097,0.00279,0.21216,0.007122
PDD,2021-05-26,0.562331,0.002655,0.196079,0.006623
ALNY,2021-04-29,0.523672,0.004699,0.214946,0.009409
ALNY,2021-02-11,0.518018,0.006342,0.234951,0.005261
ALNY,2020-05-06,0.392642,0.007049,0.211908,0.008539
ALNY,2019-10-31,0.50331,0.008542,0.206116,0.010165
ALNY,2019-08-06,0.480166,0.007032,0.235244,0.010251
ALNY,2020-11-05,0.501077,0.004686,0.220784,0.00694
ALNY,2021-08-03,0.556064,0.006936,0.244968,0.009077
ALNY,2020-08-07,0.316005,0.005041,0.190965,0.005571
ALNY,2019-05-01,0.366107,0.008125,0.189155,0.008226
ALNY,2020-02-06,0.406001,0.007362,0.182413,0.007782
ALNY,2017-02-07,0.395871,0.009012,0.135871,0.00998
ALNY,2021-10-29,0.351614,0.005567,0.184654,0.006485
ALNY,2018-11-07,0.314404,0.008649,0.166117,0.007985
ANGI,2020-08-12,0.072286,0.015748,0.199615,0.006906
ANGI,2020-11-06,0.105321,0.021378,0.154071,0.008715
ANGI,2021-02-04,0.112888,0.01034,0.213644,0.007178
ANGI,2021-08-05,0.039116,0.017391,0.160677,0.006846
ANGI,2021-05-07,0.211139,0.013962,0.121335,0.008176
NSC,2021-01-27,0.294047,0.004187,0.152048,0.006506
NSC,2019-07-24,0.410387,0.0047,0.174557,0.007731
NSC,2021-04-28,0.40389,0.006109,0.255706,0.009718
NSC,2018-10-24,0.502325,0.004553,0.243045,0.008245
NSC,2021-07-28,0.503921,0.004786,0.202265,0.006442
NSC,2022-07-27,0.34834,0.004584,0.204624,0.009023
NSC,2019-04-24,0.442217,0.00519,0.186268,0.008135
NSC,2020-01-29,0.252353,0.00626,0.064967,0.007109
NSC,2020-10-28,0.235752,0.00463,0.242916,0.008936
NSC,2020-04-29,0.116321,0.006334,0.116354,0.01001
NSC,2019-01-24,0.508684,0.005928,0.237319,0.007385
NSC,2020-07-29,0.113914,0.008983,0.115799,0.007344
NSC,2022-01-26,0.464034,0.004457,0.224004,0.007985
NSC,2019-10-23,0.106057,0.008199,0.132846,0.00733
AES,2019-02-27,0.587404,0.005863,0.19395,0.009142
AES,2020-02-28,0.543444,0.00586,0.246823,0.006612
AES,2019-08-06,0.530306,0.005111,0.172201,0.005037
AES,2019-11-06,0.452645,0.005074,0.176182,0.007549
AES,2019-05-07,0.497744,0.006415,0.218639,0.010629
AES,2021-02-25,0.439001,0.005376,0.210545,0.00567
AES,2021-08-05,0.615633,0.005506,0.123162,0.008197
AES,2018-11-06,0.524257,0.004919,0.223384,0.00898
AES,2021-11-04,0.493069,0.00827,0.167091,0.006045
AES,2021-05-06,0.456638,0.00586,0.167149,0.006795
AES,2018-08-07,0.492454,0.005721,0.165606,0.011429
MRVL,2022-03-03,0.661308,0.00323,0.281761,0.009426
MRVL,2022-05-26,0.586835,0.005396,0.239366,0.007915
MRVL,2020-03-04,0.268793,0.007708,0.246422,0.006544
MRVL,2021-08-26,0.3889,0.00844,0.28219,0.007925
MRVL,2019-03-07,0.052911,0.009163,0.150224,0.006869
MRVL,2022-08-25,0.398534,0.005006,0.234169,0.008219
MRVL,2023-05-25,0.233096,0.006201,0.159968,0.007728
MRVL,2024-03-07,0.254094,0.005305,0.194743,0.004827
MRVL,2018-12-04,0.414115,0.009243,0.120545,0.00549
MRVL,2020-12-03,0.380547,0.008595,0.348708,0.009137
MRVL,2023-11-30,0.091462,0.005648,0.149391,0.007
MRVL,2019-12-03,0.27794,0.008237,0.285997,0.006689
MRVL,2021-06-07,0.445882,0.00713,0.276311,0.006602
MRVL,2019-08-29,0.299816,0.007724,0.151103,0.008457
MRVL,2023-03-02,0.001258,0.007224,0.084033,0.007857
MRVL,2023-08-24,0.115026,0.003775,0.149132,0.00737
MRVL,2019-05-30,0.255111,0.009201,0.163772,0.008019
MRVL,2020-08-27,0.418905,0.008822,0.202365,0.007276
MRVL,2024-05-30,0.20315,0.007438,0.21511,0.004851
MRVL,2021-12-02,0.558144,0.0048,0.291262,0.006281
MRVL,2021-03-03,0.295892,0.007449,0.247733,0.007229
MRVL,2018-09-06,0.2017,0.008053,0.232414,0.005469
MRVL,2024-08-29,0.292435,0.010539,0.288316,0.007551
MRVL,2022-12-01,0.10551,0.007451,0.106225,0.010188
PKG,2021-10-26,0.386992,0.005025,0.036086,0.013636
PKG,2019-07-25,-0.013695,0.003604,0.019385,0.009109
PKG,2018-10-24,0.120818,0.003342,0.11049,0.01072
PKG,2019-04-25,0.121721,0.001994,0.011192,0.008042
PKG,2019-01-29,0.113572,0.00488,0.147954,0.008997
PKG,2019-10-24,-0.07018,0.004573,0.122566,0.010538
PKG,2020-01-30,-0.029801,0.005976,0.105601,0.007463
PKG,2020-10-27,0.01521,0.005717,0.111429,0.011474
PKG,2021-07-27,0.24892,0.003488,0.14306,0.009084
PKG,2020-04-28,-0.176941,0.00954,0.083543,0.010738
PKG,2020-07-29,-0.053448,0.00705,0.090976,0.011502
PKG,2021-01-28,0.030462,0.00613,0.095439,0.010074
PKG,2021-04-27,0.1315,0.004929,0.130107,0.008712
EXPE,2018-10-25,0.524,0.006363,0.148971,0.006171
EXPE,2020-05-20,0.21993,0.008109,0.288729,0.011754
EXPE,2019-02-07,0.55869,0.006443,0.157209,0.00519
EXPE,2022-08-04,0.418902,0.007837,0.255274,0.009211
EXPE,2019-05-02,0.30219,0.005933,0.30305,0.004083
EXPE,2020-02-13,0.165789,0.011406,0.081621,0.007731
EXPE,2019-07-25,0.598228,0.006326,0.273182,0.006768
EXPE,2020-07-30,0.289874,0.007455,0.134091,0.00873
EXPE,2021-02-11,0.170685,0.007664,0.23649,0.008704
EXPE,2020-11-04,0.20008,0.007771,0.191833,0.008548
EXPE,2024-05-02,0.32624,0.006489,0.261952,0.005133
EXPE,2023-05-04,0.605699,0.009254,0.261227,0.005031
EXPE,2022-11-03,0.34809,0.007252,0.25949,0.007852
EXPE,2019-11-06,0.231066,0.006047,0.249277,0.005148
EXPE,2024-02-08,0.503802,0.008586,0.208813,0.005543
EXPE,2021-08-05,0.323041,0.012437,0.237055,0.009302
EXPE,2023-08-03,0.594742,0.007094,0.243376,0.007357
EXPE,2023-02-09,0.471996,0.007,0.297696,0.007787
EXPE,2024-08-08,0.562651,0.007623,0.191391,0.006894
EXPE,2021-11-04,0.316667,0.00995,0.244714,0.005851
EXPE,2021-05-06,0.319564,0.010791,0.290319,0.008
EXPE,2023-11-02,0.473789,0.007684,0.201628,0.00921
HUM,2021-04-28,0.363272,0.008962,0.145841,0.00908
HUM,2019-02-06,0.339657,0.007533,0.147603,0.008913
HUM,2020-11-03,0.278566,0.011722,0.208604,0.0102
HUM,2020-02-05,0.533019,0.008094,0.156519,0.007221
HUM,2021-07-28,0.329521,0.014229,0.088207,0.009477
HUM,2017-11-08,0.408672,0.009458,0.116076,0.007332
HUM,2020-08-05,0.373762,0.010603,0.190092,0.009678
HUM,2019-11-06,0.322002,0.010597,0.164616,0.00982
HUM,2021-11-03,0.223721,0.013035,0.169408,0.009102
HUM,2020-04-29,0.2223,0.012522,0.155168,0.010826
HUM,2018-08-01,0.289242,0.007878,0.216414,0.008838
HUM,2019-05-01,0.356102,0.010116,0.272062,0.009661
HUM,2021-02-03,0.202681,0.011919,0.120529,0.009498
HUM,2018-11-07,0.261131,0.00784,0.199402,0.009586
HUM,2019-07-31,0.522991,0.006885,0.222799,0.010019
STT,2020-04-17,-0.004983,0.012522,0.103164,0.012192
STT,2018-10-19,0.461211,0.005227,0.074655,0.008144
STT,2021-07-16,0.489222,0.006201,0.200735,0.006028
STT,2019-01-18,0.171802,0.006023,0.122802,0.009607
CHRS,2019-08-01,0.485444,0.008307,0.120144,0.011687
CHRS,2022-08-04,0.413374,0.005806,0.176812,0.00466
CHRS,2019-05-09,0.144638,0.006603,0.179258,0.010638
CHRS,2019-11-06,0.199376,0.009492,0.209209,0.015451
CHRS,2021-08-05,0.202247,0.01109,0.183608,0.012181
CHRS,2021-05-06,0.341487,0.011637,0.15236,0.011026
CHRS,2021-11-08,0.172151,0.005405,0.218424,0.007316
CHRS,2022-05-05,0.233603,0.008682,0.197925,0.010902
CHRS,2022-02-17,0.367221,0.007338,0.14039,0.007612
CPLP,2020-07-31,0.161939,0.012531,0.062401,0.012152
CPLP,2020-11-02,0.194746,0.012127,0.201557,0.010806
CPLP,2021-04-29,0.206603,0.011913,0.183862,0.011301
CPLP,2020-02-05,0.159078,0.008391,0.149566,0.007397
CPLP,2020-05-06,-0.048551,0.011345,0.114084,0.014505
CPLP,2019-05-13,0.010534,0.011909,0.094128,0.008267
CPLP,2021-01-29,0.252486,0.009246,0.16294,0.012247
CPLP,2021-11-05,0.404671,0.008094,0.188089,0.006728
CPLP,2019-07-31,-0.016746,0.007349,0.238171,0.005045
ADAP,2019-08-01,0.296898,0.007313,0.122703,0.010118
ADAP,2020-11-06,0.317427,0.004625,0.149042,0.009167
ADAP,2020-08-06,0.277813,0.007785,0.122838,0.007446
ADAP,2021-08-09,0.251536,0.005574,0.137235,0.012072
ADAP,2020-05-14,0.32331,0.007188,0.179061,0.006309
ADAP,2021-11-04,0.423957,0.003984,0.130282,0.007316
CGNX,2018-10-29,-0.051935,0.008255,0.066199,0.008579
CGNX,2019-07-29,-0.281005,0.01273,0.107295,0.007302
CGNX,2020-02-13,0.096088,0.011807,0.147397,0.006953
CGNX,2018-04-30,0.164292,0.010297,0.14673,0.007911
CGNX,2021-02-11,0.200639,0.008761,0.230358,0.010858
CGNX,2024-05-02,0.124757,0.006361,0.228131,0.00872
CGNX,2020-04-27,0.080661,0.01039,0.079718,0.010991
CGNX,2023-05-04,0.006194,0.006762,0.159478,0.008954
CGNX,2022-11-03,0.189431,0.010036,0.098704,0.010158
CGNX,2024-08-01,0.053409,0.004819,0.140381,0.009249
CGNX,2023-02-16,0.246542,0.009612,0.163317,0.008133
CGNX,2023-10-31,0.068957,0.010446,0.162546,0.007213
CGNX,2019-04-29,-0.041054,0.010753,0.034395,0.012951
CGNX,2020-10-28,0.349575,0.009152,0.162473,0.007822
CGNX,2019-10-28,0.014027,0.011268,0.081998,0.00965
CGNX,2019-02-14,0.040675,0.00891,0.119863,0.007797
CGNX,2021-08-05,0.364732,0.009166,0.205132,0.011759
CGNX,2023-08-03,-0.133334,0.009346,0.121784,0.009705
CGNX,2021-11-04,0.197518,0.011091,0.192392,0.008341
CGNX,2021-05-06,0.364848,0.010324,0.101079,0.010731
CGNX,2024-02-15,-0.025599,0.008368,0.205875,0.008224
FOSL,2020-08-12,0.242287,0.008503,0.14786,0.021938
FOSL,2019-05-08,-0.186938,0.007805,0.117343,0.005705
FOSL,2019-11-06,-0.178518,0.00978,0.228007,0.006449
FOSL,2020-06-03,0.170059,0.01174,0.049708,0.0
FOSL,2019-02-13,0.047016,0.005573,0.128353,0.005532
CCI,2021-07-22,0.487025,0.014072,0.164317,0.008675
CCI,2019-04-18,0.593318,0.01275,0.149358,0.010307
CCI,2022-07-21,0.562529,0.014569,0.190907,0.010656
CCI,2019-10-17,0.536153,0.015632,0.166801,0.011502
CCI,2020-07-30,0.431586,0.019006,0.174967,0.008264
CCI,2022-04-21,0.578254,0.01619,0.199995,0.008173
CCI,2019-07-18,0.483883,0.01588,0.199246,0.009002
CCI,2021-04-22,0.627186,0.020795,0.210084,0.006791
CCI,2020-04-30,0.422544,0.018208,0.148353,0.009726
CCI,2018-10-18,0.661837,0.016186,0.214685,0.010545
CCI,2021-10-21,0.651382,0.015538,0.184872,0.008066
CCI,2023-01-26,0.540898,0.012332,0.210557,0.008043
CCI,2023-07-20,0.286324,0.0107,0.090023,0.009015
CCI,2018-04-19,0.658032,0.012389,0.139922,0.009482
CCI,2019-01-24,0.528476,0.015817,0.173501,0.010318
CCI,2022-10-20,0.60466,0.016087,0.144434,0.005467
CCI,2018-07-19,0.608525,0.012008,0.238199,0.008579
CCI,2023-10-19,0.495438,0.008532,0.196326,0.008247
CCI,2022-01-27,0.515043,0.013148,0.16569,0.006544
CCI,2021-01-28,0.447176,0.015599,0.139166,0.007764
CCI,2024-01-25,0.319447,0.006128,0.169978,0.01058
CCI,2020-02-27,0.534317,0.019975,0.145421,0.008201
DNUT,2022-02-22,0.649325,0.005373,0.265306,0.009072
DNUT,2022-05-11,0.565671,0.005176,0.220654,0.004295
DNUT,2024-05-09,0.493743,0.008418,0.24429,0.007616
DNUT,2022-11-15,0.394687,0.006811,0.248591,0.006833
DNUT,2023-08-10,0.514275,0.003857,0.172249,0.008143
DNUT,2023-11-09,0.561993,0.00497,0.309087,0.007118
DNUT,2023-02-15,0.460658,0.007876,0.226679,0.007196
DNUT,2023-05-11,0.604532,0.005355,0.235375,0.006288
DNUT,2024-02-13,0.537132,0.006031,0.242089,0.006881
DNUT,2022-08-17,0.34549,0.006334,0.202059,0.004354
DNUT,2021-11-09,0.58218,0.00319,0.273395,0.00869
DNUT,2024-08-08,0.537266,0.005069,0.361265,0.003975
AZPN,2022-08-08,0.477547,0.007425,0.188995,0.010439
ESLT,2020-03-25,0.272268,0.002609,0.232348,0.015099
ESLT,2021-05-25,0.20944,0.002278,0.178549,0.006485
ESLT,2022-03-29,0.256487,0.00595,0.198014,0.01196
ESLT,2020-11-24,0.292258,0.002412,0.250222,0.008772
ESLT,2020-05-26,0.353481,0.0049,0.174238,0.015398
ESLT,2020-08-13,0.252937,0.002185,0.254455,0.006939
ESLT,2019-11-26,0.298896,0.001117,0.104577,0.009901
ESLT,2022-08-16,0.356978,0.005282,0.223768,0.004409
ESLT,2021-11-23,0.39457,0.004489,0.299647,0.010026
ESLT,2018-08-16,0.204744,0.002767,0.168756,0.012541
ESLT,2021-03-24,0.191501,0.004018,0.232027,0.01033
ESLT,2019-03-19,0.080555,0.001496,0.061957,0.01467
ESLT,2019-08-15,0.314978,0.002261,0.10986,0.006768
ESLT,2022-05-24,0.335131,0.004701,0.344925,0.005031
ESLT,2021-08-12,0.278679,0.002216,0.318513,0.009143
ESLT,2018-03-20,0.313121,0.003146,0.22754,0.008537
STZ,2024-07-03,0.461418,0.007145,0.338171,0.007368
STZ,2023-01-05,0.523286,0.006107,0.185777,0.0094
STZ,2023-10-05,0.391949,0.00763,0.253952,0.004953
STZ,2024-04-11,0.523063,0.010383,0.297406,0.008965
STZ,2023-06-30,0.540466,0.006851,0.347584,0.010544
STZ,2024-01-05,0.428154,0.007559,0.232097,0.007053
STZ,2022-10-06,0.643319,0.005747,0.314304,0.008628
MSCI,2024-01-30,0.477907,0.008166,0.290771,0.007625
MSCI,2021-10-26,0.508771,0.007967,0.298906,0.006367
MSCI,2019-08-01,0.405452,0.006915,0.187368,0.006656
MSCI,2024-07-23,0.625985,0.013538,0.284436,0.008249
MSCI,2022-10-25,0.491624,0.010616,0.194205,0.010248
MSCI,2019-05-02,0.363113,0.008897,0.217353,0.008939
MSCI,2023-07-25,0.446414,0.008144,0.168095,0.008069
MSCI,2023-01-31,0.42716,0.010414,0.228562,0.008856
MSCI,2019-01-31,0.500108,0.008078,0.155689,0.012727
MSCI,2024-04-23,0.498249,0.011422,0.186845,0.006709
MSCI,2019-10-31,0.481648,0.007081,0.132842,0.009845
MSCI,2023-10-31,0.516599,0.010444,0.186555,0.009201
MSCI,2022-07-26,0.527911,0.008527,0.212199,0.01155
MSCI,2020-01-30,0.414057,0.007477,0.167803,0.006816
MSCI,2020-10-27,0.559205,0.009836,0.187214,0.010083
MSCI,2021-07-27,0.471805,0.008287,0.168947,0.008183
MSCI,2020-04-28,0.298792,0.013403,0.092479,0.011478
MSCI,2018-11-01,0.555428,0.009903,0.25865,0.00699
MSCI,2022-01-27,0.526299,0.012447,0.25966,0.010513
MSCI,2020-07-28,0.401927,0.01162,0.180029,0.007565
MSCI,2021-01-28,0.520562,0.008618,0.182353,0.009787
MSCI,2021-04-27,0.585283,0.009318,0.221876,0.007507
ALGM,2022-05-10,0.620889,0.006563,0.297773,0.005942
ALGM,2021-05-05,0.522619,0.00714,0.330443,0.009405
ALGM,2021-07-29,0.496536,0.008835,0.296791,0.007946
ALGM,2022-07-28,0.473271,0.011855,0.279396,0.005988
ALGM,2021-10-28,0.527506,0.00891,0.233049,0.008191
ALGM,2022-02-01,0.478326,0.010008,0.24115,0.005318
GLW,2021-10-26,0.496137,0.004486,0.201798,0.007583
GLW,2021-01-27,0.601807,0.003377,0.194915,0.008076
GLW,2022-04-26,0.52258,0.005304,0.195866,0.009344
GLW,2018-10-23,0.686524,0.002191,0.218761,0.008747
GLW,2022-07-26,0.348998,0.004348,0.154557,0.012668
GLW,2020-01-29,0.386936,0.004391,0.172204,0.00507
GLW,2019-01-29,0.614177,0.002742,0.240664,0.00559
GLW,2019-04-30,0.686961,0.004255,0.274331,0.007336
GLW,2020-10-27,0.476492,0.005491,0.189698,0.007129
GLW,2021-07-27,0.52848,0.003544,0.205351,0.007876
GLW,2020-04-28,0.201792,0.006438,0.16478,0.006624
GLW,2019-10-29,0.383345,0.006005,0.127753,0.005909
GLW,2019-07-30,0.399736,0.005541,0.187263,0.005282
GLW,2018-01-30,0.541207,0.004479,0.188216,0.00693
GLW,2022-01-26,0.520777,0.004631,0.258776,0.006956
GLW,2020-07-28,0.449319,0.006509,0.203618,0.006705
GLW,2021-04-27,0.603015,0.003214,0.308305,0.0076
CVLG,2021-01-26,-0.027472,0.011231,0.144252,0.007701
CVLG,2019-07-25,0.048369,0.011044,0.029428,0.010931
CVLG,2020-01-24,-0.145582,0.009509,0.115862,0.009558
CVLG,2021-10-21,0.366461,0.007252,0.133432,0.009046
CVLG,2022-07-26,0.449444,0.007886,0.073102,0.010133
CVLG,2019-04-26,0.251603,0.008174,0.078392,0.0095
CVLG,2019-01-24,0.507029,0.010239,0.116039,0.007972
CVLG,2022-01-27,0.450874,0.008306,0.164549,0.014099
CVLG,2021-04-27,0.66344,0.010319,0.157415,0.010019
